{
"type": "FeatureCollection",
"name": "fiu_hotspots",
"crs": { "type": "name", "properties": { "name": "urn:ogc:def:crs:OGC:1.3:CRS84" } },
"features": [
{ "type": "Feature", "properties": { "hotspot_id": "fiu_hs_001", "area_m2": 2156.7007544163844, "depth_max_m": 0.9647752046585083, "depth_mean_m": 0.40372121844794934, "building_frac": 0.0, "lots": null, "roads": null }, "geometry": { "type": "Polygon", "coordinates": [ [ [ -80.380448552913521, 25.759409006892955 ], [ -80.380449897152431, 25.759401522359816 ], [ -80.380539131028726, 25.75940749897174 ], [ -80.380540475259892, 25.759400014437354 ], [ -80.380622264398752, 25.759397160331847 ], [ -80.38062360862267, 25.759389675796147 ], [ -80.380641186552452, 25.759392368001848 ], [ -80.380639842329998, 25.759399852537722 ], [ -80.380667553449143, 25.75939640630472 ], [ -80.380670241888978, 25.759381437231887 ], [ -80.380661452924613, 25.759380091131856 ], [ -80.380662797144922, 25.759372606595225 ], [ -80.380636430255592, 25.759368568290828 ], [ -80.380639118699918, 25.759353599217491 ], [ -80.380647907661299, 25.759354945319558 ], [ -80.380651940323858, 25.759332491707848 ], [ -80.380643151364666, 25.759331145606033 ], [ -80.380645839806675, 25.759316176530763 ], [ -80.380637050849217, 25.759314830428366 ], [ -80.380633638779145, 25.759283546172977 ], [ -80.380624849825125, 25.759282200069393 ], [ -80.380618749316483, 25.759265884888119 ], [ -80.380593726685646, 25.759254362032557 ], [ -80.380595070909806, 25.759246877493858 ], [ -80.380603859859818, 25.759248223600128 ], [ -80.380610580973553, 25.759210800903251 ], [ -80.380601792027178, 25.759209454797404 ], [ -80.380604480472527, 25.759194485717444 ], [ -80.380595691527873, 25.759193139611014 ], [ -80.380597035750938, 25.759185655070816 ], [ -80.380605824694854, 25.759187001177178 ], [ -80.380617302081546, 25.759173378201513 ], [ -80.380680168903993, 25.759175316376915 ], [ -80.380681513119569, 25.759167831835232 ], [ -80.38069909100669, 25.759170524032907 ], [ -80.380700435220589, 25.759163039490836 ], [ -80.380735590995144, 25.759168423876819 ], [ -80.380736935205888, 25.759160939334233 ], [ -80.380799802022068, 25.759162877436626 ], [ -80.380821412522323, 25.759143115982397 ], [ -80.380838990408776, 25.759145808156401 ], [ -80.380843023012844, 25.759123354522391 ], [ -80.380851811954301, 25.759124700608016 ], [ -80.380854500354403, 25.759109731517526 ], [ -80.380845711414409, 25.759108385432071 ], [ -80.380848399815036, 25.759093416340981 ], [ -80.380857188753566, 25.759094762426262 ], [ -80.380866598143513, 25.759042370600753 ], [ -80.38085780921007, 25.75904102451603 ], [ -80.380851708674896, 25.75902470933616 ], [ -80.380798975090329, 25.759016632808482 ], [ -80.380800319293343, 25.759009148261466 ], [ -80.380773952506914, 25.759005109987669 ], [ -80.380772608301712, 25.759012594534447 ], [ -80.380737452587283, 25.759007210158451 ], [ -80.38073610837894, 25.759014694704661 ], [ -80.380718530521889, 25.75901200251197 ], [ -80.38071718631187, 25.759019487057827 ], [ -80.380699608454435, 25.759016794861953 ], [ -80.380688131100996, 25.759030417853531 ], [ -80.380679342171504, 25.759029071753538 ], [ -80.38067665374399, 25.759044040843246 ], [ -80.380659075882889, 25.759041348640647 ], [ -80.380657731667327, 25.759048833185073 ], [ -80.380604998086127, 25.759040756558598 ], [ -80.380593520714882, 25.759054379538608 ], [ -80.380558364994727, 25.759048995102127 ], [ -80.380557020770468, 25.759056479645057 ], [ -80.380398820069999, 25.75903224952976 ], [ -80.380397475832396, 25.759039734070971 ], [ -80.380379897980717, 25.759037041820644 ], [ -80.380378553741423, 25.759044526361517 ], [ -80.380290664491952, 25.759031065063663 ], [ -80.38028932024514, 25.759038549603503 ], [ -80.38024537562687, 25.759031818925813 ], [ -80.380244031376179, 25.759039303465023 ], [ -80.380208875683508, 25.759033918908909 ], [ -80.380207531429662, 25.759041403447625 ], [ -80.380118297948201, 25.759035426541264 ], [ -80.38011695368661, 25.759042911078751 ], [ -80.380099375842917, 25.75904021878053 ], [ -80.380087898393242, 25.759053841704148 ], [ -80.3800791094706, 25.759052495552986 ], [ -80.380073732408476, 25.759082433698079 ], [ -80.380082521334018, 25.759083779849558 ], [ -80.380079832803034, 25.759098748921108 ], [ -80.380088621730323, 25.759100095072004 ], [ -80.380080556136249, 25.759145002282462 ], [ -80.380089345068157, 25.759146348433109 ], [ -80.38008396800376, 25.759176286569861 ], [ -80.380107646280706, 25.759195294085963 ], [ -80.380104957750575, 25.759210263152895 ], [ -80.380113746689418, 25.759211609301182 ], [ -80.380108369629355, 25.759241547433025 ], [ -80.380125947513662, 25.759244239727995 ], [ -80.380124603249527, 25.759251724260647 ], [ -80.380159759024281, 25.75925710884183 ], [ -80.380161103285502, 25.759249624308843 ], [ -80.380196259061648, 25.759255008877616 ], [ -80.38020980418014, 25.759280154757288 ], [ -80.380237515278381, 25.75927670863879 ], [ -80.380238859533264, 25.759269224105264 ], [ -80.380247648480051, 25.759270570241867 ], [ -80.380246304225906, 25.759278054775475 ], [ -80.38027267107006, 25.759282093180978 ], [ -80.380271326817876, 25.759289577714657 ], [ -80.380288904716807, 25.759292269981383 ], [ -80.380287560465817, 25.75929975451502 ], [ -80.380305138367277, 25.759302446778872 ], [ -80.380311238820155, 25.759318761976868 ], [ -80.380320027773024, 25.75932010810708 ], [ -80.380315995026109, 25.759342561706653 ], [ -80.380324783981436, 25.759343907836346 ], [ -80.380322095483805, 25.759358876901931 ], [ -80.380330884440852, 25.759360223031045 ], [ -80.380328195943761, 25.759375192096016 ], [ -80.380336984902542, 25.759376538224544 ], [ -80.38033564065438, 25.759384022756805 ], [ -80.380370796495072, 25.759389407263651 ], [ -80.38036945224961, 25.759396891796062 ], [ -80.380448552913521, 25.759409006892955 ] ] ] } },
{ "type": "Feature", "properties": { "hotspot_id": "fiu_hs_002", "area_m2": 7137.1695812293356, "depth_max_m": 0.83809995651245117, "depth_mean_m": 0.35633024443150724, "building_frac": 0.0096623035955410181, "lots": null, "roads": null }, "geometry": { "type": "Polygon", "coordinates": [ [ [ -80.371739541065054, 25.75812088566715 ], [ -80.371740886026956, 25.758113401217358 ], [ -80.371780075706823, 25.758096335330347 ], [ -80.371782765622754, 25.75808136642835 ], [ -80.371811821628469, 25.758070438114281 ], [ -80.37181451153819, 25.758055469210213 ], [ -80.371798279103004, 25.75804529103333 ], [ -80.371800969014274, 25.758030322128434 ], [ -80.371819891354875, 25.758025531399753 ], [ -80.371818546401045, 25.758033015852675 ], [ -80.37183612378891, 25.758035709573868 ], [ -80.371834778836316, 25.758043194026747 ], [ -80.371852356226711, 25.758045887745098 ], [ -80.371853701177855, 25.758038403292058 ], [ -80.371892890802286, 25.758021337358031 ], [ -80.371889481899558, 25.757990052685145 ], [ -80.37191853786176, 25.757979124337794 ], [ -80.371921227750477, 25.757964155426631 ], [ -80.371956382505999, 25.757969542832111 ], [ -80.371959072387966, 25.757954573919509 ], [ -80.371986783391534, 25.75795113000833 ], [ -80.371989473267746, 25.757936161094047 ], [ -80.371998261954474, 25.757937507940834 ], [ -80.371992882204026, 25.757967445768948 ], [ -80.372001670893923, 25.757968792615316 ], [ -80.371998981018791, 25.757983761528344 ], [ -80.371990192327416, 25.75798241468182 ], [ -80.371988847388778, 25.757989899137986 ], [ -80.371962481314128, 25.757985858593585 ], [ -80.371959791431777, 25.758000827504798 ], [ -80.37191046819008, 25.758024031066629 ], [ -80.371907778297697, 25.758038999974683 ], [ -80.371898989602201, 25.75803765312061 ], [ -80.37190508840439, 25.758053968881978 ], [ -80.371913877101605, 25.758055315735479 ], [ -80.371907152367967, 25.758092738000681 ], [ -80.371915941069105, 25.758094084853838 ], [ -80.371914596122409, 25.758101569306369 ], [ -80.371968673281586, 25.758102165956895 ], [ -80.371971363165528, 25.758087197050237 ], [ -80.371980151867092, 25.75808854389793 ], [ -80.37198149680799, 25.758081059444223 ], [ -80.372007862912128, 25.758085099982548 ], [ -80.372010552788865, 25.758070131074046 ], [ -80.372028130190046, 25.758072824762138 ], [ -80.372059876029994, 25.758046927467618 ], [ -80.372077453428048, 25.758049621147475 ], [ -80.372080143291825, 25.758034652235494 ], [ -80.372097720688046, 25.758037345912005 ], [ -80.372129466494627, 25.75801144859312 ], [ -80.372155832584667, 25.758015489094401 ], [ -80.372157177509465, 25.758008004636661 ], [ -80.372176099825808, 25.758003213842152 ], [ -80.3721828244379, 25.757965791548791 ], [ -80.37217403574553, 25.757964444717885 ], [ -80.37217807051222, 25.757941991339795 ], [ -80.372186859202415, 25.757943338170449 ], [ -80.372189549044279, 25.757928369250578 ], [ -80.372180760355533, 25.757927022420088 ], [ -80.372191519719635, 25.757867146733503 ], [ -80.372210442003748, 25.757862355930527 ], [ -80.372204343158103, 25.757846040177402 ], [ -80.372221920520346, 25.75784873383429 ], [ -80.37221788576916, 25.757871187220729 ], [ -80.372226674452889, 25.757872534048293 ], [ -80.372223984619069, 25.757887502971755 ], [ -80.372232773304518, 25.757888849798732 ], [ -80.372230083471237, 25.757903818721601 ], [ -80.37223887215842, 25.757905165547974 ], [ -80.372232147574863, 25.757942587852167 ], [ -80.372248380041356, 25.757952765963907 ], [ -80.372245690208786, 25.757967734884168 ], [ -80.372276810243832, 25.757995575558656 ], [ -80.372275465329423, 25.75800306001825 ], [ -80.372311965033759, 25.758000962842118 ], [ -80.372318063910186, 25.758017278580908 ], [ -80.372414739623764, 25.758032093541548 ], [ -80.372448987725761, 25.757791243893969 ], [ -80.372440199046778, 25.757789897085047 ], [ -80.372442888840723, 25.75777492815131 ], [ -80.37243410016346, 25.757773581341795 ], [ -80.372438134854846, 25.757751127939954 ], [ -80.372457057100476, 25.757746337089891 ], [ -80.3724597468902, 25.757731368153664 ], [ -80.372505035150922, 25.757730617714778 ], [ -80.372506380041571, 25.757723133245758 ], [ -80.372532746062362, 25.757727173654139 ], [ -80.37253409095058, 25.757719689184686 ], [ -80.372604400345324, 25.757730463573129 ], [ -80.372605745227503, 25.757722979102802 ], [ -80.372667265956963, 25.757732406652398 ], [ -80.372668610833813, 25.757724922181296 ], [ -80.372686188186066, 25.757727615759919 ], [ -80.372688877936142, 25.757712646816806 ], [ -80.372680089261337, 25.757711300028038 ], [ -80.372685468761659, 25.75768136213981 ], [ -80.372676680090038, 25.757680015350619 ], [ -80.372686094211872, 25.757627624039326 ], [ -80.372694882878392, 25.75762897082793 ], [ -80.372696227751291, 25.757621486354022 ], [ -80.372713805083663, 25.757624179928815 ], [ -80.372735417025709, 25.757604420076696 ], [ -80.372778015487469, 25.757618638466869 ], [ -80.372779360353135, 25.757611153991633 ], [ -80.37279693768599, 25.757613847552296 ], [ -80.372798282549951, 25.757606363076711 ], [ -80.372824648549084, 25.757610403411821 ], [ -80.372820613963057, 25.757632856838743 ], [ -80.372829402632163, 25.757634203615847 ], [ -80.372832092354955, 25.757619234664574 ], [ -80.372840881022867, 25.757620581440754 ], [ -80.372843570743285, 25.757605612488529 ], [ -80.372852359410004, 25.757606959263775 ], [ -80.372853704269133, 25.757599474787316 ], [ -80.372980780166827, 25.757595876126235 ], [ -80.373012525553108, 25.757569978498836 ], [ -80.373049025059728, 25.757567881058439 ], [ -80.373050369901506, 25.757560396578462 ], [ -80.373069292072572, 25.757555605612943 ], [ -80.373077361108216, 25.757510698726843 ], [ -80.373086149769023, 25.757512045482535 ], [ -80.373087494606764, 25.757504561000765 ], [ -80.373111170917284, 25.757523570226915 ], [ -80.37310848124504, 25.757538539190005 ], [ -80.373117269909088, 25.757539885942922 ], [ -80.373118614744627, 25.75753240146139 ], [ -80.373190268890539, 25.757535690974446 ], [ -80.373191613719769, 25.757528206491848 ], [ -80.373230802856185, 25.75751114002086 ], [ -80.3732402166291, 25.757458748630949 ], [ -80.373266582604231, 25.757462788854689 ], [ -80.373267927425829, 25.75745530436939 ], [ -80.373232772795788, 25.757449917403214 ], [ -80.373234117620072, 25.757442432918037 ], [ -80.373242906276445, 25.757443779660637 ], [ -80.373244251099777, 25.757436295175211 ], [ -80.373235462444129, 25.757434948432685 ], [ -80.373240841738053, 25.757405010489311 ], [ -80.373258419043793, 25.757407703972916 ], [ -80.373259763865249, 25.757400219486438 ], [ -80.373250975212969, 25.757398872745089 ], [ -80.373252320034922, 25.757391388258483 ], [ -80.37320837678125, 25.757384654540864 ], [ -80.373209721606599, 25.757377170054461 ], [ -80.37319214430849, 25.75737447656228 ], [ -80.373193489135076, 25.75736699207588 ], [ -80.373175911839482, 25.757364298580836 ], [ -80.373174567011432, 25.757371783067079 ], [ -80.373123179959194, 25.75735621807755 ], [ -80.373121835126767, 25.757363702563307 ], [ -80.373104257834044, 25.757361009055984 ], [ -80.37310560266792, 25.757353524570416 ], [ -80.373096814022688, 25.757352177815694 ], [ -80.373099503691236, 25.757337208844124 ], [ -80.373090715047709, 25.757335862088823 ], [ -80.373093404716798, 25.757320893116631 ], [ -80.373084616075019, 25.757319546360751 ], [ -80.373078517104574, 25.757303230631464 ], [ -80.373033229069321, 25.757303981323751 ], [ -80.373034573908384, 25.757296496837732 ], [ -80.373008207993905, 25.75729245655242 ], [ -80.372996729672082, 25.757306078760294 ], [ -80.372970363756465, 25.757302038465411 ], [ -80.372969018911832, 25.75730952295045 ], [ -80.372960230273108, 25.757308176183898 ], [ -80.3729548508894, 25.757338114121737 ], [ -80.372946062248019, 25.757336767354097 ], [ -80.37294471740077, 25.757344251837996 ], [ -80.372927140117383, 25.757341558300265 ], [ -80.372921041174692, 25.757325242562779 ], [ -80.372884541765941, 25.757327339959392 ], [ -80.37287844283216, 25.757311024218666 ], [ -80.372852076920495, 25.757306983893521 ], [ -80.372840598572552, 25.757320606083358 ], [ -80.372831809934681, 25.757319259305881 ], [ -80.372827775363874, 25.757341712753743 ], [ -80.372818986724084, 25.757340365975264 ], [ -80.372816297007617, 25.757355334939355 ], [ -80.372807508366634, 25.757353988159959 ], [ -80.37280616350732, 25.757361472641652 ], [ -80.372788586224729, 25.757358779080398 ], [ -80.372787241363739, 25.75736626356171 ], [ -80.372778452722102, 25.757364916779871 ], [ -80.372779797583846, 25.757357432298647 ], [ -80.372771008943218, 25.757356085516125 ], [ -80.372769664080749, 25.757363569997271 ], [ -80.37273450951804, 25.757358182859338 ], [ -80.372737199248547, 25.757343213897485 ], [ -80.372720966838102, 25.757333035843274 ], [ -80.372726346301292, 25.757303097917166 ], [ -80.372717557666931, 25.757301751129848 ], [ -80.372721592264099, 25.757279297683485 ], [ -80.372712803632197, 25.757277950895663 ], [ -80.37271549336397, 25.757262981930594 ], [ -80.372696571236645, 25.757267772835498 ], [ -80.372693881501519, 25.757282741799827 ], [ -80.372685092869702, 25.757281395009667 ], [ -80.372683748001052, 25.757288879491462 ], [ -80.372647248601737, 25.757290976804143 ], [ -80.372645903729733, 25.757298461285224 ], [ -80.372610749200703, 25.757293074103885 ], [ -80.372612094075635, 25.757285589623134 ], [ -80.37260330544477, 25.757284242826003 ], [ -80.372607340070374, 25.757261789382873 ], [ -80.372598551441968, 25.757260442585224 ], [ -80.372605275817023, 25.757223020176522 ], [ -80.372589043444108, 25.757212842097651 ], [ -80.37259173319498, 25.757197873132743 ], [ -80.37258294457321, 25.757196526333487 ], [ -80.3725768457046, 25.757180210568141 ], [ -80.372559268465352, 25.757177516966181 ], [ -80.372560613342898, 25.75717003248338 ], [ -80.372490304402504, 25.757159258045963 ], [ -80.372461342500443, 25.75727017844822 ], [ -80.372382244867168, 25.757258057130262 ], [ -80.372383589761057, 25.757250572651671 ], [ -80.372366012513638, 25.757247879017307 ], [ -80.372367357408748, 25.757240394538705 ], [ -80.372340991541847, 25.757236354081734 ], [ -80.372334892715429, 25.757220038304091 ], [ -80.372273372380832, 25.757210610540554 ], [ -80.372261893955667, 25.757224232669962 ], [ -80.372242971811957, 25.757229023492041 ], [ -80.372240282000647, 25.757243992446341 ], [ -80.372231493379658, 25.757242645617264 ], [ -80.37222745865877, 25.757265099047018 ], [ -80.372236247281947, 25.757266445876343 ], [ -80.372234902375268, 25.757273930352632 ], [ -80.372226113751353, 25.757272583523228 ], [ -80.372211319754626, 25.757354912748553 ], [ -80.37220253112298, 25.757353565917477 ], [ -80.372199215554843, 25.757422273006327 ], [ -80.372180293365005, 25.757427063813882 ], [ -80.372174194555228, 25.757410748036538 ], [ -80.372130251374585, 25.757404013858935 ], [ -80.372128906456737, 25.757411498330576 ], [ -80.372111329184918, 25.75740880465408 ], [ -80.372109984265393, 25.757416289125366 ], [ -80.372101195629156, 25.757414942285887 ], [ -80.37209850578796, 25.757429911227714 ], [ -80.37208971715053, 25.757428564387329 ], [ -80.372087027306961, 25.7574435333282 ], [ -80.372078238668351, 25.757442186486887 ], [ -80.372078957770754, 25.757488440146147 ], [ -80.372070169127767, 25.757487093304334 ], [ -80.372068824203538, 25.757494577773244 ], [ -80.37202353606088, 25.757495328020706 ], [ -80.372009993563523, 25.757470180921985 ], [ -80.371941029384971, 25.757451921650549 ], [ -80.371939684450268, 25.757459406118585 ], [ -80.371903184962264, 25.75746150316623 ], [ -80.371891706446817, 25.757475125243591 ], [ -80.371872784228799, 25.757479915993805 ], [ -80.371876193105749, 25.757511200717591 ], [ -80.371892425451179, 25.757521378899341 ], [ -80.371889735571116, 25.757536347830658 ], [ -80.371898524216277, 25.757537694687674 ], [ -80.371899243224746, 25.757583948334265 ], [ -80.37190803187481, 25.757585295190271 ], [ -80.371905341995443, 25.757600264118981 ], [ -80.371921574360741, 25.75761044229327 ], [ -80.371920229421931, 25.757617926757327 ], [ -80.371911440768415, 25.757616579902503 ], [ -80.371908750888679, 25.757631548829824 ], [ -80.371932426978134, 25.757650558319561 ], [ -80.371929737100928, 25.757665527245834 ], [ -80.371938525759631, 25.75766687409887 ], [ -80.371937180821433, 25.757674358561808 ], [ -80.371945969481132, 25.75767570541419 ], [ -80.371947314418605, 25.757668220951164 ], [ -80.371973680397133, 25.757672261503505 ], [ -80.371975025332219, 25.757664777040056 ], [ -80.372010179971113, 25.757670164432234 ], [ -80.372011524903044, 25.757662679968245 ], [ -80.372029102222655, 25.757665373659638 ], [ -80.372035201023166, 25.75768168943247 ], [ -80.372098066587256, 25.757683632859763 ], [ -80.372096721662388, 25.757691117324374 ], [ -80.372105510326222, 25.757692464163046 ], [ -80.372100130627373, 25.75772240201993 ], [ -80.372063631033839, 25.757724499122752 ], [ -80.372060941176741, 25.75773946804896 ], [ -80.372103539594804, 25.757753686712224 ], [ -80.372096814965133, 25.757791109025465 ], [ -80.37202516065166, 25.757787818753709 ], [ -80.372023815718975, 25.757795303214913 ], [ -80.371979872357329, 25.757788568981269 ], [ -80.371978527420765, 25.757796053441858 ], [ -80.371908218050308, 25.757785278628052 ], [ -80.37190687310769, 25.757792763087775 ], [ -80.371889295766323, 25.75779006937659 ], [ -80.371887950822014, 25.75779755383596 ], [ -80.371816296511128, 25.757794263418845 ], [ -80.371814951560523, 25.757801747877153 ], [ -80.371797374220165, 25.757799054150336 ], [ -80.371796029267884, 25.757806538608314 ], [ -80.371778451927156, 25.757803844878318 ], [ -80.371746706092111, 25.757829742105887 ], [ -80.371717650157962, 25.757840670409859 ], [ -80.371713615278125, 25.757863123777092 ], [ -80.371722403953314, 25.75786447064775 ], [ -80.371714334191822, 25.757909377377462 ], [ -80.371705545512256, 25.75790803050629 ], [ -80.371700165663782, 25.757937968321858 ], [ -80.371681243335502, 25.757942759029863 ], [ -80.371671828579991, 25.757995150197125 ], [ -80.37166303989251, 25.757993803322702 ], [ -80.37165900499167, 25.758016256676925 ], [ -80.371640082644277, 25.758021047376143 ], [ -80.371638737675184, 25.758028531826824 ], [ -80.371647526365763, 25.758029878703166 ], [ -80.371644836428345, 25.758044847604083 ], [ -80.371653625120658, 25.758046194479846 ], [ -80.37165093518378, 25.758061163380138 ], [ -80.371659723877826, 25.758062510255307 ], [ -80.371654344004227, 25.758092448053894 ], [ -80.371670576431441, 25.758102626251969 ], [ -80.371669231463699, 25.7581101107011 ], [ -80.371713174962522, 25.758116845060563 ], [ -80.371714519926613, 25.758109360611012 ], [ -80.371723308626471, 25.758110707480554 ], [ -80.371721963663092, 25.758118191930194 ], [ -80.371739541065054, 25.75812088566715 ] ] ] } },
{ "type": "Feature", "properties": { "hotspot_id": "fiu_hs_003", "area_m2": 7674.2789645135499, "depth_max_m": 0.79626262187957764, "depth_mean_m": 0.26844910671679229, "building_frac": 0.0, "lots": null, "roads": null }, "geometry": { "type": "Polygon", "coordinates": [ [ [ -80.380655773602001, 25.757148993164844 ], [ -80.38065711778863, 25.757141508575582 ], [ -80.380683484009808, 25.757145546903075 ], [ -80.380694961117484, 25.757131923830975 ], [ -80.380722671518356, 25.757128477558457 ], [ -80.380739525333979, 25.75708491611574 ], [ -80.380748314069706, 25.757086262218859 ], [ -80.380752346602335, 25.757063808442442 ], [ -80.38076113533613, 25.757065154544552 ], [ -80.380763823688611, 25.757050185359134 ], [ -80.380772612421239, 25.757051531460341 ], [ -80.380777989120517, 25.757021593086819 ], [ -80.380786777850489, 25.757022939186918 ], [ -80.380789466197299, 25.757007969998845 ], [ -80.380798254926077, 25.757009316098042 ], [ -80.380806319956648, 25.756964408528621 ], [ -80.380815108681318, 25.756965754626549 ], [ -80.380829274082885, 25.756937162339554 ], [ -80.380838062805182, 25.756938508435645 ], [ -80.380842095308068, 25.756916054645242 ], [ -80.380850884028447, 25.75691740074031 ], [ -80.380857604858335, 25.756879977751982 ], [ -80.380866393575346, 25.756881323845889 ], [ -80.380885935596865, 25.756822793146309 ], [ -80.380894724308575, 25.756824139238027 ], [ -80.380898756791709, 25.756801685437306 ], [ -80.380907545501501, 25.756803031528037 ], [ -80.380914266298475, 25.756765608522489 ], [ -80.380923055004899, 25.756766954612054 ], [ -80.380927087478156, 25.756744500806153 ], [ -80.380935876182662, 25.756745846894702 ], [ -80.380941252807531, 25.756715908483798 ], [ -80.380950041509379, 25.756717254571246 ], [ -80.380952729819001, 25.756702285364444 ], [ -80.380961518519669, 25.756703631450975 ], [ -80.380966895133199, 25.756673693034724 ], [ -80.380975683831224, 25.756675039120189 ], [ -80.380978372135161, 25.756660069910744 ], [ -80.380987160831992, 25.756661415995271 ], [ -80.380991193284004, 25.756638962179355 ], [ -80.381010114822857, 25.756634169739815 ], [ -80.381024280107368, 25.756605577396034 ], [ -80.381033068799468, 25.75660692347688 ], [ -80.381038445382657, 25.756576985047769 ], [ -80.381029656693485, 25.756575638967266 ], [ -80.381035033275936, 25.756545700535348 ], [ -80.381026244589961, 25.75654435445443 ], [ -80.381027588735734, 25.756536869846027 ], [ -80.381056643078779, 25.756525938868478 ], [ -80.381060675506774, 25.756503485040252 ], [ -80.381051886824622, 25.756502138961327 ], [ -80.381054575110269, 25.756487169741728 ], [ -80.381036997749689, 25.756484477581949 ], [ -80.381038341893614, 25.756476992972004 ], [ -80.380959243790926, 25.756464878216324 ], [ -80.380960587941189, 25.75645739360694 ], [ -80.380979509442582, 25.756452601170242 ], [ -80.381001119234995, 25.756432839509237 ], [ -80.381009907909416, 25.756434185592788 ], [ -80.381008563763714, 25.756441670203362 ], [ -80.381034929790815, 25.756445708449725 ], [ -80.381036273934342, 25.756438223838892 ], [ -80.381090350130364, 25.756438815699187 ], [ -80.38109169426906, 25.756431331087466 ], [ -80.381126848973352, 25.756436715386215 ], [ -80.381128193108893, 25.756429230773978 ], [ -80.381164691946978, 25.756427130447545 ], [ -80.381166036079151, 25.756419645834576 ], [ -80.381218768137046, 25.756427722240357 ], [ -80.3812201122646, 25.75642023762671 ], [ -80.381246478295012, 25.756424275819146 ], [ -80.38124782242015, 25.756416791205044 ], [ -80.381265399773639, 25.756419483329385 ], [ -80.3812667438971, 25.756411998714949 ], [ -80.381285665371976, 25.75640720622129 ], [ -80.381289697735937, 25.756384752375677 ], [ -80.381307275084282, 25.756387444493118 ], [ -80.381308619203693, 25.756379959877364 ], [ -80.381317407877546, 25.756381305934887 ], [ -80.381320096114194, 25.75636633670263 ], [ -80.381328884786853, 25.756367682759208 ], [ -80.381330228904105, 25.756360198142705 ], [ -80.381313995678994, 25.756350021412395 ], [ -80.38131802803305, 25.75632756756163 ], [ -80.381309239364569, 25.756326221503947 ], [ -80.381310583482858, 25.756318736886715 ], [ -80.381319372150614, 25.756320082944328 ], [ -80.38132071626795, 25.756312598326812 ], [ -80.381311927600933, 25.756311252269278 ], [ -80.381314615836374, 25.756296283033862 ], [ -80.381305827171076, 25.756294936975742 ], [ -80.381307171289166, 25.756287452357824 ], [ -80.381315959953739, 25.756288798415856 ], [ -80.381318648187801, 25.756273829179261 ], [ -80.381302414979999, 25.75626365244435 ], [ -80.381307791450297, 25.756233713968712 ], [ -80.381326712884487, 25.756228921464803 ], [ -80.381338189772435, 25.756215298281553 ], [ -80.381329401114897, 25.756213952225114 ], [ -80.381332089344383, 25.756198982984611 ], [ -80.381307067494305, 25.756187460190965 ], [ -80.38131244395835, 25.756157521707873 ], [ -80.38129621077276, 25.756147344968273 ], [ -80.38129889900587, 25.7561323757255 ], [ -80.38127997759095, 25.756137168225756 ], [ -80.38128400994394, 25.756114714361225 ], [ -80.381275221297315, 25.75611336829974 ], [ -80.38127790953294, 25.756098399055908 ], [ -80.381315752344207, 25.756088814051424 ], [ -80.381338706083284, 25.756061567673438 ], [ -80.381365072011391, 25.756065605840053 ], [ -80.381366416120926, 25.756058121215936 ], [ -80.381357627478693, 25.756056775161227 ], [ -80.381363003917471, 25.756026836663171 ], [ -80.381380581196396, 25.756029528771162 ], [ -80.381379237088495, 25.756037013396124 ], [ -80.381388025729095, 25.756038359449054 ], [ -80.381385337514075, 25.756053328698599 ], [ -80.381402914798983, 25.756056020802539 ], [ -80.381401570692589, 25.756063505427175 ], [ -80.381410359336186, 25.756064851478087 ], [ -80.381407671124165, 25.756079820726974 ], [ -80.381416459769468, 25.756081166777292 ], [ -80.381413771557988, 25.756096136025537 ], [ -80.381422560205039, 25.756097482075276 ], [ -80.381398262374859, 25.756132213091874 ], [ -80.381415839675981, 25.756134905192937 ], [ -80.381414495569473, 25.756142389815874 ], [ -80.381396918266915, 25.756139697714644 ], [ -80.381394230050304, 25.756154666959631 ], [ -80.381375308635782, 25.756159459477086 ], [ -80.381378720848787, 25.756190744016362 ], [ -80.381369932193081, 25.756189397963265 ], [ -80.381367243970345, 25.756204367205179 ], [ -80.381348322543658, 25.756209159716914 ], [ -80.381346978430258, 25.756216644337233 ], [ -80.381370656182213, 25.756235651740308 ], [ -80.381369312070333, 25.756243136360268 ], [ -80.381342946088694, 25.756239098197003 ], [ -80.381341601974384, 25.756246582816537 ], [ -80.38135039063539, 25.756247928871783 ], [ -80.381349046521564, 25.756255413491211 ], [ -80.381375412508376, 25.756259451652721 ], [ -80.381378100731411, 25.756244482413166 ], [ -80.381404466716276, 25.756248520567365 ], [ -80.381403122607068, 25.75625600518747 ], [ -80.381394333944456, 25.756254659136761 ], [ -80.38139164572388, 25.756269628376234 ], [ -80.381374068396525, 25.75626693627218 ], [ -80.381370036059593, 25.756289390129449 ], [ -80.381395057946989, 25.756300912904084 ], [ -80.381391025613851, 25.756323366759762 ], [ -80.381417391623017, 25.756327404909637 ], [ -80.381421423949575, 25.756304951053227 ], [ -80.381464023187661, 25.756319165906049 ], [ -80.381465367292648, 25.756311681286629 ], [ -80.381493077404286, 25.75630823479775 ], [ -80.381498453812256, 25.75627829631636 ], [ -80.381489665145949, 25.756276950273882 ], [ -80.381492353350012, 25.756261981032193 ], [ -80.381501142014883, 25.7562633270745 ], [ -80.381502486115849, 25.756255842453303 ], [ -80.381493697451717, 25.75625449641106 ], [ -80.381497729755424, 25.756232042546475 ], [ -80.38148894109375, 25.756230696503714 ], [ -80.381495661598976, 25.756193273392611 ], [ -80.381486872941224, 25.756191927349523 ], [ -80.381490905243794, 25.756169473480778 ], [ -80.381482116588501, 25.756168127437192 ], [ -80.381484804790531, 25.756153158190536 ], [ -80.381458438830592, 25.756149120055714 ], [ -80.38146112703609, 25.756134150808798 ], [ -80.38145233838479, 25.756132804762512 ], [ -80.381456370693471, 25.756110350890911 ], [ -80.381447582044615, 25.756109004844127 ], [ -80.381450270250738, 25.756094035595599 ], [ -80.381441481603602, 25.756092689548208 ], [ -80.38144282570704, 25.756085204923735 ], [ -80.381451614353452, 25.756086550971055 ], [ -80.381452958455924, 25.756079066346292 ], [ -80.381444169810251, 25.756077720299086 ], [ -80.381458334863552, 25.756049127845341 ], [ -80.381496177633849, 25.756039542773021 ], [ -80.381498865829542, 25.756024573519934 ], [ -80.38149007718863, 25.756023227476412 ], [ -80.381494109482631, 25.756000773595588 ], [ -80.381502898121369, 25.756002119638861 ], [ -80.381505586314773, 25.755987150383824 ], [ -80.381496797677485, 25.755985804340714 ], [ -80.381504862256563, 25.75594089657147 ], [ -80.38148862908875, 25.755930719855236 ], [ -80.381492661378871, 25.755908265967925 ], [ -80.381483872749698, 25.755906919923362 ], [ -80.381487905039947, 25.755884466034523 ], [ -80.381496693666932, 25.755885812078841 ], [ -80.381499381857822, 25.755870842818474 ], [ -80.3814905932323, 25.755869496774331 ], [ -80.381497313709161, 25.755832073620446 ], [ -80.381506102331059, 25.755833419664167 ], [ -80.381510134612228, 25.755810965769268 ], [ -80.381529055944242, 25.755806173221753 ], [ -80.381531744127173, 25.755791203956793 ], [ -80.38151416689135, 25.755788511872616 ], [ -80.381516855076271, 25.755773542607194 ], [ -80.381493177417326, 25.755754535210034 ], [ -80.38149855379136, 25.755724596676313 ], [ -80.38148976518049, 25.755723250631476 ], [ -80.381492453367585, 25.75570828136361 ], [ -80.381483664758449, 25.755706935318202 ], [ -80.381495761595588, 25.755639573603961 ], [ -80.381486972993272, 25.755638227558535 ], [ -80.38148966117825, 25.755623258286725 ], [ -80.381480872577654, 25.755621912240695 ], [ -80.381484180811483, 25.755553204462657 ], [ -80.381457815031823, 25.755549166320012 ], [ -80.38145512684369, 25.755564135594504 ], [ -80.381419972468777, 25.755558751393085 ], [ -80.381418628371449, 25.755566236029686 ], [ -80.38140983977766, 25.755564889977361 ], [ -80.381407151580873, 25.755579859249835 ], [ -80.381398362985905, 25.755578513196578 ], [ -80.381386266082416, 25.755645874912375 ], [ -80.381368688880158, 25.7556431828021 ], [ -80.381364656570483, 25.755665636703352 ], [ -80.381382233777117, 25.755668328814128 ], [ -80.381380889674901, 25.75567581344767 ], [ -80.381398466884079, 25.755678505555576 ], [ -80.3814045672883, 25.75569482087537 ], [ -80.381413355895006, 25.755696166927606 ], [ -80.381410667694794, 25.755711136193959 ], [ -80.38139309047871, 25.755708444088402 ], [ -80.381386369966876, 25.755745867250095 ], [ -80.381368792744595, 25.755743175140694 ], [ -80.381371480952936, 25.755728205876935 ], [ -80.381336326517427, 25.755722821649716 ], [ -80.381332294195829, 25.755745275544079 ], [ -80.381323505585428, 25.755743929485131 ], [ -80.381331570230941, 25.755699021695168 ], [ -80.381340358836965, 25.755700367753608 ], [ -80.381341702943018, 25.755692883121199 ], [ -80.381324125732704, 25.755690191003719 ], [ -80.381326813947041, 25.755675221738635 ], [ -80.381310580849018, 25.755665044985772 ], [ -80.38131326906489, 25.755650075719853 ], [ -80.381304480464323, 25.755648729658873 ], [ -80.381307168680735, 25.755633760392328 ], [ -80.381290935592645, 25.755623583635057 ], [ -80.381302412406995, 25.755609960429755 ], [ -80.381284835214501, 25.755607268304846 ], [ -80.381287523433002, 25.755592299036859 ], [ -80.381296312027658, 25.755593645099527 ], [ -80.38130168845899, 25.755563706560874 ], [ -80.381292899867248, 25.755562360498541 ], [ -80.381295588082992, 25.75554739122823 ], [ -80.381286799492983, 25.755546045165318 ], [ -80.381288143601239, 25.755538560529939 ], [ -80.381296932190523, 25.75553990659278 ], [ -80.381300964511738, 25.755517452685254 ], [ -80.381292175924628, 25.755516106622682 ], [ -80.381296208245971, 25.755493652713653 ], [ -80.381287419661334, 25.755492306650563 ], [ -80.381294140195948, 25.755454883465383 ], [ -80.381285351615233, 25.755453537401941 ], [ -80.381304169091877, 25.755348752458755 ], [ -80.381295380521621, 25.755347406395721 ], [ -80.381299412834395, 25.755324952474638 ], [ -80.381308201402462, 25.755326298537408 ], [ -80.381313577813344, 25.755296359972874 ], [ -80.381304789248205, 25.75529501391042 ], [ -80.381301377096378, 25.755263729280223 ], [ -80.381285144077395, 25.755253552510162 ], [ -80.381287832285011, 25.755238583225445 ], [ -80.381235100935243, 25.755230506824738 ], [ -80.381233756827186, 25.755237991466696 ], [ -80.381170892812889, 25.755236053605394 ], [ -80.381169548699276, 25.755243538246361 ], [ -80.381089107569707, 25.755238908184417 ], [ -80.381086419328184, 25.755253877463915 ], [ -80.381139150678322, 25.755261953940234 ], [ -80.381137806561583, 25.755269438580182 ], [ -80.381146595121621, 25.755270784656989 ], [ -80.38114256277224, 25.755293238575952 ], [ -80.381123641529712, 25.755298031060153 ], [ -80.381120953292282, 25.755313000337758 ], [ -80.381103376164816, 25.75531030817934 ], [ -80.381097999681359, 25.755340246731571 ], [ -80.381106788247862, 25.755341592811497 ], [ -80.381098723520196, 25.755386500634504 ], [ -80.381107512091333, 25.755387846714154 ], [ -80.38110213560455, 25.755417785259269 ], [ -80.381119712753488, 25.75542047741699 ], [ -80.381125813087962, 25.755436792766606 ], [ -80.381134601664556, 25.75543813884374 ], [ -80.381129225183926, 25.755468077385522 ], [ -80.381120436604405, 25.755466731308051 ], [ -80.381116404239336, 25.755489185212088 ], [ -80.381107615657911, 25.755487839133618 ], [ -80.38109417441882, 25.755562685466959 ], [ -80.38110296300755, 25.75556403154626 ], [ -80.381093554131638, 25.755616423968622 ], [ -80.38110234272574, 25.755617770047753 ], [ -80.381113819568583, 25.75560414686322 ], [ -80.381140185348926, 25.755608185093294 ], [ -80.381141529470653, 25.755600700461333 ], [ -80.381185472439611, 25.755607430829226 ], [ -80.38118412832155, 25.755614915461621 ], [ -80.381192916916888, 25.755616261533014 ], [ -80.381194261034224, 25.755608776900534 ], [ -80.381220626819655, 25.755612815109934 ], [ -80.381219282704492, 25.755620299742667 ], [ -80.381273358397792, 25.755620891508311 ], [ -80.381266637841591, 25.75565831467252 ], [ -80.381275426442542, 25.75565966073669 ], [ -80.38127273821992, 25.755674630001153 ], [ -80.381263949617519, 25.755673283936844 ], [ -80.38126126139251, 25.755688253200372 ], [ -80.381236239697358, 25.755676730370929 ], [ -80.381233551467531, 25.755691699633584 ], [ -80.381274806265665, 25.755713399222973 ], [ -80.381270773928762, 25.755735853115588 ], [ -80.381279562537529, 25.75573719917908 ], [ -80.38127687431323, 25.755752168439997 ], [ -80.381257952979084, 25.755756960941941 ], [ -80.381256608864916, 25.755764445571767 ], [ -80.381265397476341, 25.755765791636339 ], [ -80.381261365134606, 25.755788245524865 ], [ -80.381270153748474, 25.755789591588925 ], [ -80.381267465520978, 25.755804560847132 ], [ -80.38127625413658, 25.755805906910606 ], [ -80.381273565909609, 25.755820876168201 ], [ -80.381282354526945, 25.755822222231092 ], [ -80.381279666300529, 25.755837191488077 ], [ -80.381270877681743, 25.75583584542504 ], [ -80.381265501223226, 25.755865783936351 ], [ -80.381274289844924, 25.755867129999736 ], [ -80.381272945730458, 25.75587461462715 ], [ -80.381264157108021, 25.755873268563683 ], [ -80.38124999201986, 25.755901861006553 ], [ -80.381224970265265, 25.75589033818213 ], [ -80.38121824966781, 25.755927761311344 ], [ -80.381227038295009, 25.755929107378499 ], [ -80.381225694175541, 25.755936592003838 ], [ -80.381216905547646, 25.755935245936609 ], [ -80.381212873185731, 25.755957699811223 ], [ -80.381221661815829, 25.755959045878694 ], [ -80.381214941211695, 25.755996468999591 ], [ -80.38123251847999, 25.755999161133118 ], [ -80.381231174359939, 25.756006645756894 ], [ -80.381222385724925, 25.756005299690418 ], [ -80.381219697482663, 25.756020268937174 ], [ -80.38120077608761, 25.75602506142458 ], [ -80.381199431964433, 25.756032546047301 ], [ -80.381154144654502, 25.756033300316517 ], [ -80.381160245037975, 25.756049615632509 ], [ -80.381141323633344, 25.756054408108536 ], [ -80.381137291246617, 25.756076861971742 ], [ -80.381128502606003, 25.756075515897539 ], [ -80.381125814345594, 25.756090485138557 ], [ -80.381100792553525, 25.756078962290783 ], [ -80.381125090486691, 25.756044231338592 ], [ -80.381097380443961, 25.756047677731274 ], [ -80.381088695352673, 25.756146323865178 ], [ -80.381097483999767, 25.756147669942475 ], [ -80.38109210746299, 25.75617760841525 ], [ -80.381100896113267, 25.756178954492118 ], [ -80.381098207844971, 25.756193923727501 ], [ -80.381089419193231, 25.756192577650484 ], [ -80.381085386786879, 25.75621503150186 ], [ -80.381101619960532, 25.756225208272543 ], [ -80.38108952274014, 25.756292569815948 ], [ -80.381098311401885, 25.756293915892545 ], [ -80.381094278993146, 25.756316369737082 ], [ -80.381085490329227, 25.756315023660225 ], [ -80.381068636833149, 25.756358585265492 ], [ -80.381059848165393, 25.756357239186645 ], [ -80.38105850402512, 25.756364723799667 ], [ -80.381032138021254, 25.75636068555831 ], [ -80.381010528253611, 25.756380447230349 ], [ -80.38099295091574, 25.75637775506214 ], [ -80.38099160676947, 25.756385239673836 ], [ -80.380919953270649, 25.756381955580917 ], [ -80.380918609118083, 25.756389440191569 ], [ -80.380865877110807, 25.756381363630993 ], [ -80.380864532953638, 25.75638884824092 ], [ -80.380820589618025, 25.756382117752562 ], [ -80.380819245456962, 25.756389602361892 ], [ -80.380757724793327, 25.756380179645841 ], [ -80.380756380626934, 25.756387664254419 ], [ -80.380721225965019, 25.756382279828273 ], [ -80.380709748959461, 25.756395902935544 ], [ -80.380700960293467, 25.756394556826191 ], [ -80.380695583606311, 25.756424495254929 ], [ -80.38071316094441, 25.756427187473527 ], [ -80.380710472602374, 25.756442156687072 ], [ -80.380719261273285, 25.756443502795392 ], [ -80.380712540417818, 25.756480925826239 ], [ -80.380703751743269, 25.756479579717496 ], [ -80.380699719225049, 25.756502033533412 ], [ -80.380724741085061, 25.756513556463318 ], [ -80.380723396913837, 25.756521041068275 ], [ -80.380740974272115, 25.756523733281306 ], [ -80.380738285931869, 25.756538702491014 ], [ -80.380719364398743, 25.756543494882028 ], [ -80.380716676054206, 25.756558464090226 ], [ -80.380707887371813, 25.756557117982144 ], [ -80.380705199024902, 25.756572087189429 ], [ -80.380713987708745, 25.756573433297657 ], [ -80.380707266841085, 25.756610856312808 ], [ -80.380716055528836, 25.756612202420683 ], [ -80.380707990484453, 25.756657110032965 ], [ -80.380699201792325, 25.756655763924581 ], [ -80.380697857616738, 25.756663248525847 ], [ -80.380671491539786, 25.756659210195899 ], [ -80.380672835717576, 25.756651725594878 ], [ -80.380664047026514, 25.75665037948346 ], [ -80.38066673538286, 25.756635410280968 ], [ -80.380657946693546, 25.756634064168981 ], [ -80.380671388468727, 25.756559218145746 ], [ -80.380662599786973, 25.756557872033813 ], [ -80.380663943963967, 25.756550387430501 ], [ -80.380672732644996, 25.756551733542334 ], [ -80.380674076821009, 25.756544248938759 ], [ -80.380665288140719, 25.756542902827007 ], [ -80.380669320669611, 25.756520449015323 ], [ -80.380660531991765, 25.756519102903038 ], [ -80.380664564520785, 25.756496649089872 ], [ -80.380655775845412, 25.75649530297709 ], [ -80.380677385721228, 25.75647554138671 ], [ -80.380668597047759, 25.756474195274937 ], [ -80.380672629572658, 25.756451741458253 ], [ -80.380647607737089, 25.756440218513433 ], [ -80.380651640265796, 25.756417764695186 ], [ -80.380670561775517, 25.756412972314703 ], [ -80.380664461457812, 25.756396656988372 ], [ -80.38064688412733, 25.756393964761198 ], [ -80.380648228303158, 25.75638648015423 ], [ -80.38060428498531, 25.756379749573455 ], [ -80.380602940805844, 25.756387234180011 ], [ -80.380487344012352, 25.756377219185733 ], [ -80.380485999822952, 25.756384703790818 ], [ -80.380424479198524, 25.7563752808754 ], [ -80.380423135003795, 25.756382765479721 ], [ -80.380317671098183, 25.756366611823221 ], [ -80.380319015301666, 25.756359127219902 ], [ -80.380292649333498, 25.756355088789014 ], [ -80.380293993538942, 25.756347604185741 ], [ -80.380277760436314, 25.756337427291566 ], [ -80.380289858285934, 25.75627006585314 ], [ -80.380281069638983, 25.756268719707403 ], [ -80.380287790662166, 25.756231296679676 ], [ -80.380279002019137, 25.756229950533584 ], [ -80.380289755650153, 25.756170073679773 ], [ -80.380280967013206, 25.756168727533609 ], [ -80.380290376433422, 25.756116335276882 ], [ -80.380281587801846, 25.756114989130531 ], [ -80.380290997215909, 25.756062596864883 ], [ -80.380282208589719, 25.756061250718346 ], [ -80.380292962197871, 25.756001373832326 ], [ -80.380284173577778, 25.756000027685701 ], [ -80.380290894579076, 25.755962604626024 ], [ -80.380282105962891, 25.755961258479065 ], [ -80.380291515360184, 25.75590886618793 ], [ -80.380282726749357, 25.755907520040804 ], [ -80.380290791942457, 25.755862612355607 ], [ -80.380299580548893, 25.755863958502253 ], [ -80.380302268943311, 25.755848989272124 ], [ -80.380277247328223, 25.755837466215326 ], [ -80.380281279923992, 25.755815012368856 ], [ -80.380265046921338, 25.755804835455571 ], [ -80.380267735319833, 25.755789866223562 ], [ -80.380286656715143, 25.755785073904157 ], [ -80.380296066090807, 25.755732681583506 ], [ -80.380287277497573, 25.755731335436003 ], [ -80.380289965890015, 25.75571636619993 ], [ -80.380281177298514, 25.755715020051834 ], [ -80.380285209887646, 25.755692566196537 ], [ -80.380293998476958, 25.755693912344373 ], [ -80.380295342672156, 25.755686427725468 ], [ -80.380286554083568, 25.755685081577706 ], [ -80.380291930864956, 25.755655143100459 ], [ -80.380283142279538, 25.755653796952288 ], [ -80.380291207449119, 25.755608889231091 ], [ -80.380282418868347, 25.755607543082654 ], [ -80.380287795646396, 25.755577604598315 ], [ -80.380279007068822, 25.755576258449448 ], [ -80.380290484034035, 25.755562635354966 ], [ -80.380281695457924, 25.755561289206248 ], [ -80.380289760619732, 25.75551638147207 ], [ -80.38028097204824, 25.755515035323114 ], [ -80.380290381398368, 25.755462642958292 ], [ -80.380281592832262, 25.755461296809159 ], [ -80.380288313793386, 25.755423873686006 ], [ -80.380279525231202, 25.755422527536549 ], [ -80.380283557807317, 25.755400073660578 ], [ -80.380274769247578, 25.755398727510592 ], [ -80.380289555350373, 25.755316396617975 ], [ -80.380280766798919, 25.755315050468145 ], [ -80.380291520316632, 25.755255173441221 ], [ -80.380319230140785, 25.755251727256944 ], [ -80.380320574327058, 25.755244242627253 ], [ -80.380338151417263, 25.755246934919931 ], [ -80.380339495601845, 25.755239450289896 ], [ -80.380365861236996, 25.755243488723011 ], [ -80.380367205419148, 25.755236004092513 ], [ -80.380358416874572, 25.755234657948989 ], [ -80.380359761057221, 25.755227173318389 ], [ -80.380333395427257, 25.755223134883504 ], [ -80.380334739611882, 25.755215650252968 ], [ -80.380315818341955, 25.755220442589803 ], [ -80.380314474155668, 25.755227927219988 ], [ -80.380245510011576, 25.75520967338473 ], [ -80.38024416581942, 25.755217158014258 ], [ -80.380226588738068, 25.755214465705244 ], [ -80.380217179376473, 25.755266858105291 ], [ -80.3802083908311, 25.755265511949066 ], [ -80.380203014045094, 25.755295450458775 ], [ -80.380211802593394, 25.755296796615333 ], [ -80.380209114200468, 25.75531176586918 ], [ -80.380217902750474, 25.755313112025142 ], [ -80.380212525964808, 25.755343050530826 ], [ -80.380221314517996, 25.75534439668635 ], [ -80.380210560941464, 25.755404273689088 ], [ -80.380219349500777, 25.755405619844527 ], [ -80.380201874917077, 25.755502919948484 ], [ -80.380210663486125, 25.755504266104261 ], [ -80.380207975086662, 25.755519235348284 ], [ -80.380216763657444, 25.755520581503436 ], [ -80.380210042658391, 25.755558004610482 ], [ -80.38021883123308, 25.755559350765328 ], [ -80.380214798633091, 25.755581804627468 ], [ -80.380223587210224, 25.755583150781796 ], [ -80.380220898810549, 25.755598120022427 ], [ -80.380229687389416, 25.755599466176147 ], [ -80.380224310590222, 25.755629404655402 ], [ -80.380233099172287, 25.755630750808713 ], [ -80.380225033970973, 25.755675658522243 ], [ -80.38023382255767, 25.755677004675288 ], [ -80.380223068948908, 25.755736881616475 ], [ -80.380231857541716, 25.755738227769406 ], [ -80.380227824936838, 25.755760681619414 ], [ -80.380236613532105, 25.755762027771851 ], [ -80.380229892523019, 25.755799450851683 ], [ -80.380221103924114, 25.755798104698819 ], [ -80.380218415517419, 25.755813073929222 ], [ -80.380227204117787, 25.755814420082242 ], [ -80.380219138896578, 25.755859327769294 ], [ -80.380227927501593, 25.755860673922058 ], [ -80.380207764423389, 25.75597294311029 ], [ -80.380216553039588, 25.755974289263555 ], [ -80.380212520419946, 25.755996743096198 ], [ -80.380203731801558, 25.755995396942687 ], [ -80.380202387593812, 25.756002881553091 ], [ -80.380211176212953, 25.756004227706704 ], [ -80.38020042254864, 25.756064104583643 ], [ -80.380209211173863, 25.75606545073714 ], [ -80.380202490129875, 25.756102873779319 ], [ -80.380211278759006, 25.756104219932485 ], [ -80.380205901922594, 25.756134158363079 ], [ -80.380214690554922, 25.756135504515814 ], [ -80.380209313717756, 25.756165442943622 ], [ -80.380218102353268, 25.756166789095918 ], [ -80.380215413934778, 25.756181758308827 ], [ -80.380224202572023, 25.75618310446055 ], [ -80.380218825735184, 25.756213042884369 ], [ -80.380227614375599, 25.756214389035641 ], [ -80.380220893328058, 25.756251812061443 ], [ -80.380229681972381, 25.756253158212406 ], [ -80.380226993553208, 25.756268127421528 ], [ -80.380218204907422, 25.756266781270405 ], [ -80.380204762790527, 25.756341627303538 ], [ -80.380195974137706, 25.756340281150827 ], [ -80.380191941495994, 25.756362734956735 ], [ -80.380208174593363, 25.756372911863611 ], [ -80.380206830380217, 25.756380396465175 ], [ -80.380231852140838, 25.756391919519334 ], [ -80.380226475293824, 25.756421857923819 ], [ -80.380244052617002, 25.756424550222562 ], [ -80.380250152858466, 25.756440865572387 ], [ -80.380258941522186, 25.756442211720028 ], [ -80.38026028573185, 25.75643472711926 ], [ -80.380286651722415, 25.756438765557427 ], [ -80.380285307514967, 25.756446250158447 ], [ -80.380294096179767, 25.756447596303072 ], [ -80.380291407765625, 25.756462565504698 ], [ -80.380308985098935, 25.756465257792012 ], [ -80.380307640892994, 25.756472742392702 ], [ -80.380316429560779, 25.756474088535295 ], [ -80.380317773765995, 25.756466603934541 ], [ -80.380352928436963, 25.756471988497079 ], [ -80.380359028701974, 25.756488303837976 ], [ -80.380386738912819, 25.756484857648942 ], [ -80.380385394713201, 25.756492342250166 ], [ -80.380410416529188, 25.756503865256839 ], [ -80.380406383934812, 25.756526319059549 ], [ -80.380415172609474, 25.756527665193492 ], [ -80.380411140015227, 25.756550118994706 ], [ -80.380386118185967, 25.756538595989888 ], [ -80.380383429784729, 25.756553565189606 ], [ -80.380357063755199, 25.756549526777707 ], [ -80.380355719552057, 25.756557011377026 ], [ -80.380328009317211, 25.756560457556947 ], [ -80.380323976699131, 25.75658291135241 ], [ -80.380332765378228, 25.756584257493159 ], [ -80.380330076966473, 25.756599226689332 ], [ -80.380302366717302, 25.756602672861867 ], [ -80.38029088961791, 25.756616295912959 ], [ -80.38027196804363, 25.756621088220527 ], [ -80.38026793540844, 25.756643542009506 ], [ -80.380259146724427, 25.756642195863481 ], [ -80.380256458298376, 25.756657165054996 ], [ -80.380265246983839, 25.756658511201184 ], [ -80.38026390277119, 25.756665995796745 ], [ -80.380386944406368, 25.756684841765203 ], [ -80.380388288608813, 25.756677357168495 ], [ -80.38044102074997, 25.756685433966258 ], [ -80.380439676551902, 25.756692918563466 ], [ -80.380482275819276, 25.756707133805289 ], [ -80.380479587429292, 25.756722102999568 ], [ -80.380488376124688, 25.75672344912644 ], [ -80.380485687735231, 25.756738418320094 ], [ -80.380494476432361, 25.756739764446369 ], [ -80.380491788043457, 25.756754733639404 ], [ -80.38050802124809, 25.75676491048641 ], [ -80.380511433175471, 25.756796194994664 ], [ -80.380520221878783, 25.756797541118477 ], [ -80.38051753349248, 25.756812510309466 ], [ -80.380526322197525, 25.756813856432704 ], [ -80.380519601231427, 25.756851279407204 ], [ -80.38052838994038, 25.756852625530101 ], [ -80.380524357360159, 25.756875079312714 ], [ -80.380533146071571, 25.756876425435109 ], [ -80.380530457685069, 25.756891394622698 ], [ -80.3805392463982, 25.756892740744497 ], [ -80.380537902205333, 25.756900225338093 ], [ -80.380554135442225, 25.756910402173155 ], [ -80.380548758673399, 25.756940340545469 ], [ -80.380566336110292, 25.756943032784775 ], [ -80.38056230353564, 25.756965486562454 ], [ -80.380571092256673, 25.756966832681222 ], [ -80.38056840387388, 25.756981801865546 ], [ -80.380577192596647, 25.756983147983714 ], [ -80.380570471639274, 25.757020570941538 ], [ -80.380595493630167, 25.757032093883979 ], [ -80.380594149439958, 25.757039578475037 ], [ -80.380620515627626, 25.757043616819953 ], [ -80.380619171439378, 25.757051101411029 ], [ -80.380627960169861, 25.757052447524579 ], [ -80.380629304357385, 25.757044962933417 ], [ -80.380664459279117, 25.757050347379682 ], [ -80.380659082539339, 25.757080285744539 ], [ -80.380667871273374, 25.757081631854543 ], [ -80.380663838718306, 25.757104085626398 ], [ -80.380619895039942, 25.75709735506754 ], [ -80.380618550850841, 25.757104839657352 ], [ -80.380609762115242, 25.75710349354323 ], [ -80.380607073734851, 25.75711846272209 ], [ -80.380598284998072, 25.757117116607045 ], [ -80.380595596615308, 25.757132085784974 ], [ -80.38060438535355, 25.757133431900193 ], [ -80.380603041162558, 25.75714091648895 ], [ -80.380655773602001, 25.757148993164844 ] ], [ [ -80.380628686220263, 25.756445010889287 ], [ -80.380611108881183, 25.756442318656408 ], [ -80.380613797240173, 25.756427349445477 ], [ -80.380641507421785, 25.756423903187176 ], [ -80.38064016324482, 25.756431387793178 ], [ -80.380631374576325, 25.756430041678033 ], [ -80.380628686220263, 25.756445010889287 ] ], [ [ -80.381247614965574, 25.756216806921294 ], [ -80.381212460341956, 25.756211422660076 ], [ -80.381213804466739, 25.756203938041377 ], [ -80.381196227158, 25.756201245906404 ], [ -80.381204291910663, 25.756156338191253 ], [ -80.381195503261083, 25.756154992123129 ], [ -80.381198191511587, 25.756140022883368 ], [ -80.381206980159718, 25.756141368951319 ], [ -80.381213700778346, 25.756103945848078 ], [ -80.381222489423109, 25.756105291914867 ], [ -80.381227865910958, 25.756075353428418 ], [ -80.381236654553064, 25.75607669949412 ], [ -80.381237998673726, 25.756069214871957 ], [ -80.381229210032345, 25.75606786880633 ], [ -80.38123324239514, 25.756045414938903 ], [ -80.381242031034333, 25.756046761004267 ], [ -80.381243375154071, 25.756039276381298 ], [ -80.381269741071108, 25.75604331457264 ], [ -80.381267052835753, 25.756058283818845 ], [ -80.381258264195012, 25.75605693775567 ], [ -80.381254231838099, 25.756079391623267 ], [ -80.381245443195454, 25.756078045559065 ], [ -80.381244099075275, 25.756085530181149 ], [ -80.381252887718659, 25.756086876245408 ], [ -80.381250199479112, 25.75610184548913 ], [ -80.38126777676959, 25.756104537615737 ], [ -80.381263744412919, 25.756126991480368 ], [ -80.381272533060752, 25.75612833754278 ], [ -80.381269844823279, 25.756143306785045 ], [ -80.381261056173983, 25.756141960722452 ], [ -80.381259712054174, 25.756149445343205 ], [ -80.381242134754956, 25.756146753215614 ], [ -80.381239446511728, 25.756161722456216 ], [ -80.381263124225583, 25.756180729887305 ], [ -80.381261780105362, 25.756188214507159 ], [ -80.381252991451689, 25.756186868444075 ], [ -80.381247614965574, 25.756216806921294 ] ], [ [ -80.381360728114075, 25.755788082927317 ], [ -80.381351939498956, 25.755786736870988 ], [ -80.38135328360535, 25.755779252240448 ], [ -80.38136207221973, 25.755780598296688 ], [ -80.381360728114075, 25.755788082927317 ] ], [ [ -80.381491833323238, 25.755762019842972 ], [ -80.381483044708745, 25.755760673797724 ], [ -80.381484388803557, 25.75575318916486 ], [ -80.381493177417326, 25.755754535210034 ], [ -80.381491833323238, 25.755762019842972 ] ], [ [ -80.381403947190236, 25.755748559356476 ], [ -80.381395158578428, 25.755747213303653 ], [ -80.381397846782392, 25.755732244039404 ], [ -80.381415424003379, 25.755734936143924 ], [ -80.381403947190236, 25.755748559356476 ] ], [ [ -80.381244613407688, 25.755278106811136 ], [ -80.381228380392642, 25.755267930032563 ], [ -80.381232412718902, 25.755245476108453 ], [ -80.381256090184038, 25.755264483596147 ], [ -80.381244613407688, 25.755278106811136 ] ] ] } },
{ "type": "Feature", "properties": { "hotspot_id": "fiu_hs_004", "area_m2": 1488.8822345008432, "depth_max_m": 0.76788330078125, "depth_mean_m": 0.4262369812196487, "building_frac": 0.0, "lots": null, "roads": null }, "geometry": { "type": "Polygon", "coordinates": [ [ [ -80.373697620729573, 25.756521374454923 ], [ -80.373700310270166, 25.756506405428382 ], [ -80.373709098839967, 25.756507752135146 ], [ -80.373710443609184, 25.756500267621494 ], [ -80.373755731223923, 25.756499516629276 ], [ -80.373757075989062, 25.756492032114842 ], [ -80.373790885505372, 25.756504903432962 ], [ -80.37380236359914, 25.756491281102058 ], [ -80.373819940739097, 25.756493974497523 ], [ -80.373826039791126, 25.756510290224544 ], [ -80.373834828363243, 25.756511636920553 ], [ -80.373846306451085, 25.756498014585038 ], [ -80.373916615028179, 25.756508788118481 ], [ -80.373917959779732, 25.756501303602153 ], [ -80.373972035966489, 25.756501899202931 ], [ -80.373970691219526, 25.756509383719969 ], [ -80.373995712198081, 25.756520908285744 ], [ -80.373993022707424, 25.756535877319322 ], [ -80.374019388439962, 25.756539917361962 ], [ -80.374018043696466, 25.756547401878702 ], [ -80.374035620854301, 25.75655009523684 ], [ -80.374036965596318, 25.75654261071994 ], [ -80.374054542753768, 25.756545304074887 ], [ -80.374055887494109, 25.756537819557618 ], [ -80.37404709891598, 25.756536472880605 ], [ -80.374056512097056, 25.756484081254825 ], [ -80.374047723524299, 25.756482734577652 ], [ -80.37404906826427, 25.756475250058976 ], [ -80.374012569235973, 25.75647734786131 ], [ -80.374013913978857, 25.756469863342989 ], [ -80.374005125408175, 25.756468516662096 ], [ -80.374006470151556, 25.756461032143651 ], [ -80.373997681581869, 25.756459685462094 ], [ -80.373999026325762, 25.756452200943539 ], [ -80.373990237757056, 25.756450854261306 ], [ -80.373991582501446, 25.756443369742648 ], [ -80.373982793933763, 25.756442023059734 ], [ -80.373984138678637, 25.756434538540955 ], [ -80.373953018655527, 25.756406698245598 ], [ -80.37395436340239, 25.756399213726375 ], [ -80.373936786277284, 25.756396520353071 ], [ -80.3739408205209, 25.756374066794749 ], [ -80.373917144340808, 25.756355057690492 ], [ -80.373919833838855, 25.756340088650358 ], [ -80.373911045282625, 25.756338741960882 ], [ -80.373930591821917, 25.756280212482036 ], [ -80.373921803271514, 25.756278865793227 ], [ -80.373925837513553, 25.756256412227142 ], [ -80.373892028073172, 25.756243540943256 ], [ -80.373894717572114, 25.756228571898493 ], [ -80.373885929027409, 25.756227225206395 ], [ -80.373896687019766, 25.756167349020284 ], [ -80.373887898481172, 25.756166002328097 ], [ -80.373891932726721, 25.756143548755347 ], [ -80.373883144190586, 25.756142202062655 ], [ -80.37387704515352, 25.756125886320056 ], [ -80.373859468085513, 25.756123192931234 ], [ -80.373860812836043, 25.756115708406544 ], [ -80.373825658706195, 25.756110321620135 ], [ -80.373827003459382, 25.756102837095561 ], [ -80.373800637867021, 25.756098796998057 ], [ -80.373801982622183, 25.756091312473551 ], [ -80.373705308812305, 25.756076498725392 ], [ -80.373703964049128, 25.756083983248981 ], [ -80.373686386994834, 25.756081289830217 ], [ -80.37368504222998, 25.756088774353465 ], [ -80.37364854335371, 25.756090872029233 ], [ -80.37364585381701, 25.756105841074053 ], [ -80.373637065288435, 25.756104494360187 ], [ -80.373633030979491, 25.756126947925729 ], [ -80.373614109147198, 25.756131739016503 ], [ -80.373611419603392, 25.756146708058491 ], [ -80.373592497765657, 25.756151499145016 ], [ -80.373587118668524, 25.756181437225216 ], [ -80.37357833013327, 25.756180090506646 ], [ -80.373575640581876, 25.756195059545412 ], [ -80.37358442911858, 25.756196406264156 ], [ -80.373579050015934, 25.756226344339709 ], [ -80.373587838555821, 25.756227691058019 ], [ -80.373585149004569, 25.756242660094781 ], [ -80.37359393754619, 25.756244006812505 ], [ -80.373591247995492, 25.756258975848652 ], [ -80.373639944944955, 25.756289509694355 ], [ -80.373634565855554, 25.756319447763989 ], [ -80.37361698875624, 25.756316754335369 ], [ -80.373614299207233, 25.756331723368703 ], [ -80.373605510656517, 25.7563303766531 ], [ -80.373600131552848, 25.756360314717092 ], [ -80.373582554446401, 25.756357621282959 ], [ -80.373578520111877, 25.756380074828403 ], [ -80.373560943002147, 25.756377381390738 ], [ -80.373559598222045, 25.756384865905336 ], [ -80.373577175333253, 25.756387559343164 ], [ -80.373573140995973, 25.756410012886288 ], [ -80.373589373334525, 25.75642019083574 ], [ -80.373586683777646, 25.756435159863461 ], [ -80.373610359907786, 25.756454169038925 ], [ -80.373609015130739, 25.756461653552343 ], [ -80.373626592258816, 25.756464346981076 ], [ -80.37363269127286, 25.756480662721074 ], [ -80.373659056972215, 25.756484702856746 ], [ -80.373665155993692, 25.756501018593784 ], [ -80.373682733131389, 25.756503712012595 ], [ -80.373688832158592, 25.756520027747246 ], [ -80.373697620729573, 25.756521374454923 ] ], [ [ -80.373656272347006, 25.756399679775971 ], [ -80.373640040004489, 25.756389501836402 ], [ -80.37365151810657, 25.756375879517371 ], [ -80.373660306662543, 25.75637722622886 ], [ -80.373656272347006, 25.756399679775971 ] ], [ [ -80.373748721844052, 25.75623696281766 ], [ -80.373739933300755, 25.756235616113131 ], [ -80.37374262282539, 25.756220647071967 ], [ -80.373760199909313, 25.756223340479934 ], [ -80.373748721844052, 25.75623696281766 ] ], [ [ -80.373663525961064, 25.756208526698686 ], [ -80.37365473742193, 25.756207179986767 ], [ -80.373660116497561, 25.756177241905458 ], [ -80.373689171639114, 25.756166312995639 ], [ -80.373686482107033, 25.756181282037968 ], [ -80.373677693570272, 25.756179935327907 ], [ -80.373673659268263, 25.756202388889665 ], [ -80.373664870729584, 25.756201042178574 ], [ -80.373663525961064, 25.756208526698686 ] ] ] } },
{ "type": "Feature", "properties": { "hotspot_id": "fiu_hs_005", "area_m2": 861.62861905950422, "depth_max_m": 0.76467132568359375, "depth_mean_m": 0.49559828501321385, "building_frac": 0.0, "lots": null, "roads": null }, "geometry": { "type": "Polygon", "coordinates": [ [ [ -80.379193624534906, 25.757747916694303 ], [ -80.379194968855401, 25.75774043213832 ], [ -80.379238912746459, 25.757747163291992 ], [ -80.379240257063088, 25.757739678735362 ], [ -80.379257834619935, 25.757742371191373 ], [ -80.379269312026963, 25.757728748303933 ], [ -80.379286889582502, 25.757731440755069 ], [ -80.379288233894812, 25.757723956197463 ], [ -80.379305811449981, 25.757726648645416 ], [ -80.379307155760586, 25.757719164087437 ], [ -80.379333522093191, 25.757723202753454 ], [ -80.379332177784775, 25.757730687311664 ], [ -80.379384910461653, 25.757738764623753 ], [ -80.379386254765677, 25.757731280065038 ], [ -80.379403832325337, 25.757733972496172 ], [ -80.379405176627685, 25.757726487937077 ], [ -80.379431542967012, 25.757730526577877 ], [ -80.37943557586614, 25.757708072898716 ], [ -80.379461942201317, 25.757712111531958 ], [ -80.379459253606498, 25.757727080652096 ], [ -80.379494408729684, 25.757732465486502 ], [ -80.379491720139782, 25.757747434606515 ], [ -80.379509297705908, 25.757750127019516 ], [ -80.379515397902935, 25.757766442344607 ], [ -80.379531631181493, 25.757776619313116 ], [ -80.379537008348535, 25.75774668107298 ], [ -80.379545797132081, 25.757748027276001 ], [ -80.379548485712775, 25.757733058154589 ], [ -80.379584985130919, 25.757730958397079 ], [ -80.379586329417776, 25.757723473835561 ], [ -80.379605251267179, 25.757718681670706 ], [ -80.379606595552119, 25.757711197108641 ], [ -80.379597806771329, 25.757709850910672 ], [ -80.379603183911712, 25.757679912660766 ], [ -80.379620761467734, 25.757682605055287 ], [ -80.379619417184429, 25.757690089618237 ], [ -80.379610628405572, 25.757688743421259 ], [ -80.379607939836831, 25.757703712546366 ], [ -80.379616728617165, 25.757705058743504 ], [ -80.379615384333178, 25.757712543305871 ], [ -80.379650539460116, 25.757717928087168 ], [ -80.37965188374119, 25.757710443524477 ], [ -80.379660672522874, 25.757711789717828 ], [ -80.379662016802968, 25.757704305154871 ], [ -80.379653228022022, 25.757702958961602 ], [ -80.379658605143078, 25.757673020708147 ], [ -80.379677526977659, 25.757668228529258 ], [ -80.37968021553344, 25.757653259400634 ], [ -80.37963761593673, 25.75763904386924 ], [ -80.379636271655556, 25.757646528433408 ], [ -80.37961869410627, 25.757643836041225 ], [ -80.379616005540299, 25.757658805168678 ], [ -80.379607216764597, 25.757657458971298 ], [ -80.379608561048443, 25.75764997440773 ], [ -80.37959977227375, 25.757648628209676 ], [ -80.379602460842193, 25.757633659082181 ], [ -80.37959367206922, 25.757632312883523 ], [ -80.379596360638203, 25.757617343755403 ], [ -80.379587571866978, 25.757615997556147 ], [ -80.379590260436487, 25.757601028427413 ], [ -80.379572682897745, 25.75759833602697 ], [ -80.379574027183622, 25.757590851462492 ], [ -80.379459773217533, 25.757573350787027 ], [ -80.379461117512662, 25.757565866223427 ], [ -80.379443539984919, 25.757563173800641 ], [ -80.379444884281256, 25.757555689237016 ], [ -80.379419862292167, 25.75754416603381 ], [ -80.37942389518571, 25.757521712341919 ], [ -80.379415106426691, 25.757520366127526 ], [ -80.379400940470262, 25.757548958167217 ], [ -80.379371885582316, 25.757559888642014 ], [ -80.37937054127967, 25.757567373204591 ], [ -80.379334041924437, 25.757569472887127 ], [ -80.379322564548303, 25.757583095788632 ], [ -80.379304987021371, 25.757580403342327 ], [ -80.379293509639282, 25.757594026240131 ], [ -80.379275932111042, 25.757591333788959 ], [ -80.379274587799742, 25.757598818349539 ], [ -80.379257010271118, 25.757596125895159 ], [ -80.379250910133962, 25.757579810545995 ], [ -80.379154233764837, 25.757565001986404 ], [ -80.379142756361389, 25.757578624868046 ], [ -80.379133967600978, 25.757577278629885 ], [ -80.379127245982701, 25.757614701423257 ], [ -80.379150923631101, 25.75763370925317 ], [ -80.37913882471932, 25.75770107026775 ], [ -80.379147613492194, 25.757702416504952 ], [ -80.379142236195023, 25.757732354728947 ], [ -80.379151024971065, 25.757733700965723 ], [ -80.379149680646933, 25.757741185521326 ], [ -80.379193624534906, 25.757747916694303 ] ] ] } },
{ "type": "Feature", "properties": { "hotspot_id": "fiu_hs_006", "area_m2": 386.86899634940823, "depth_max_m": 0.73992979526519775, "depth_mean_m": 0.32785031216815835, "building_frac": 0.0, "lots": null, "roads": null }, "geometry": { "type": "Polygon", "coordinates": [ [ [ -80.372642804224526, 25.753998713369956 ], [ -80.372656971809533, 25.753970121940206 ], [ -80.372675893228035, 25.75396533099272 ], [ -80.37267858286458, 25.753950361872114 ], [ -80.372687371162741, 25.753951708676997 ], [ -80.372691405613637, 25.753929254994347 ], [ -80.372700193909878, 25.753930601798231 ], [ -80.372702883541209, 25.75391563267533 ], [ -80.372711671836257, 25.753916979478291 ], [ -80.372715706279337, 25.753894525792255 ], [ -80.372724494572481, 25.753895872594196 ], [ -80.372729873823786, 25.753865934343068 ], [ -80.372738662114287, 25.753867281143918 ], [ -80.372754799837452, 25.753777466370863 ], [ -80.372746011555705, 25.753776119571008 ], [ -80.372752735600912, 25.753738696741053 ], [ -80.372721616924309, 25.753710855836363 ], [ -80.372724306545251, 25.753695886702527 ], [ -80.37271551827213, 25.753694539899705 ], [ -80.372709419622225, 25.753678223961831 ], [ -80.372691843080261, 25.753675530352741 ], [ -80.372693187892835, 25.753668045785478 ], [ -80.372669512712946, 25.753649036231803 ], [ -80.372670857527012, 25.753641551664185 ], [ -80.372620817566158, 25.75361850167236 ], [ -80.372614093473899, 25.753655924507889 ], [ -80.372622881741606, 25.75365727131954 ], [ -80.372621536923191, 25.753664755886131 ], [ -80.37261274865476, 25.753663409074402 ], [ -80.372598581104853, 25.753692000525753 ], [ -80.372614812827692, 25.753702178716246 ], [ -80.372612123187878, 25.753717147846945 ], [ -80.372620911461667, 25.753718494658496 ], [ -80.372621630819566, 25.75376474885768 ], [ -80.372630419098272, 25.753766095668201 ], [ -80.372625039819155, 25.753796033923578 ], [ -80.372633828101044, 25.753797380733698 ], [ -80.372624414358853, 25.7538497726737 ], [ -80.372633202646128, 25.753851119483627 ], [ -80.372611685490597, 25.753970872454857 ], [ -80.37262047378978, 25.753972219265375 ], [ -80.372616439318776, 25.753994672942202 ], [ -80.372642804224526, 25.753998713369956 ] ] ] } },
{ "type": "Feature", "properties": { "hotspot_id": "fiu_hs_007", "area_m2": 279.44711969571745, "depth_max_m": 0.73624897003173828, "depth_mean_m": 0.4745938701014365, "building_frac": 0.0061145360529640744, "lots": null, "roads": null }, "geometry": { "type": "Polygon", "coordinates": [ [ [ -80.37690836725173, 25.752422041333482 ], [ -80.376909711685528, 25.752414556681487 ], [ -80.376944864524361, 25.752419942477175 ], [ -80.376946208955005, 25.752412457824665 ], [ -80.376965129803551, 25.752407666064929 ], [ -80.376973819159545, 25.752309019114801 ], [ -80.376965030960108, 25.752307672669016 ], [ -80.376973097519951, 25.752262764733498 ], [ -80.37696430932516, 25.75226141828745 ], [ -80.376969687030055, 25.75223147966021 ], [ -80.376960898838433, 25.752230133213736 ], [ -80.376964932116877, 25.752207679241529 ], [ -80.376948700165983, 25.752197501689192 ], [ -80.376942600833146, 25.75218118592511 ], [ -80.376907448090108, 25.752175800124597 ], [ -80.376885838424116, 25.752195561191535 ], [ -80.376866917616979, 25.75220035293988 ], [ -80.376850784391834, 25.752290168804972 ], [ -80.376859572587776, 25.752291515260577 ], [ -80.376848817091826, 25.752351392489071 ], [ -80.376857605293864, 25.752352738944609 ], [ -80.376852227543296, 25.752382677554529 ], [ -80.376861015748531, 25.752384024009629 ], [ -80.37685563799721, 25.752413962616767 ], [ -80.37690836725173, 25.752422041333482 ] ] ] } },
{ "type": "Feature", "properties": { "hotspot_id": "fiu_hs_008", "area_m2": 1639.1226214338199, "depth_max_m": 0.72710680961608887, "depth_mean_m": 0.36932823397936237, "building_frac": 0.0, "lots": null, "roads": null }, "geometry": { "type": "Polygon", "coordinates": [ [ [ -80.380692883459446, 25.760361586055456 ], [ -80.380724627570245, 25.760335686275166 ], [ -80.380742205692613, 25.760338378455568 ], [ -80.380753683208724, 25.760324755514208 ], [ -80.380771261329784, 25.760327447689718 ], [ -80.380782738839955, 25.760313824744642 ], [ -80.380800316959721, 25.76031651691531 ], [ -80.380801661182531, 25.760309032398997 ], [ -80.380832784762006, 25.760336870280295 ], [ -80.380834128982357, 25.76032938576402 ], [ -80.380842918044465, 25.760330731845279 ], [ -80.380848294920668, 25.760300793777962 ], [ -80.380857083980118, 25.760302139858126 ], [ -80.380858428197868, 25.760294655340715 ], [ -80.38088479537565, 25.760298693576431 ], [ -80.380906406136461, 25.760278932175197 ], [ -80.380923984253045, 25.760281624325032 ], [ -80.38094559500081, 25.760261862914483 ], [ -80.380963173115177, 25.760264555057798 ], [ -80.380964517323306, 25.760257070538113 ], [ -80.381019940075291, 25.760250177908418 ], [ -80.381021284278347, 25.76024269338766 ], [ -80.381030073334628, 25.760244039453301 ], [ -80.381031417536732, 25.760236554932273 ], [ -80.381080739610113, 25.760213347160988 ], [ -80.381086116398009, 25.760183409070141 ], [ -80.381094905449359, 25.760184755130481 ], [ -80.381098938035677, 25.760162301560076 ], [ -80.381107727085094, 25.760163647619432 ], [ -80.381110415473373, 25.76014867857134 ], [ -80.38111920452161, 25.760150024629752 ], [ -80.381123237100127, 25.760127571055943 ], [ -80.381140815193021, 25.760130263170026 ], [ -80.381152292620044, 25.760116640175248 ], [ -80.381205026898101, 25.760124716493831 ], [ -80.381206371083451, 25.760117231967691 ], [ -80.381215160130012, 25.76011857801808 ], [ -80.381214436190788, 25.760072324806814 ], [ -80.381171835171301, 25.760058110019028 ], [ -80.381170490983919, 25.76006559454612 ], [ -80.381161701943356, 25.760064248491705 ], [ -80.381157669377586, 25.760086702071536 ], [ -80.381140091292892, 25.760084009959947 ], [ -80.381141435483173, 25.7600765254337 ], [ -80.381071123160993, 25.760065756957786 ], [ -80.381069778964886, 25.760073241483376 ], [ -80.381025833768646, 25.760066511160925 ], [ -80.381024489568659, 25.760073995685882 ], [ -80.380945388225854, 25.760061881057087 ], [ -80.380946732432392, 25.760054396532869 ], [ -80.38093794339639, 25.760053050459323 ], [ -80.380936599189113, 25.760060534983449 ], [ -80.380919021116455, 25.760057842833895 ], [ -80.380920365325167, 25.760050358309911 ], [ -80.380911576289961, 25.760049012234077 ], [ -80.380914264708196, 25.760034043185701 ], [ -80.380905475674709, 25.760032697109274 ], [ -80.380908164093469, 25.760017728060287 ], [ -80.380884485421262, 25.759998720777716 ], [ -80.380885829632035, 25.759991236252787 ], [ -80.380877040603281, 25.759989890173753 ], [ -80.38087972902558, 25.759974921123469 ], [ -80.380863495184059, 25.759964744438218 ], [ -80.38087766105393, 25.759936152415204 ], [ -80.380861427219841, 25.759925975728375 ], [ -80.380864115642851, 25.759911006675505 ], [ -80.380855326622466, 25.759909660594253 ], [ -80.380858015046002, 25.759894691540765 ], [ -80.380849226027351, 25.759893345458945 ], [ -80.380854602874621, 25.759863407349957 ], [ -80.380845813859139, 25.759862061267725 ], [ -80.380848502282859, 25.759847092212222 ], [ -80.380839713269097, 25.759845746129383 ], [ -80.380846434328021, 25.759808323487682 ], [ -80.380828856308639, 25.75980563132056 ], [ -80.380817378872081, 25.759819254292648 ], [ -80.380799800851392, 25.759816562120683 ], [ -80.380795768204436, 25.759839015703868 ], [ -80.380812002014835, 25.759849192403863 ], [ -80.380810657799955, 25.759856676931179 ], [ -80.380801868785824, 25.759855330845156 ], [ -80.380797836137603, 25.759877784425679 ], [ -80.380768780652616, 25.759888715214522 ], [ -80.380767436433445, 25.759896199740364 ], [ -80.380732280365379, 25.759890815377627 ], [ -80.380726179794451, 25.759874500234055 ], [ -80.380698468526646, 25.759877946477626 ], [ -80.380697124301633, 25.759885431002772 ], [ -80.380720802902701, 25.759904438335269 ], [ -80.380719458679195, 25.759911922860084 ], [ -80.380710669660942, 25.759910576766508 ], [ -80.380707981211771, 25.75992554581541 ], [ -80.380699192192324, 25.759924199720889 ], [ -80.380695159514659, 25.759946653292509 ], [ -80.380686370493308, 25.759945307197 ], [ -80.380683682038907, 25.759960276243628 ], [ -80.380674893016362, 25.759958930147207 ], [ -80.38066817187277, 25.759996352759934 ], [ -80.380676960898967, 25.759997698856758 ], [ -80.380666207063115, 25.76005757502768 ], [ -80.380657418031078, 25.760056228930175 ], [ -80.380642631474799, 25.76013855864397 ], [ -80.380651420514852, 25.76013990474237 ], [ -80.38064066664414, 25.760199780883749 ], [ -80.380649455690289, 25.760201126982068 ], [ -80.380645422987172, 25.760223580532134 ], [ -80.380654212035793, 25.760224926629963 ], [ -80.380640769684476, 25.760299771785004 ], [ -80.380649558740629, 25.7603011178829 ], [ -80.380646870269075, 25.760316086911747 ], [ -80.380655659326976, 25.760317433009053 ], [ -80.380652970855948, 25.760332402037282 ], [ -80.380661759915569, 25.760333748134002 ], [ -80.380659071445109, 25.760348717161641 ], [ -80.380667860506449, 25.760350063257768 ], [ -80.380666516271589, 25.760357547771356 ], [ -80.380692883459446, 25.760361586055456 ] ] ] } },
{ "type": "Feature", "properties": { "hotspot_id": "fiu_hs_009", "area_m2": 712.89063599419057, "depth_max_m": 0.7043689489364624, "depth_mean_m": 0.36457675174114201, "building_frac": 0.0, "lots": null, "roads": null }, "geometry": { "type": "Polygon", "coordinates": [ [ [ -80.376134157137557, 25.758340521280743 ], [ -80.376135501728058, 25.758333036778701 ], [ -80.376179445681174, 25.758339769226236 ], [ -80.376180790267782, 25.758332284723597 ], [ -80.376219979181968, 25.758315217157588 ], [ -80.37622266834731, 25.75830024814988 ], [ -80.376231457135447, 25.7583015946336 ], [ -80.376240869201823, 25.758249203099933 ], [ -80.376232080418788, 25.758247856616791 ], [ -80.376233424999512, 25.758240372111288 ], [ -80.376242213781808, 25.758241718594338 ], [ -80.376247592099503, 25.758211780570036 ], [ -80.376231359121277, 25.758201603097444 ], [ -80.376239426598303, 25.758156696055003 ], [ -80.376230637824548, 25.758155349571357 ], [ -80.376234671562145, 25.758132896047766 ], [ -80.376225882790862, 25.758131549563604 ], [ -80.376233950264222, 25.75808664251166 ], [ -80.376225161497587, 25.75808529602724 ], [ -80.37622919523335, 25.758062842498887 ], [ -80.376220406469159, 25.758061496013973 ], [ -80.376223095626656, 25.758046526994267 ], [ -80.376214306864199, 25.758045180508759 ], [ -80.3762183406009, 25.758022726977998 ], [ -80.37619331890231, 25.758011203007268 ], [ -80.376197352642833, 25.757988749474908 ], [ -80.376188563886544, 25.757987402986942 ], [ -80.37618246429264, 25.757971087476051 ], [ -80.376164886784338, 25.757968394496668 ], [ -80.376166231366511, 25.757960909985432 ], [ -80.376113498852433, 25.757952831029684 ], [ -80.376112154265897, 25.75796031554043 ], [ -80.376094576761901, 25.757957622548968 ], [ -80.376093232173673, 25.757965107059331 ], [ -80.376075654669293, 25.757962414064668 ], [ -80.376072965489229, 25.757977383084491 ], [ -80.376064176735994, 25.75797603658588 ], [ -80.37604804162757, 25.758065850687494 ], [ -80.376056830389558, 25.75806719718711 ], [ -80.376051452015673, 25.758097135215092 ], [ -80.376042663250757, 25.758095788715142 ], [ -80.376039974060973, 25.75811075772781 ], [ -80.376048762827338, 25.758112104227926 ], [ -80.376042039852507, 25.758149526756586 ], [ -80.376050828622795, 25.758150873256373 ], [ -80.376049484027874, 25.758158357761609 ], [ -80.376040695256862, 25.758157011261741 ], [ -80.376036661468532, 25.758179464776028 ], [ -80.376045450241719, 25.758180811276148 ], [ -80.376041416453504, 25.758203264788921 ], [ -80.376050205229149, 25.758204611288544 ], [ -80.37604689264117, 25.75827331831675 ], [ -80.376055681423921, 25.758274664815595 ], [ -80.376052992230882, 25.758289633820137 ], [ -80.376061781015352, 25.758290980318392 ], [ -80.376059091822839, 25.758305949322313 ], [ -80.376067880609043, 25.758307295819975 ], [ -80.376063846820756, 25.758329749324691 ], [ -80.376134157137557, 25.758340521280743 ] ] ] } },
{ "type": "Feature", "properties": { "hotspot_id": "fiu_hs_010", "area_m2": 1241.7367979956593, "depth_max_m": 0.69168877601623535, "depth_mean_m": 0.2358990696366455, "building_frac": 0.0, "lots": null, "roads": null }, "geometry": { "type": "Polygon", "coordinates": [ [ [ -80.373728893492753, 25.760971288830497 ], [ -80.37373023832869, 25.760963804422023 ], [ -80.373756605379427, 25.760967844475523 ], [ -80.373757950212962, 25.760960360066626 ], [ -80.373793106281468, 25.760965746793698 ], [ -80.373794451111849, 25.760958262384261 ], [ -80.37383364166277, 25.760941195868451 ], [ -80.373834986489314, 25.760933711457906 ], [ -80.37385256452005, 25.760936404810021 ], [ -80.373853909344916, 25.76092892039911 ], [ -80.373885030940215, 25.760956760327094 ], [ -80.373883686117594, 25.76096424473776 ], [ -80.373918842195394, 25.76096963142183 ], [ -80.373920187015102, 25.760962147010844 ], [ -80.373972921135504, 25.760970227013757 ], [ -80.373974265950622, 25.760962742602064 ], [ -80.374029689697139, 25.760955853752314 ], [ -80.374031034507183, 25.760948369339555 ], [ -80.374085113434958, 25.760948964872551 ], [ -80.374086458240185, 25.760941480458904 ], [ -80.374147981384979, 25.760950907027532 ], [ -80.374146636584854, 25.760958391441779 ], [ -80.374165559428775, 25.760953600326054 ], [ -80.374164214630113, 25.760961084740462 ], [ -80.374190581700034, 25.760965124682805 ], [ -80.374191926496493, 25.76095764026816 ], [ -80.374263583479348, 25.760960928998323 ], [ -80.374264928269525, 25.760953444582604 ], [ -80.374308873391286, 25.760960177773228 ], [ -80.374310218177584, 25.760952693356931 ], [ -80.374362952328227, 25.760960773160232 ], [ -80.374364297109935, 25.76095328874322 ], [ -80.374462321176765, 25.760960617226196 ], [ -80.374463665949975, 25.760953132807906 ], [ -80.374472454976811, 25.760954479430563 ], [ -80.374475144521114, 25.760939510593197 ], [ -80.374457566470625, 25.760936817347453 ], [ -80.374462945562286, 25.760906879671065 ], [ -80.374446712292539, 25.760896702003539 ], [ -80.374450746612567, 25.760874248744134 ], [ -80.374441957594101, 25.760872902119267 ], [ -80.374444647141104, 25.760857933278846 ], [ -80.374427069107895, 25.760855240027187 ], [ -80.374429758656902, 25.760840271186339 ], [ -80.374403391613498, 25.760836231303674 ], [ -80.374398012505836, 25.760866168983618 ], [ -80.37438922348899, 25.760864822354218 ], [ -80.374386533932324, 25.760879791192838 ], [ -80.374368955896529, 25.760877097931449 ], [ -80.374367611116398, 25.760884582350311 ], [ -80.374339899280002, 25.760888026870706 ], [ -80.374353442972435, 25.760913173391565 ], [ -80.374387254279512, 25.760926044334163 ], [ -80.374384564720629, 25.760941013169862 ], [ -80.374366986672641, 25.760938319908647 ], [ -80.374365641891401, 25.760945804326038 ], [ -80.374312907749513, 25.760937724523728 ], [ -80.374311562963655, 25.760945208940434 ], [ -80.374286540682192, 25.760933684612372 ], [ -80.37428519589416, 25.760941169028822 ], [ -80.374267617849185, 25.760938475750628 ], [ -80.374270307427935, 25.760923506917884 ], [ -80.374298019278285, 25.760920062416599 ], [ -80.374302053637422, 25.760897609164665 ], [ -80.374293264618913, 25.760896262527215 ], [ -80.374294609405553, 25.760888778109607 ], [ -80.374275686582678, 25.760893569250022 ], [ -80.374274341794333, 25.760901053667283 ], [ -80.374256763757728, 25.760898360386896 ], [ -80.374258108547522, 25.760890875969803 ], [ -80.374161429373473, 25.760876062874527 ], [ -80.374160084575649, 25.760883547290707 ], [ -80.374072194438455, 25.76087008076022 ], [ -80.374070849633114, 25.760877565175374 ], [ -80.374018115559366, 25.760869485220283 ], [ -80.374016770749435, 25.76087696963473 ], [ -80.373902513613487, 25.760859462970874 ], [ -80.373903858432911, 25.760851978557497 ], [ -80.373859913396402, 25.760845245191632 ], [ -80.373861258219222, 25.760837760778465 ], [ -80.373843680207969, 25.760835067426978 ], [ -80.37384502503204, 25.760827583013807 ], [ -80.373828791848595, 25.760817405246261 ], [ -80.373840270500523, 25.760803783096542 ], [ -80.373796325493032, 25.760797049702497 ], [ -80.373797670320542, 25.760789565289031 ], [ -80.373780092320899, 25.760786871926285 ], [ -80.37377399298019, 25.760770556416773 ], [ -80.373730047994428, 25.760763822993699 ], [ -80.373739461818204, 25.760711432095956 ], [ -80.373748250809726, 25.760712778781496 ], [ -80.373750940470146, 25.760697809951655 ], [ -80.373742151480087, 25.760696463266274 ], [ -80.373736052152722, 25.760680147749834 ], [ -80.373718474176883, 25.760677454375628 ], [ -80.373712374855231, 25.760661138856815 ], [ -80.373687352733455, 25.76064961437276 ], [ -80.373690042402316, 25.760634645541518 ], [ -80.373698831385383, 25.760635992231606 ], [ -80.373700176218748, 25.760628507815618 ], [ -80.37367380927256, 25.760624467743334 ], [ -80.373662330618245, 25.760638089882182 ], [ -80.373653541635534, 25.760636743188975 ], [ -80.373648162284297, 25.760666680848569 ], [ -80.373639373298943, 25.760665334154286 ], [ -80.373638028459823, 25.760672818568619 ], [ -80.373621795329029, 25.760662640763449 ], [ -80.373615696026391, 25.760646325238135 ], [ -80.373571751114966, 25.760639591744845 ], [ -80.373560272442845, 25.760653213871667 ], [ -80.37355148346019, 25.760651867169813 ], [ -80.373548793767156, 25.760666835996634 ], [ -80.373579915172726, 25.760694676039904 ], [ -80.373578570328092, 25.76070216045277 ], [ -80.373587359316218, 25.760703507152087 ], [ -80.373586014472082, 25.760710991564821 ], [ -80.373603592450579, 25.760713684961374 ], [ -80.373600902764537, 25.760728653786607 ], [ -80.373592113773697, 25.760727307088569 ], [ -80.373589424085296, 25.760742275912868 ], [ -80.373580635093262, 25.760740929213885 ], [ -80.3735570527828, 25.760821911032075 ], [ -80.373565841782579, 25.760823257732728 ], [ -80.373563152086732, 25.760838226551805 ], [ -80.373579385243218, 25.760848404360591 ], [ -80.373578040396183, 25.760855888769804 ], [ -80.37361319641181, 25.760861275560142 ], [ -80.37361185156746, 25.760868759969494 ], [ -80.373620640572767, 25.760870106665266 ], [ -80.373599747958025, 25.760936119644981 ], [ -80.373624770149988, 25.760947644139932 ], [ -80.373626114994437, 25.760940159732257 ], [ -80.373661271046785, 25.760945546504733 ], [ -80.373659926205235, 25.760953030912734 ], [ -80.373712660296221, 25.760961111049237 ], [ -80.37371131545882, 25.760968595457545 ], [ -80.373728893492753, 25.760971288830497 ] ], [ [ -80.373826102197796, 25.760832374072482 ], [ -80.373817313193115, 25.760831027394087 ], [ -80.37381865801936, 25.760823542981161 ], [ -80.373827447023316, 25.76082488965946 ], [ -80.373826102197796, 25.760832374072482 ] ] ] } },
{ "type": "Feature", "properties": { "hotspot_id": "fiu_hs_011", "area_m2": 68.359376054095748, "depth_max_m": 0.66162312030792236, "depth_mean_m": 0.33919806008810527, "building_frac": 0.0052627864469596761, "lots": null, "roads": null }, "geometry": { "type": "Polygon", "coordinates": [ [ [ -80.377185684057181, 25.751933875063827 ], [ -80.377187028459858, 25.75192639039669 ], [ -80.377204604789469, 25.751929083252822 ], [ -80.377205949190454, 25.751921598585312 ], [ -80.377251234412682, 25.751920846043884 ], [ -80.377252578809575, 25.751913361375568 ], [ -80.377271499533791, 25.751908569551947 ], [ -80.377276877112294, 25.751878630875304 ], [ -80.377251857026337, 25.751867106938445 ], [ -80.377253201422334, 25.75185962226886 ], [ -80.377235625105143, 25.751856929420434 ], [ -80.377234280707668, 25.751864414089837 ], [ -80.377216704390094, 25.751861721238214 ], [ -80.377184962309016, 25.751887620629226 ], [ -80.377157253423903, 25.75189106600611 ], [ -80.377143087640519, 25.7519196582431 ], [ -80.377151875803847, 25.751921004675317 ], [ -80.377150531398257, 25.751928489342149 ], [ -80.377185684057181, 25.751933875063827 ] ] ] } },
{ "type": "Feature", "properties": { "hotspot_id": "fiu_hs_012", "area_m2": 7706.5806477070364, "depth_max_m": 0.63658416271209717, "depth_mean_m": 0.34376251759126131, "building_frac": 0.0, "lots": null, "roads": null }, "geometry": { "type": "Polygon", "coordinates": [ [ [ -80.378698630286848, 25.754872746042651 ], [ -80.37869997460551, 25.754865261425181 ], [ -80.378743917019023, 25.754871992851317 ], [ -80.378765526925619, 25.754852231561181 ], [ -80.378802025164418, 25.75485013206227 ], [ -80.378804713783182, 25.754835162823362 ], [ -80.378813502263952, 25.754836509101288 ], [ -80.378818879495824, 25.754806570620836 ], [ -80.378810091017996, 25.754805224343244 ], [ -80.378812779634018, 25.754790255101991 ], [ -80.378821568110411, 25.754791601379424 ], [ -80.378826945336797, 25.754761662894303 ], [ -80.378801924225414, 25.754750139439199 ], [ -80.378805957148671, 25.754727685573485 ], [ -80.378797168678929, 25.754726339294464 ], [ -80.378799857294737, 25.754711370049819 ], [ -80.378791068826729, 25.754710023770198 ], [ -80.378799134673031, 25.754665116032168 ], [ -80.378807923136677, 25.754666462311299 ], [ -80.378811956054534, 25.754644008439396 ], [ -80.378803167593091, 25.754642662160538 ], [ -80.378807200511091, 25.754620208287111 ], [ -80.378815988970359, 25.754621554565741 ], [ -80.378815266340879, 25.754575300535091 ], [ -80.378824054795786, 25.754576646813199 ], [ -80.378825399099213, 25.754569162187117 ], [ -80.378816610645046, 25.75456781590907 ], [ -80.378819299252683, 25.754552846656438 ], [ -80.37881051080025, 25.754551500377811 ], [ -80.378819920924869, 25.754499107988085 ], [ -80.378848974868291, 25.754488177563523 ], [ -80.378853007767475, 25.754465723677388 ], [ -80.378844219323241, 25.754464377401238 ], [ -80.378842875023011, 25.754471862030076 ], [ -80.378816509689756, 25.754467823196904 ], [ -80.37881785399216, 25.754460338568343 ], [ -80.378809065549021, 25.754458992289194 ], [ -80.378813098457059, 25.75443653840254 ], [ -80.378821886898024, 25.75443788468144 ], [ -80.378824575500772, 25.754422915422527 ], [ -80.378833363940558, 25.754424261700514 ], [ -80.378844840979539, 25.754410638717715 ], [ -80.378900260205995, 25.754403747102394 ], [ -80.378902948794348, 25.754388777839818 ], [ -80.378921869962099, 25.754383985750213 ], [ -80.37892590283785, 25.754361531853824 ], [ -80.378934691273031, 25.754362878123402 ], [ -80.378936035563768, 25.754355393490801 ], [ -80.378927247129312, 25.754354047221309 ], [ -80.378931280002291, 25.75433159332259 ], [ -80.378948856867112, 25.754334285860324 ], [ -80.378950201156186, 25.754326801226881 ], [ -80.378977910739906, 25.754323355393677 ], [ -80.37898597645507, 25.754278447586181 ], [ -80.37902516301358, 25.754261378733489 ], [ -80.379026507295038, 25.754253894097314 ], [ -80.378991353593932, 25.754248509043954 ], [ -80.378994042161978, 25.754233539771668 ], [ -80.37897780960111, 25.754223362604513 ], [ -80.378971709750289, 25.754207047065059 ], [ -80.378989286591391, 25.754209739596973 ], [ -80.379003452142967, 25.754181147312561 ], [ -80.379021028979849, 25.754183839839257 ], [ -80.379022373260469, 25.754176355201313 ], [ -80.379031161678597, 25.754177701463455 ], [ -80.379027128838231, 25.754200155376992 ], [ -80.379018340417915, 25.754198809114605 ], [ -80.379016996136613, 25.754206293751974 ], [ -80.379034572978952, 25.754208986276151 ], [ -80.379035917258804, 25.754201501638619 ], [ -80.379054838378934, 25.754196709521704 ], [ -80.379057526934574, 25.754181740245311 ], [ -80.379066315353768, 25.754183086504426 ], [ -80.379067659630522, 25.75417560186586 ], [ -80.379042638654624, 25.754164078447989 ], [ -80.37904801576714, 25.754134139891974 ], [ -80.379065592595992, 25.754136832411479 ], [ -80.379066936872093, 25.754129347771844 ], [ -80.379075725286185, 25.754130694030366 ], [ -80.379078413836254, 25.754115724750314 ], [ -80.379060837011238, 25.754113032232826 ], [ -80.379054737152657, 25.754096716692604 ], [ -80.379028371922331, 25.75409267790895 ], [ -80.379029716200932, 25.754085193268761 ], [ -80.379004695255787, 25.75407366983838 ], [ -80.379007383816216, 25.754058700557483 ], [ -80.379033749035358, 25.754062739346967 ], [ -80.379043158974312, 25.754010346855971 ], [ -80.379034370572754, 25.754009000594156 ], [ -80.379028270726323, 25.753992685047013 ], [ -80.379010693927484, 25.753989992519926 ], [ -80.379008005369727, 25.754004961804156 ], [ -80.378999216969262, 25.754003615539304 ], [ -80.378995184128726, 25.754026069463933 ], [ -80.378977607324217, 25.754023376931478 ], [ -80.378974918759795, 25.754038346213257 ], [ -80.378983707163371, 25.754039692480031 ], [ -80.37898101859949, 25.754054661761213 ], [ -80.3789898070048, 25.754056008027387 ], [ -80.378988462723242, 25.754063492667768 ], [ -80.378979674317208, 25.754062146401498 ], [ -80.378976985751962, 25.754077115681508 ], [ -80.378958064653361, 25.754081907785892 ], [ -80.378951343227769, 25.7541193309807 ], [ -80.378942554816717, 25.754117984711502 ], [ -80.378936556071295, 25.754201661992177 ], [ -80.378927767652229, 25.75420031572207 ], [ -80.378922390494637, 25.754230254265533 ], [ -80.378877104095139, 25.754231007536927 ], [ -80.378878448388747, 25.754223522901956 ], [ -80.378869659968387, 25.754222176626993 ], [ -80.378872348556385, 25.754207207356622 ], [ -80.378889925394475, 25.754209899905511 ], [ -80.378895302561915, 25.754179961361825 ], [ -80.378845260659446, 25.754156914436095 ], [ -80.378847949249604, 25.754141945163308 ], [ -80.378866870367162, 25.754137153080055 ], [ -80.378878347363397, 25.754123530081156 ], [ -80.378922289419222, 25.754130261446907 ], [ -80.378921566737773, 25.754084007345259 ], [ -80.378950620531114, 25.754073076877663 ], [ -80.378955997669451, 25.754043138317872 ], [ -80.378947209265959, 25.754041792048756 ], [ -80.3789485535507, 25.754034307408403 ], [ -80.378967474639538, 25.754029515305014 ], [ -80.378972851769475, 25.75399957674022 ], [ -80.37898164016913, 25.754000923007336 ], [ -80.378982984450303, 25.753993438365587 ], [ -80.378974196051374, 25.753992092098535 ], [ -80.378979573176707, 25.753962153529859 ], [ -80.378988361572723, 25.753963499796569 ], [ -80.378991050132555, 25.753948530510904 ], [ -80.378999838527392, 25.753949876776691 ], [ -80.379001182806235, 25.753942392133464 ], [ -80.37901875959524, 25.753945084662597 ], [ -80.379021448149331, 25.753930115375248 ], [ -80.379012659756143, 25.753928769111244 ], [ -80.379006559919318, 25.753912453558673 ], [ -80.378988983137219, 25.753909761027188 ], [ -80.378991671695303, 25.753894791738976 ], [ -80.378982883306122, 25.753893445472276 ], [ -80.378985571864746, 25.75387847618342 ], [ -80.378994360252477, 25.75387982244996 ], [ -80.379002425918472, 25.753834914578281 ], [ -80.378993637535118, 25.753833568312253 ], [ -80.378987537708426, 25.753817252753645 ], [ -80.379013902854126, 25.753821291551287 ], [ -80.3790152471298, 25.753813806904866 ], [ -80.379006458748364, 25.753812460639821 ], [ -80.37900780302455, 25.753804975993269 ], [ -80.378981437884022, 25.753800937193855 ], [ -80.378982782162154, 25.753793452547374 ], [ -80.37896654968398, 25.753783275364306 ], [ -80.378971926799139, 25.753753336776288 ], [ -80.378980715174123, 25.75375468304453 ], [ -80.378978026618455, 25.753769652339109 ], [ -80.37899425909545, 25.753779829520795 ], [ -80.378992914818511, 25.753787314167749 ], [ -80.379026724060722, 25.75380018387553 ], [ -80.379025379786228, 25.753807668522441 ], [ -80.379042956549, 25.753810361048558 ], [ -80.379045645094834, 25.753795391754238 ], [ -80.379029412609015, 25.75378521458115 ], [ -80.379034789702828, 25.753755275990027 ], [ -80.379008424576, 25.753751237196898 ], [ -80.379002324752307, 25.753734921634958 ], [ -80.378957038609073, 25.753735674942707 ], [ -80.378958382888285, 25.753728190294993 ], [ -80.3789495945163, 25.753726844024737 ], [ -80.378952283075492, 25.753711874728882 ], [ -80.37893470633523, 25.753709182186423 ], [ -80.37892322940192, 25.753722805209417 ], [ -80.378895520005671, 25.753726251034422 ], [ -80.37889148715135, 25.753748704974623 ], [ -80.378865122033105, 25.753744666144698 ], [ -80.378866466320289, 25.753737181498398 ], [ -80.378857677948801, 25.753735835220326 ], [ -80.378861710811194, 25.753713381280519 ], [ -80.378845478361853, 25.753703204075766 ], [ -80.378853544087789, 25.753658296190732 ], [ -80.378844755724401, 25.753656949911207 ], [ -80.378848788586467, 25.75363449596632 ], [ -80.378831211864878, 25.753631803405522 ], [ -80.378819734925628, 25.753645426420285 ], [ -80.378810946564059, 25.753644080137828 ], [ -80.378808257982826, 25.753659049433182 ], [ -80.37877310453338, 25.753653664295129 ], [ -80.378784581480929, 25.753640041285927 ], [ -80.378767004760192, 25.753637348714211 ], [ -80.378760283287193, 25.753674771949072 ], [ -80.378751494923577, 25.75367342566166 ], [ -80.378748806331316, 25.753688394954079 ], [ -80.378757594696381, 25.753689741241651 ], [ -80.37875490610466, 25.753704710533462 ], [ -80.378728541005898, 25.753700671667971 ], [ -80.378724508110025, 25.753723125603461 ], [ -80.378706931374509, 25.753720433022192 ], [ -80.378709619974885, 25.753705463732384 ], [ -80.378700831608981, 25.753704117440776 ], [ -80.378704864510041, 25.753681663504857 ], [ -80.378723785536167, 25.753676871440966 ], [ -80.37872647413235, 25.753661902148657 ], [ -80.378708897409027, 25.753659209567214 ], [ -80.378697420447224, 25.753672832567158 ], [ -80.378671055360684, 25.75366879368654 ], [ -80.378673743965606, 25.753653824395226 ], [ -80.378691320686784, 25.753656516982716 ], [ -80.378694009287869, 25.753641547690286 ], [ -80.378712930305937, 25.753636755627788 ], [ -80.378724407260648, 25.753623132624565 ], [ -80.378741983977221, 25.753625825203684 ], [ -80.378747361159313, 25.753595886612505 ], [ -80.378731128744974, 25.753585709385955 ], [ -80.378733817337121, 25.753570740089145 ], [ -80.378716240631817, 25.753568047508175 ], [ -80.378717584929007, 25.753560562859651 ], [ -80.378698663927608, 25.753565354924174 ], [ -80.378694631030314, 25.75358780886809 ], [ -80.378720996093605, 25.753591847743699 ], [ -80.378718307498644, 25.75360681703917 ], [ -80.378680465473906, 25.753616401163541 ], [ -80.378677776871271, 25.753631370456805 ], [ -80.378660200155551, 25.753628677866775 ], [ -80.378661544458438, 25.753621193220397 ], [ -80.378633835084003, 25.753624638976056 ], [ -80.378635179389065, 25.753617154329923 ], [ -80.378608814322121, 25.75361311543266 ], [ -80.378604781399659, 25.753635569369681 ], [ -80.378575727708082, 25.753646499754701 ], [ -80.378574383397478, 25.753653984399364 ], [ -80.378539229964389, 25.753648599181336 ], [ -80.378541918591182, 25.753633629892505 ], [ -80.378525686193683, 25.753623452634763 ], [ -80.378529719135855, 25.753600998699977 ], [ -80.37849456572674, 25.753595613465794 ], [ -80.378491877093026, 25.753610582755169 ], [ -80.378500665446367, 25.753611929065009 ], [ -80.378499321129894, 25.753619413709508 ], [ -80.378516897838836, 25.753622106327104 ], [ -80.378512864892414, 25.753644560259879 ], [ -80.378448657758298, 25.753650105369722 ], [ -80.378454035041941, 25.753620166796168 ], [ -80.378426325659689, 25.753623612495936 ], [ -80.378429014304956, 25.753608643208896 ], [ -80.37842022595305, 25.753607296892916 ], [ -80.378424258921456, 25.753584842961136 ], [ -80.378406682222831, 25.7535821503274 ], [ -80.378408026546623, 25.753574665683246 ], [ -80.378372873155527, 25.753569280407035 ], [ -80.378371528828808, 25.753576765050859 ], [ -80.378362740480981, 25.753575418729831 ], [ -80.378356018840336, 25.753612841945582 ], [ -80.378329653787546, 25.753608802976728 ], [ -80.378330998118315, 25.753601318334219 ], [ -80.378322209768641, 25.753599972009845 ], [ -80.378320865437132, 25.753607456652254 ], [ -80.378303288737158, 25.753604764001079 ], [ -80.378291811719507, 25.753618386958127 ], [ -80.378272890682396, 25.753623178943503 ], [ -80.37826482466258, 25.753668086788014 ], [ -80.378256036307235, 25.75366674045824 ], [ -80.378245281595483, 25.753726617572706 ], [ -80.378236493234581, 25.753725271241546 ], [ -80.378219638821761, 25.753768832736306 ], [ -80.378210850457023, 25.753767486403135 ], [ -80.378208161769649, 25.753782455676973 ], [ -80.378199373403731, 25.753781109342867 ], [ -80.378195340368791, 25.753803563251935 ], [ -80.378186552000955, 25.753802216916828 ], [ -80.378185207654795, 25.753809701552694 ], [ -80.378193996023356, 25.753811047887893 ], [ -80.37819130733179, 25.753826017159227 ], [ -80.378208884072635, 25.75382870982768 ], [ -80.378194718319108, 25.753857302034515 ], [ -80.378210950721481, 25.753867479336975 ], [ -80.378192751921475, 25.753918525441406 ], [ -80.378223872407204, 25.753946364673254 ], [ -80.378222528061997, 25.75395384930621 ], [ -80.378257681597916, 25.753959234627235 ], [ -80.378252304226507, 25.753989173158462 ], [ -80.3782333831073, 25.75399396513096 ], [ -80.378229350071265, 25.754016419026261 ], [ -80.378202984903055, 25.75401238003009 ], [ -80.378197607509748, 25.754042318553445 ], [ -80.378188819117966, 25.754040972219542 ], [ -80.378180753016736, 25.754085879998215 ], [ -80.378153043476701, 25.754089325619336 ], [ -80.378151699123279, 25.754096810248001 ], [ -80.378167931564946, 25.754106987549541 ], [ -80.378165242859865, 25.754121956806223 ], [ -80.378156454460608, 25.754120610469901 ], [ -80.378155110107002, 25.754128095097851 ], [ -80.378163898506983, 25.754129441434269 ], [ -80.37816255415386, 25.754136926062124 ], [ -80.37818891935764, 25.754140965067055 ], [ -80.378187575006478, 25.754148449694966 ], [ -80.378196363409003, 25.754149796028507 ], [ -80.378193674707475, 25.754164765283907 ], [ -80.378184886303472, 25.754163418950188 ], [ -80.378178164541978, 25.754200842084856 ], [ -80.378169376134608, 25.754199495749965 ], [ -80.37816534307278, 25.754221949628203 ], [ -80.378156554663505, 25.754220603292296 ], [ -80.378152521597414, 25.754243057168534 ], [ -80.378161310008863, 25.754244403504678 ], [ -80.378158621298454, 25.754259372754667 ], [ -80.378167409711637, 25.754260719090233 ], [ -80.378164721001752, 25.754275688339622 ], [ -80.378173509416669, 25.754277034674573 ], [ -80.378165443285894, 25.754321942418617 ], [ -80.378174231705458, 25.754323288753316 ], [ -80.378168854283274, 25.754353227245769 ], [ -80.378177642706021, 25.754354573580041 ], [ -80.378173609639163, 25.754377027447596 ], [ -80.378182398064354, 25.754378373781378 ], [ -80.378178364997623, 25.754400827647437 ], [ -80.378187153425287, 25.75440217398069 ], [ -80.378185809069976, 25.754409658602395 ], [ -80.378212174356733, 25.754413697597887 ], [ -80.37822571815957, 25.754438844123012 ], [ -80.378241950673086, 25.754449021401879 ], [ -80.378239261970151, 25.754463990644311 ], [ -80.378264282926068, 25.754475514246597 ], [ -80.378261594226146, 25.754490483488386 ], [ -80.378252805788506, 25.754489137161848 ], [ -80.378251461437458, 25.754496621782373 ], [ -80.378267693964645, 25.754506799055321 ], [ -80.378266349614606, 25.754514283675608 ], [ -80.378300159030331, 25.754527153592573 ], [ -80.378297470334928, 25.754542122832838 ], [ -80.37832383566662, 25.754546161798039 ], [ -80.378322491320773, 25.754553646418149 ], [ -80.378358989445985, 25.754551547074403 ], [ -80.378370466575234, 25.754537924149997 ], [ -80.378405620354172, 25.754543309410554 ], [ -80.378406964692786, 25.754535824789123 ], [ -80.378425885919327, 25.754531032792929 ], [ -80.37842857459249, 25.754516063548756 ], [ -80.378419786149735, 25.754514717236603 ], [ -80.378423819159934, 25.754492263369155 ], [ -80.378432607600502, 25.75449360968107 ], [ -80.378433951936046, 25.754486125058119 ], [ -80.378460317257208, 25.754490163989058 ], [ -80.378450906918872, 25.754542556347385 ], [ -80.378459695364896, 25.754543902656774 ], [ -80.378457006696195, 25.754558871900429 ], [ -80.378509737386764, 25.754566949741847 ], [ -80.378515837176721, 25.754583265290144 ], [ -80.378533414079172, 25.754585957896726 ], [ -80.378532069750591, 25.754593442518601 ], [ -80.378557090781854, 25.754604966045004 ], [ -80.378545613672813, 25.754618588987327 ], [ -80.378554402127904, 25.754619935288304 ], [ -80.378553057800573, 25.754627419909671 ], [ -80.37859700008373, 25.754634151403604 ], [ -80.378595655759824, 25.754641636025184 ], [ -80.378604444217984, 25.754642982321784 ], [ -80.378597722598656, 25.754680405427187 ], [ -80.378606511060724, 25.754681751723453 ], [ -80.378602478088553, 25.754704205584638 ], [ -80.378626154838102, 25.754723213709916 ], [ -80.378624810515305, 25.754730698329794 ], [ -80.378643731771973, 25.754725906296461 ], [ -80.378650453375172, 25.754688483193412 ], [ -80.378678163084857, 25.754685037444872 ], [ -80.378674130130861, 25.754707491308604 ], [ -80.378682918596823, 25.754708837598223 ], [ -80.378680229961148, 25.75472380683992 ], [ -80.378696462580066, 25.754733984037941 ], [ -80.37869511826311, 25.754741468658473 ], [ -80.378686329793709, 25.754740122370041 ], [ -80.37868364115765, 25.754755091610331 ], [ -80.378630910338046, 25.754747013862833 ], [ -80.378629566015292, 25.754754498482185 ], [ -80.378620777545578, 25.754753152188208 ], [ -80.378615400249373, 25.754783090663377 ], [ -80.378624188722014, 25.754784436957689 ], [ -80.378622844398123, 25.754791921576064 ], [ -80.378649209819827, 25.754795960454725 ], [ -80.37864517685334, 25.754818414309458 ], [ -80.378636388376989, 25.754817068017076 ], [ -80.378633699730045, 25.754832037252434 ], [ -80.378594512840607, 25.754849105925281 ], [ -80.378593168513206, 25.754856590541767 ], [ -80.378619533952971, 25.75486062942721 ], [ -80.378620878278198, 25.754853144810475 ], [ -80.378698630286848, 25.754872746042651 ] ], [ [ -80.378375843939963, 25.754507985664443 ], [ -80.378367055498828, 25.754506639347767 ], [ -80.378368399840156, 25.754499154725963 ], [ -80.378377188280581, 25.754500501042582 ], [ -80.378375843939963, 25.754507985664443 ] ], [ [ -80.378774012685852, 25.754553599881699 ], [ -80.37876522423403, 25.754552253599201 ], [ -80.378767912849952, 25.754537284347187 ], [ -80.378776701300325, 25.754538630629515 ], [ -80.378774012685852, 25.754553599881699 ] ], [ [ -80.378284548495358, 25.754463237654175 ], [ -80.378275760060092, 25.754461891329491 ], [ -80.378278448756717, 25.754446922086 ], [ -80.378269660323184, 25.754445575760734 ], [ -80.378271004671902, 25.754438091138766 ], [ -80.378297369971122, 25.754442130112071 ], [ -80.37829468127785, 25.754457099356287 ], [ -80.378285892843053, 25.754455753032452 ], [ -80.378284548495358, 25.754463237654175 ] ], [ [ -80.378771945772129, 25.754514830467713 ], [ -80.378754368876599, 25.754512137901262 ], [ -80.378757057493146, 25.754497168647632 ], [ -80.378748269047236, 25.754495822363449 ], [ -80.378749613355907, 25.75448833773644 ], [ -80.378721903711138, 25.754491783506339 ], [ -80.378719215088751, 25.754506752759308 ], [ -80.37867661717496, 25.754492536688897 ], [ -80.378679305804184, 25.754477567436389 ], [ -80.378670517361428, 25.754476221145477 ], [ -80.378671861676409, 25.754468736518991 ], [ -80.37868065011844, 25.754470082809814 ], [ -80.378687371686311, 25.754432659674126 ], [ -80.378715081313757, 25.754429213912871 ], [ -80.378713737003068, 25.754436698540822 ], [ -80.378757679203048, 25.754443429970213 ], [ -80.378756334895755, 25.754450914598404 ], [ -80.378773911779092, 25.754453607165022 ], [ -80.378780011610289, 25.754469922703489 ], [ -80.378788800054082, 25.754471268985085 ], [ -80.378777322998488, 25.754484891959006 ], [ -80.378768534553501, 25.754483545676493 ], [ -80.378764501631892, 25.75450599955807 ], [ -80.378773290079067, 25.754507345840825 ], [ -80.378771945772129, 25.754514830467713 ] ], [ [ -80.378626575151713, 25.754469489679572 ], [ -80.378600209829116, 25.754465450790946 ], [ -80.378601554149938, 25.754457966165131 ], [ -80.378592765710337, 25.754456619867511 ], [ -80.378594110031656, 25.754449135241586 ], [ -80.378562989250213, 25.754421296165912 ], [ -80.378565677896631, 25.754406326912978 ], [ -80.378549445353471, 25.754396149683792 ], [ -80.378553478325045, 25.754373695802858 ], [ -80.378544689894625, 25.754372349500766 ], [ -80.378547378542663, 25.754357380245999 ], [ -80.378538590113962, 25.754356033943317 ], [ -80.37854127876254, 25.75434106468796 ], [ -80.378532490335559, 25.754339718384678 ], [ -80.378535178984677, 25.754324749128696 ], [ -80.378508813709786, 25.754320710214824 ], [ -80.378512846688295, 25.754298256330149 ], [ -80.378504058266032, 25.754296910024255 ], [ -80.378505402592481, 25.754289425395719 ], [ -80.378514191014006, 25.754290771701516 ], [ -80.37851687966473, 25.754275802443704 ], [ -80.378525668085061, 25.754277148748596 ], [ -80.378522979435786, 25.754292118006575 ], [ -80.378539211956635, 25.754302295243281 ], [ -80.378537867632886, 25.754309779871953 ], [ -80.378587909541778, 25.754332826936025 ], [ -80.378590598181233, 25.754317857678274 ], [ -80.378559477447453, 25.754290018589991 ], [ -80.378564854732502, 25.754260080071138 ], [ -80.378582431571758, 25.754262772672082 ], [ -80.378588531354083, 25.754279088231733 ], [ -80.378597319775849, 25.754280434530486 ], [ -80.378594631138682, 25.754295403790206 ], [ -80.378603419562168, 25.754296750088361 ], [ -80.378596697968902, 25.754334173234607 ], [ -80.37861427482396, 25.754336865829494 ], [ -80.37861293050608, 25.754344350458318 ], [ -80.37866566108211, 25.75435242822531 ], [ -80.378664316768365, 25.754359912854444 ], [ -80.378673105199383, 25.7543612591464 ], [ -80.378661628140208, 25.754374882112145 ], [ -80.37861903029976, 25.754360666011959 ], [ -80.378617685981922, 25.754368150640282 ], [ -80.378626474413039, 25.754369496936174 ], [ -80.378622441460323, 25.754391950820271 ], [ -80.378631229893898, 25.754393297115644 ], [ -80.378628541259062, 25.754408266370902 ], [ -80.378652217934402, 25.754427274507936 ], [ -80.378649529302123, 25.754442243762142 ], [ -80.378640740863361, 25.754440897468516 ], [ -80.378636707911014, 25.754463351348104 ], [ -80.378627919470347, 25.75446200505349 ], [ -80.378626575151713, 25.754469489679572 ] ], [ [ -80.37893262429283, 25.754324108689289 ], [ -80.378915047430567, 25.754321416148663 ], [ -80.378917736013875, 25.754306446881841 ], [ -80.378894059313609, 25.754287438798634 ], [ -80.378896747899461, 25.754272469530726 ], [ -80.378905536325263, 25.754273815803188 ], [ -80.378906880617123, 25.754266331168864 ], [ -80.378924457468102, 25.754269023711338 ], [ -80.37892311317772, 25.754276508345821 ], [ -80.378948134169988, 25.754288031788658 ], [ -80.378945445592436, 25.754303001057142 ], [ -80.378954234022061, 25.754304347325327 ], [ -80.378952889733654, 25.754311831959367 ], [ -80.378933968583141, 25.754316624055797 ], [ -80.37893262429283, 25.754324108689289 ] ], [ [ -80.378531045380853, 25.754247210230314 ], [ -80.378514812871146, 25.754237032990538 ], [ -80.378508713105433, 25.75422071742436 ], [ -80.378464771036064, 25.75421398588394 ], [ -80.378466115364574, 25.75420650125395 ], [ -80.378448538540184, 25.754203808632667 ], [ -80.378451227199434, 25.75418883937245 ], [ -80.378442438789108, 25.75418749306084 ], [ -80.37844378311911, 25.754180008430531 ], [ -80.378452571528726, 25.754181354742055 ], [ -80.378464048595035, 25.754167731791295 ], [ -80.378439027700651, 25.75415620822638 ], [ -80.378443060689449, 25.754133754332752 ], [ -80.37843427228475, 25.754132408020208 ], [ -80.37843561661461, 25.754124923388716 ], [ -80.378444405018598, 25.754126269701164 ], [ -80.378445749347492, 25.754118785069384 ], [ -80.378472114558846, 25.754122824002003 ], [ -80.378485658391256, 25.754147970515987 ], [ -80.378512023613212, 25.754152009437981 ], [ -80.378509334965443, 25.754166978701519 ], [ -80.378525567461566, 25.754177155944397 ], [ -80.378522878815332, 25.754192125207098 ], [ -80.37851409040357, 25.754190778901613 ], [ -80.378510057430304, 25.754213232793958 ], [ -80.378535078350296, 25.754224756339532 ], [ -80.378531045380853, 25.754247210230314 ] ], [ [ -80.378850117181273, 25.754280707424183 ], [ -80.378832540330208, 25.754278014869104 ], [ -80.378833884628349, 25.754270530235836 ], [ -80.37885146147795, 25.75427322279074 ], [ -80.378850117181273, 25.754280707424183 ] ], [ [ -80.378988665024963, 25.754263478315448 ], [ -80.378953511322337, 25.754258093249316 ], [ -80.378956199897146, 25.754243123978473 ], [ -80.378982565169338, 25.754247162778718 ], [ -80.378988665024963, 25.754263478315448 ] ], [ [ -80.378181475307755, 25.754132134104815 ], [ -80.378172686907249, 25.754130787769906 ], [ -80.378174031259405, 25.754123303141792 ], [ -80.378182819659202, 25.754124649476605 ], [ -80.378181475307755, 25.754132134104815 ] ], [ [ -80.378834506289607, 25.754216791519486 ], [ -80.37880814103336, 25.754212752680921 ], [ -80.378809485332582, 25.754205268046412 ], [ -80.378791908497874, 25.75420257548377 ], [ -80.378785808683062, 25.754186259932222 ], [ -80.378812173930328, 25.754190298776848 ], [ -80.378814862527165, 25.754175329506513 ], [ -80.378841227772483, 25.75417936834382 ], [ -80.378838539180023, 25.754194337614663 ], [ -80.378847327597128, 25.754195683892419 ], [ -80.378845983301275, 25.754203168527638 ], [ -80.378837194883445, 25.754201822249819 ], [ -80.378834506289607, 25.754216791519486 ] ], [ [ -80.378345043915175, 25.754126429483627 ], [ -80.378318678708595, 25.754122390518503 ], [ -80.378321367387514, 25.754107421257835 ], [ -80.378297690870127, 25.754088413025475 ], [ -80.378299035210958, 25.754080928394721 ], [ -80.378307823608438, 25.754082274719021 ], [ -80.378310512287982, 25.754067305456751 ], [ -80.378336877477636, 25.754071344424666 ], [ -80.378334188802455, 25.754086313687434 ], [ -80.378342977201015, 25.754087660008729 ], [ -80.378341632863808, 25.754095144639905 ], [ -80.378350421263363, 25.754096490960524 ], [ -80.378351765599831, 25.754089006329266 ], [ -80.378376786463619, 25.754100529917832 ], [ -80.378372753459402, 25.754122983811207 ], [ -80.378346388252581, 25.75411894485314 ], [ -80.378345043915175, 25.754126429483627 ] ], [ [ -80.378288902472192, 25.754087066700315 ], [ -80.378271325677147, 25.754084374047729 ], [ -80.378274014362972, 25.754069404786495 ], [ -80.378290246813762, 25.754079582069647 ], [ -80.378288902472192, 25.754087066700315 ] ], [ [ -80.378247649176785, 25.754065365802443 ], [ -80.37823141673357, 25.754055188512154 ], [ -80.378225317033184, 25.754038872919804 ], [ -80.37825168221039, 25.754042911909909 ], [ -80.378247649176785, 25.754065365802443 ] ], [ [ -80.379026406100962, 25.754153901286255 ], [ -80.379017617685292, 25.754152555023627 ], [ -80.37902030624592, 25.754137585746133 ], [ -80.37902909466014, 25.754138932008601 ], [ -80.379026406100962, 25.754153901286255 ] ], [ [ -80.37900810654267, 25.754104954662235 ], [ -80.378999318132188, 25.75410360839782 ], [ -80.379000662413432, 25.754096123758256 ], [ -80.379009450823176, 25.754097470022582 ], [ -80.37900810654267, 25.754104954662235 ] ], [ [ -80.378829548823731, 25.753993005643654 ], [ -80.378811972030931, 25.753990313082625 ], [ -80.378813316326415, 25.753982828442808 ], [ -80.378778162746983, 25.753977443312007 ], [ -80.378783539938269, 25.753947504752201 ], [ -80.378742286586174, 25.753925804043075 ], [ -80.378743630886618, 25.753918319402654 ], [ -80.378762551961657, 25.753913527335207 ], [ -80.37876658485655, 25.753891073411719 ], [ -80.378775373242163, 25.753892419696918 ], [ -80.378776717539282, 25.753884935055265 ], [ -80.378794294309898, 25.753887627623229 ], [ -80.378791605718362, 25.753902596906627 ], [ -80.378782817331469, 25.75390125062286 ], [ -80.378781473034621, 25.753908735264208 ], [ -80.378853124434215, 25.753912020871798 ], [ -80.37885922424249, 25.753928336433479 ], [ -80.378868012633262, 25.753929682710606 ], [ -80.378865324053024, 25.753944651993947 ], [ -80.378856535660788, 25.753943305716646 ], [ -80.378852502786515, 25.753965759639957 ], [ -80.37884371439236, 25.753964413361668 ], [ -80.378829548823731, 25.753993005643654 ] ], [ [ -80.378936975485075, 25.753947937542772 ], [ -80.378886933703967, 25.753924890620443 ], [ -80.378889622279928, 25.753909921335598 ], [ -80.378873389791011, 25.75389974414157 ], [ -80.378880111233016, 25.753862320925915 ], [ -80.378888899617507, 25.753863667201525 ], [ -80.378890243904493, 25.753856182557733 ], [ -80.378906476387314, 25.753866359750496 ], [ -80.378905132101551, 25.753873844394267 ], [ -80.378931497260453, 25.75387788321229 ], [ -80.378924775839167, 25.753915306429477 ], [ -80.378941008336923, 25.753925483614886 ], [ -80.378936975485075, 25.753947937542772 ] ], [ [ -80.378854367727314, 25.753804543308096 ], [ -80.378836790971505, 25.753801850749699 ], [ -80.378840823842268, 25.753779396815386 ], [ -80.378857056305137, 25.75378957401842 ], [ -80.378854367727314, 25.753804543308096 ] ], [ [ -80.378669811845015, 25.753776271294051 ], [ -80.378652235100517, 25.75377357870391 ], [ -80.378653579406304, 25.753766094061064 ], [ -80.378644791035185, 25.753764747764937 ], [ -80.37864747964754, 25.753749778478856 ], [ -80.378629902909026, 25.753747085884637 ], [ -80.37862855860152, 25.753754570527619 ], [ -80.378603537803301, 25.753743046987683 ], [ -80.378604882112768, 25.753735562344769 ], [ -80.378623803155989, 25.753730770300059 ], [ -80.378629180384834, 25.753700831724984 ], [ -80.378654201174399, 25.753712355260213 ], [ -80.378655545479063, 25.753704870615913 ], [ -80.378690698941824, 25.753710255793262 ], [ -80.378685321733371, 25.75374019437065 ], [ -80.378702898472199, 25.753742886955443 ], [ -80.378700209869521, 25.7537578562433 ], [ -80.378671156149338, 25.753768786651058 ], [ -80.378669811845015, 25.753776271294051 ] ], [ [ -80.378751595803891, 25.753773418624668 ], [ -80.378734019057475, 25.753770726048451 ], [ -80.378727919283421, 25.753754410471242 ], [ -80.37871034254151, 25.753751717890815 ], [ -80.378713031142283, 25.7537367486024 ], [ -80.378729263582457, 25.753746925826952 ], [ -80.378731952179848, 25.753731956537827 ], [ -80.37874074054902, 25.753733302826653 ], [ -80.378746840323984, 25.753749618404182 ], [ -80.378755628695146, 25.753750964691662 ], [ -80.378751595803891, 25.753773418624668 ] ], [ [ -80.379028068334975, 25.753792699228445 ], [ -80.379019279955457, 25.753791352964402 ], [ -80.379020624230222, 25.753783868317182 ], [ -80.379029412609015, 25.75378521458115 ], [ -80.379028068334975, 25.753792699228445 ] ], [ [ -80.378790782182506, 25.753756349834028 ], [ -80.378781993810264, 25.753755003549564 ], [ -80.378783338104697, 25.753747518904603 ], [ -80.378792126476199, 25.75374886518896 ], [ -80.378790782182506, 25.753756349834028 ] ], [ [ -80.378821180174725, 25.753737934746361 ], [ -80.378803603433269, 25.753735242181737 ], [ -80.378804947725556, 25.753727757536023 ], [ -80.378823868756157, 25.753722965454401 ], [ -80.378821180174725, 25.753737934746361 ] ], [ [ -80.378649445724193, 25.753688555030681 ], [ -80.378631868997886, 25.753685862436285 ], [ -80.378618325194893, 25.753660715904871 ], [ -80.378647378885873, 25.753649785508291 ], [ -80.378646034581337, 25.753657270153784 ], [ -80.378654822941698, 25.753658616450267 ], [ -80.378649445724193, 25.753688555030681 ] ] ] } },
{ "type": "Feature", "properties": { "hotspot_id": "fiu_hs_013", "area_m2": 1419.7716565146823, "depth_max_m": 0.6315464973449707, "depth_mean_m": 0.25496642097594246, "building_frac": 0.0, "lots": "East of PG2 Parking Lot", "roads": null }, "geometry": { "type": "Polygon", "coordinates": [ [ [ -80.370434715852639, 25.754175574320271 ], [ -80.370436060865359, 25.754168089794312 ], [ -80.370488790582712, 25.754176171755851 ], [ -80.370490135590828, 25.75416868722921 ], [ -80.370516500450961, 25.754172728199528 ], [ -80.370517845456675, 25.754165243672436 ], [ -80.370544210317036, 25.754169284635701 ], [ -80.370545555320334, 25.754161800108143 ], [ -80.370554343606941, 25.754163147094307 ], [ -80.370557033611377, 25.754148178038509 ], [ -80.370548245326233, 25.754146831052502 ], [ -80.37055093533121, 25.754131861996079 ], [ -80.3705421470478, 25.754130515009493 ], [ -80.370546182055733, 25.754108061423636 ], [ -80.370554970336968, 25.754109408409974 ], [ -80.370557660339657, 25.754094439351601 ], [ -80.370566448619698, 25.754095786337011 ], [ -80.370570483619815, 25.754073332747723 ], [ -80.370579271897938, 25.754074679732131 ], [ -80.370575863616779, 25.754043394625988 ], [ -80.37060491843593, 25.754032466513397 ], [ -80.370610298418626, 25.754002528386 ], [ -80.370619086690283, 25.754003875367303 ], [ -80.370623121672708, 25.753981421769446 ], [ -80.370614333403239, 25.753980074788402 ], [ -80.370617023391844, 25.753965105722358 ], [ -80.370634599928124, 25.75396779968338 ], [ -80.370635944920608, 25.753960315149904 ], [ -80.370612270107472, 25.753941305140444 ], [ -80.370613615101462, 25.75393382060664 ], [ -80.370631191631375, 25.753936514568512 ], [ -80.370640606572721, 25.753884122825216 ], [ -80.370615586786457, 25.753872597347737 ], [ -80.370616931779111, 25.753865112812271 ], [ -80.370599355263934, 25.753862418847351 ], [ -80.370604735238118, 25.753832480704155 ], [ -80.370613523492651, 25.75383382768667 ], [ -80.370614868484893, 25.753826343150298 ], [ -80.370641233247923, 25.753830384093018 ], [ -80.370647331523926, 25.753846700145612 ], [ -80.370663563049092, 25.753856878638949 ], [ -80.370666253025519, 25.7538419095658 ], [ -80.370693962781274, 25.753838465958047 ], [ -80.370695307766724, 25.753830981420737 ], [ -80.370668943001021, 25.753826940491894 ], [ -80.370680421229125, 25.753813318394052 ], [ -80.370645268216705, 25.753807930482004 ], [ -80.370646613205849, 25.753800445944602 ], [ -80.370664189710055, 25.753803139901972 ], [ -80.370668224671718, 25.753780686288128 ], [ -80.370659436421661, 25.753779339310068 ], [ -80.370663471383452, 25.753756885694727 ], [ -80.370654683135854, 25.75375553871616 ], [ -80.3706600630846, 25.753725600559974 ], [ -80.370677639574239, 25.753728294515682 ], [ -80.370678984559405, 25.753720809975988 ], [ -80.37069790603212, 25.753716019388449 ], [ -80.370700595998358, 25.753701050307757 ], [ -80.370718172484331, 25.75370374425675 ], [ -80.370723552408251, 25.753673806092333 ], [ -80.37074247386839, 25.753669015495895 ], [ -80.370743818847117, 25.753661530953941 ], [ -80.370707320909972, 25.753663627602585 ], [ -80.370708665891598, 25.753656143060979 ], [ -80.370736375587057, 25.753652699439776 ], [ -80.370732967266264, 25.753621414297143 ], [ -80.370760676949786, 25.75361797066903 ], [ -80.370764711878252, 25.753595517038281 ], [ -80.37078228834504, 25.75359821097722 ], [ -80.370783633319277, 25.753590726433067 ], [ -80.370767401829411, 25.75358054795014 ], [ -80.370770091779661, 25.753565578861213 ], [ -80.370787668240624, 25.753568272799484 ], [ -80.370790358187037, 25.753553303709452 ], [ -80.370772781728988, 25.753550609771505 ], [ -80.370775471677405, 25.753535640681037 ], [ -80.370886310283467, 25.753521866074077 ], [ -80.370890345175368, 25.753499412431566 ], [ -80.370881556950067, 25.753498065471273 ], [ -80.370886936805647, 25.753468127278904 ], [ -80.370905858212552, 25.753463336649293 ], [ -80.370908548135588, 25.753448367551215 ], [ -80.370937602716353, 25.753437439324156 ], [ -80.370941637591244, 25.753414985673668 ], [ -80.370976790464468, 25.753420373491142 ], [ -80.370978135419392, 25.753412888940264 ], [ -80.370986923637645, 25.753414235892667 ], [ -80.370990958498865, 25.753391782238609 ], [ -80.371009879883616, 25.753386991588702 ], [ -80.371013914737716, 25.753364537931816 ], [ -80.371022702951677, 25.753365884881351 ], [ -80.371024047901841, 25.753358400328587 ], [ -80.371049067595166, 25.753369925725465 ], [ -80.371072023810257, 25.753342681403844 ], [ -80.371124753090271, 25.753350763060556 ], [ -80.37112609803151, 25.75334327850608 ], [ -80.371134886245073, 25.75334462544614 ], [ -80.371134167674143, 25.75329837117523 ], [ -80.371125379465241, 25.753297024234907 ], [ -80.371124034524641, 25.75330450879046 ], [ -80.371069960327276, 25.753303911687041 ], [ -80.371067270436214, 25.753318880796169 ], [ -80.371038215910843, 25.753329809063917 ], [ -80.3710368709623, 25.75333729361757 ], [ -80.370991584956045, 25.75333804342073 ], [ -80.370990240003408, 25.75334552797354 ], [ -80.370981451791991, 25.753344181021131 ], [ -80.370978761884572, 25.753359150126055 ], [ -80.370969973671961, 25.753357803172719 ], [ -80.37096728376217, 25.753372772276695 ], [ -80.370949707334859, 25.753370078367428 ], [ -80.370917962858982, 25.753395975701807 ], [ -80.370888908289515, 25.753406903924748 ], [ -80.37088621836439, 25.753421873024273 ], [ -80.370847030598, 25.753438938822693 ], [ -80.37084568563148, 25.753446423371269 ], [ -80.370811877725302, 25.753433550961201 ], [ -80.370810532755883, 25.753441035509432 ], [ -80.370792956319704, 25.753438341573982 ], [ -80.370788921405691, 25.753460795216984 ], [ -80.370797709625833, 25.753462142185345 ], [ -80.370796364654765, 25.753469626732691 ], [ -80.370787576433898, 25.75346827976426 ], [ -80.370786231461864, 25.753475764311347 ], [ -80.370795019683456, 25.753477111279871 ], [ -80.370790984768192, 25.753499564920212 ], [ -80.370772063347218, 25.753504355528133 ], [ -80.370769373399199, 25.753519324619997 ], [ -80.370750451972782, 25.75352411522368 ], [ -80.370736283838681, 25.753552706431151 ], [ -80.370717362403255, 25.753557497028225 ], [ -80.370713327464429, 25.753579950659837 ], [ -80.370684272808546, 25.753590878818642 ], [ -80.370681582842892, 25.753605847904115 ], [ -80.370655218145444, 25.753601806968881 ], [ -80.370652528174503, 25.753616776053075 ], [ -80.370643739941116, 25.75361542907298 ], [ -80.370642394954558, 25.753622913614713 ], [ -80.37065997142308, 25.753625607574328 ], [ -80.370655936466449, 25.753648061198835 ], [ -80.37064714822985, 25.753646714219148 ], [ -80.370644458256152, 25.753661683301019 ], [ -80.3706532464942, 25.753663030280869 ], [ -80.370650556521042, 25.753677999362132 ], [ -80.370631635053925, 25.753682789941536 ], [ -80.37062894507649, 25.753697759021289 ], [ -80.370567427394121, 25.753688330133059 ], [ -80.370573525646535, 25.753704646197349 ], [ -80.370564737405545, 25.753703299210883 ], [ -80.370559357425648, 25.753733237364202 ], [ -80.370550569182015, 25.753731890376642 ], [ -80.370547879189232, 25.753746859451947 ], [ -80.370539090944419, 25.75374551246346 ], [ -80.370537745946947, 25.753752997000774 ], [ -80.370520169456668, 25.753750303021373 ], [ -80.370516134458526, 25.753772756631577 ], [ -80.370524922705712, 25.753774103621904 ], [ -80.370522232707259, 25.753789072694552 ], [ -80.370513444458609, 25.753787725704054 ], [ -80.370510754457797, 25.753802694775779 ], [ -80.370491832956162, 25.753807485327577 ], [ -80.370486452945002, 25.753837423467232 ], [ -80.370467531434571, 25.75384221401406 ], [ -80.370470939669318, 25.75387349914369 ], [ -80.37042834339907, 25.753859279630387 ], [ -80.370421618353518, 25.753896702294206 ], [ -80.370412830095646, 25.753895355295576 ], [ -80.370410140074355, 25.75391032435957 ], [ -80.370383775297938, 25.753906283358663 ], [ -80.370372297011642, 25.753919905419398 ], [ -80.370363508752192, 25.753918558416665 ], [ -80.370360818721778, 25.753933527478271 ], [ -80.370352030461149, 25.753932180474624 ], [ -80.370355438658208, 25.753963465599156 ], [ -80.370364226922035, 25.753964812602405 ], [ -80.370357501841056, 25.754002235249544 ], [ -80.370348713573591, 25.754000888245894 ], [ -80.370344678520055, 25.754023341831601 ], [ -80.370335890250686, 25.754021994826953 ], [ -80.370326475112648, 25.754074386519545 ], [ -80.370335263387133, 25.7540757335248 ], [ -80.370331228326734, 25.75409818710467 ], [ -80.370340016603663, 25.754099534109407 ], [ -80.3703373265637, 25.754114503161837 ], [ -80.370346114842363, 25.754115850165984 ], [ -80.370342079782901, 25.754138303743446 ], [ -80.370358311326584, 25.75414848227555 ], [ -80.370356966307526, 25.754155966800955 ], [ -80.370374542874046, 25.754158660804766 ], [ -80.370373197856225, 25.754166145330142 ], [ -80.370434715852639, 25.754175574320271 ] ], [ [ -80.370500895647567, 25.75410881100904 ], [ -80.370456954248567, 25.754102076046699 ], [ -80.370458299258274, 25.754094591518733 ], [ -80.370433279435943, 25.754083066004572 ], [ -80.370435969458583, 25.754068096948139 ], [ -80.370462334286003, 25.754072137933612 ], [ -80.370460989276978, 25.754079622462182 ], [ -80.370503585659449, 25.754093841952052 ], [ -80.370500895647567, 25.75410881100904 ] ], [ [ -80.37057720861543, 25.754035910095066 ], [ -80.370552188794221, 25.754024384607696 ], [ -80.370554878794778, 25.754009415545372 ], [ -80.370571110339313, 25.75401959404806 ], [ -80.370573800336501, 25.754004624985033 ], [ -80.370582588607789, 25.754005971969441 ], [ -80.37057720861543, 25.754035910095066 ] ], [ [ -80.370593165410227, 25.753746109845032 ], [ -80.370575588919635, 25.753743415875054 ], [ -80.370576933913725, 25.753735931337026 ], [ -80.370594510402867, 25.753738625306852 ], [ -80.370593165410227, 25.753746109845032 ] ], [ [ -80.370699877653408, 25.753654796085851 ], [ -80.370682301177823, 25.753652102133302 ], [ -80.37068499114477, 25.753637133049985 ], [ -80.370702567617457, 25.753639827002186 ], [ -80.370699877653408, 25.753654796085851 ] ], [ [ -80.370865325465985, 25.753487887000805 ], [ -80.370856537242219, 25.753486540038331 ], [ -80.370857882208426, 25.75347905549058 ], [ -80.370866670431454, 25.753480402452961 ], [ -80.370865325465985, 25.753487887000805 ] ], [ [ -80.370857882208426, 25.75347905549058 ], [ -80.370849093985655, 25.753477708527438 ], [ -80.37085043895236, 25.753470223979594 ], [ -80.370859227174392, 25.75347157094264 ], [ -80.370857882208426, 25.75347905549058 ] ] ] } },
{ "type": "Feature", "properties": { "hotspot_id": "fiu_hs_014", "area_m2": 24154.147007151289, "depth_max_m": 0.61792969703674316, "depth_mean_m": 0.28402151316710206, "building_frac": 0.070103699697416519, "lots": null, "roads": null }, "geometry": { "type": "Polygon", "coordinates": [ [ [ -80.368836232119321, 25.761059762738864 ], [ -80.368837577373867, 25.761052278396441 ], [ -80.368863944225922, 25.761056319702359 ], [ -80.368865289478066, 25.761048835359478 ], [ -80.368934255843257, 25.761067096484847 ], [ -80.368935601089575, 25.761059612141317 ], [ -80.368997123763805, 25.76106904178571 ], [ -80.368998469004794, 25.761061557441376 ], [ -80.369016046912691, 25.76106425161851 ], [ -80.369037660534488, 25.76104449275751 ], [ -80.369081605300721, 25.761051228178321 ], [ -80.369082950534221, 25.761043743832463 ], [ -80.369109317395015, 25.761047785075629 ], [ -80.369107972163675, 25.761055269421725 ], [ -80.369116761118548, 25.761056616501332 ], [ -80.369118106349134, 25.761049132155154 ], [ -80.369170840079619, 25.761057214616514 ], [ -80.369172185305601, 25.761049730269658 ], [ -80.369189763216454, 25.761052424417223 ], [ -80.369191108440759, 25.761044940070008 ], [ -80.369226264262807, 25.761050328355726 ], [ -80.369224919041415, 25.761057812703282 ], [ -80.369233707998319, 25.761059159772916 ], [ -80.369245187395137, 25.761045538146124 ], [ -80.369262765307397, 25.761048232281262 ], [ -80.369264110525393, 25.761040747932988 ], [ -80.369255321569867, 25.761039400865876 ], [ -80.369259357224706, 25.761016947820135 ], [ -80.369268146178058, 25.761018294886981 ], [ -80.369269491395144, 25.761010810537925 ], [ -80.369285724085557, 25.761020989018437 ], [ -80.369283033653602, 25.761035957716285 ], [ -80.369274244698261, 25.761034610650775 ], [ -80.369272899481203, 25.761042094999322 ], [ -80.369281688437283, 25.761043442064924 ], [ -80.369280343220737, 25.761050926413375 ], [ -80.369343211137362, 25.761052871502891 ], [ -80.369344556348594, 25.761045387153676 ], [ -80.369362134263866, 25.761048081271841 ], [ -80.369363479473407, 25.761040596922253 ], [ -80.369337112603077, 25.761036555744123 ], [ -80.369339803025824, 25.761021587044869 ], [ -80.369358726145762, 25.761016796813973 ], [ -80.369361416564217, 25.761001828113226 ], [ -80.369387783425239, 25.761005869285565 ], [ -80.369386438218314, 25.761013353636287 ], [ -80.369395227173257, 25.7610147006923 ], [ -80.369396572379458, 25.761007216341508 ], [ -80.36943172819899, 25.761012604557688 ], [ -80.36943307340205, 25.761005120206352 ], [ -80.369472264822022, 25.760988055353952 ], [ -80.369474955220227, 25.760973086648885 ], [ -80.369501322077852, 25.760977127792497 ], [ -80.369499976881045, 25.760984612145382 ], [ -80.369508765834851, 25.760985959191832 ], [ -80.369506075442018, 25.761000927897179 ], [ -80.36952365335334, 25.761003621988138 ], [ -80.36952634374326, 25.760988653282464 ], [ -80.369517554788928, 25.760987306237517 ], [ -80.369521590374276, 25.760964853177793 ], [ -80.36953037932642, 25.760966200222473 ], [ -80.369531724520357, 25.76095871586876 ], [ -80.369558091376263, 25.760962756998005 ], [ -80.369564189946516, 25.760979072747496 ], [ -80.369581767855252, 25.760981766828689 ], [ -80.369587866431232, 25.760998082575803 ], [ -80.36962302225885, 25.761003470726777 ], [ -80.369621677072033, 25.761010955080639 ], [ -80.369639254988925, 25.761013649151742 ], [ -80.369637909803316, 25.761021133505572 ], [ -80.369646698762907, 25.761022480540085 ], [ -80.369642663206918, 25.76104493360063 ], [ -80.369669030093831, 25.761048974700376 ], [ -80.369671720460346, 25.761034005993032 ], [ -80.369680509421727, 25.761035353024603 ], [ -80.369681854603925, 25.761027868670563 ], [ -80.369699432526048, 25.761030562731257 ], [ -80.369705531127281, 25.761046878468857 ], [ -80.36972310905395, 25.761049572525362 ], [ -80.369734588373532, 25.761035950843581 ], [ -80.369787322152874, 25.761044032989385 ], [ -80.369788667326077, 25.761036548634149 ], [ -80.369857633873735, 25.761054809141424 ], [ -80.369869113173152, 25.761041187444867 ], [ -80.369886691103687, 25.761043881473462 ], [ -80.369888036268421, 25.761036397116939 ], [ -80.369921846967998, 25.761049269521585 ], [ -80.369923192129818, 25.761041785164721 ], [ -80.369940770062144, 25.761044479184079 ], [ -80.369942115222273, 25.761036994826846 ], [ -80.369994849021353, 25.761045076866271 ], [ -80.37000632829816, 25.761031455153987 ], [ -80.370050273132208, 25.761038190161418 ], [ -80.370051618282901, 25.761030705802632 ], [ -80.370086774152071, 25.761036093794647 ], [ -80.370088119299609, 25.761028609435325 ], [ -80.370158431045084, 25.761039385382368 ], [ -80.370159776186568, 25.761031901022154 ], [ -80.370177354124181, 25.761034595001192 ], [ -80.370178699263974, 25.761027110640637 ], [ -80.370222644109063, 25.76103384557458 ], [ -80.370223989244991, 25.761026361213396 ], [ -80.370259145123001, 25.761031749146603 ], [ -80.370260490255788, 25.761024264784918 ], [ -80.370340936116534, 25.761028903226983 ], [ -80.370342281242301, 25.761021418864157 ], [ -80.370412593013199, 25.761032194637803 ], [ -80.370413938132899, 25.761024710274125 ], [ -80.370494384002171, 25.761029348596239 ], [ -80.37049572911485, 25.761021864231413 ], [ -80.370504518087671, 25.761023211192661 ], [ -80.370509898533186, 25.760993273731103 ], [ -80.370501109563278, 25.760991926770174 ], [ -80.370502454674806, 25.760984442404396 ], [ -80.370484876737265, 25.760981748480461 ], [ -80.370483531624288, 25.760989232846086 ], [ -80.370430797813768, 25.760981151055635 ], [ -80.370429452696158, 25.760988635420571 ], [ -80.370411874760023, 25.760985941484211 ], [ -80.370410529640736, 25.760993425848785 ], [ -80.370375373768795, 25.760988037966651 ], [ -80.370376718890995, 25.760980553602398 ], [ -80.370385507857833, 25.760981900573988 ], [ -80.370388198100088, 25.760966931844749 ], [ -80.37039698706576, 25.760968278815426 ], [ -80.370399677305628, 25.760953310085235 ], [ -80.370408466270121, 25.760954657054974 ], [ -80.370413846744199, 25.760924719591941 ], [ -80.370422635706035, 25.760926066560604 ], [ -80.370425325940232, 25.760911097827758 ], [ -80.37036380322327, 25.76090166903246 ], [ -80.37036514834513, 25.760894184666331 ], [ -80.370347570429885, 25.760891490718183 ], [ -80.370344880183012, 25.760906459449924 ], [ -80.370336091224345, 25.760905112474536 ], [ -80.37033743634862, 25.760897628108843 ], [ -80.370321203559044, 25.760887449790268 ], [ -80.37032389380937, 25.760872481058261 ], [ -80.370332682764584, 25.760873828034814 ], [ -80.37033402788866, 25.760866343668436 ], [ -80.370316449979953, 25.760863649714732 ], [ -80.370317795105279, 25.760856165348315 ], [ -80.370246138355895, 25.760852873869673 ], [ -80.37024882861796, 25.760837905137979 ], [ -80.370240039667621, 25.760836558154111 ], [ -80.370262998087028, 25.760809314655038 ], [ -80.370317076903504, 25.760809912168369 ], [ -80.370328556099537, 25.760796290410028 ], [ -80.370379944670461, 25.760811856626042 ], [ -80.370391423857001, 25.760798234860783 ], [ -80.370417790704266, 25.760802275771823 ], [ -80.370419135820001, 25.760794791402645 ], [ -80.370445502667522, 25.760798832306627 ], [ -80.37044684778084, 25.760791347937012 ], [ -80.370490792528443, 25.760798082761454 ], [ -80.370502271695983, 25.760784460983221 ], [ -80.370511060645129, 25.760785807944917 ], [ -80.370509715537366, 25.760793292315537 ], [ -80.370553660290767, 25.760800027113085 ], [ -80.370555005394891, 25.760792542742056 ], [ -80.370582717349677, 25.760789099239815 ], [ -80.370588816098376, 25.760805414937511 ], [ -80.370606394003772, 25.760808108845193 ], [ -80.37060370380361, 25.760823077587631 ], [ -80.370674015447705, 25.760833853189414 ], [ -80.370680114216469, 25.760850168879383 ], [ -80.37069769213366, 25.760852862771095 ], [ -80.370703790908152, 25.760869178458698 ], [ -80.370712579868865, 25.760870525402833 ], [ -80.37070316422097, 25.760922915997376 ], [ -80.370730876211113, 25.760919472456628 ], [ -80.370728186028771, 25.760934441197087 ], [ -80.370736974996404, 25.760935788138838 ], [ -80.370728904448242, 25.760980694355997 ], [ -80.370720115476232, 25.760979347413741 ], [ -80.370717425290209, 25.760994316151059 ], [ -80.370726214263684, 25.760995663093475 ], [ -80.370723524078215, 25.761010631830192 ], [ -80.370739756937226, 25.761020810081352 ], [ -80.37073841184538, 25.761028294449392 ], [ -80.370801279778107, 25.761030238648353 ], [ -80.370802624864623, 25.76102275427953 ], [ -80.370820202820141, 25.761025448148839 ], [ -80.370821547904967, 25.761017963779665 ], [ -80.370840470943264, 25.76101317327625 ], [ -80.370844506191318, 25.760990720166479 ], [ -80.370828273325699, 25.760980541930877 ], [ -80.370824864687563, 25.760949257514902 ], [ -80.370807286747166, 25.760946563645742 ], [ -80.370808631831892, 25.76093907927488 ], [ -80.370792398980001, 25.760928901031956 ], [ -80.370799124406332, 25.76089147917455 ], [ -80.370807913370754, 25.760892826110435 ], [ -80.370819392501446, 25.760879204300927 ], [ -80.370836970428712, 25.760881898168591 ], [ -80.370838315509928, 25.760874413795804 ], [ -80.370864682400665, 25.760878454591385 ], [ -80.370868717636341, 25.760856001471122 ], [ -80.370833561791301, 25.76085061374317 ], [ -80.370838942113991, 25.760820676248088 ], [ -80.370847731071919, 25.760822023180875 ], [ -80.37085311138803, 25.760792085682361 ], [ -80.370844322433001, 25.760790738749908 ], [ -80.370848357669857, 25.760768285624209 ], [ -80.370839568717287, 25.76076693869123 ], [ -80.370836160083414, 25.760735654254571 ], [ -80.370818582185464, 25.760732960385507 ], [ -80.370819927265956, 25.760725476009441 ], [ -80.370811138318118, 25.760724129073886 ], [ -80.370813828479868, 25.760709160321333 ], [ -80.370790151807526, 25.76069015075776 ], [ -80.370792841971806, 25.760675182004157 ], [ -80.370811764937741, 25.760670391500831 ], [ -80.370814455097729, 25.760655422745735 ], [ -80.370805666156997, 25.760654075809406 ], [ -80.370817145256808, 25.760640453989865 ], [ -80.370781989501296, 25.760635066240624 ], [ -80.370780644418957, 25.760642550618329 ], [ -80.370763066541357, 25.760639856739008 ], [ -80.370761721457328, 25.760647341116353 ], [ -80.370700198889125, 25.760637912514312 ], [ -80.370701543978257, 25.760630428137556 ], [ -80.370692755041745, 25.760629081191471 ], [ -80.37070082557608, 25.760584174927335 ], [ -80.370728537459357, 25.760580731383538 ], [ -80.370750150576498, 25.760560972132755 ], [ -80.370706205927718, 25.760554237414016 ], [ -80.370700107174656, 25.760537921710341 ], [ -80.370656162541266, 25.76053118696975 ], [ -80.370654817449775, 25.760538671348272 ], [ -80.370628450670793, 25.760534630494583 ], [ -80.370627105576915, 25.760542114872649 ], [ -80.370618316650379, 25.760540767919839 ], [ -80.3706210068394, 25.76052579916367 ], [ -80.370629795764458, 25.760527146116321 ], [ -80.370631140857896, 25.76051966173787 ], [ -80.370613563009499, 25.760516967831954 ], [ -80.370610872819483, 25.760531936588357 ], [ -80.370593294969254, 25.760529242679091 ], [ -80.370581815849235, 25.760542864478445 ], [ -80.370529082297892, 25.760534782726982 ], [ -80.370530427400041, 25.760527298350016 ], [ -80.370504060630182, 25.76052325746431 ], [ -80.370505405734292, 25.760515773087416 ], [ -80.370496616812275, 25.760514426124086 ], [ -80.370497961916882, 25.76050694174706 ], [ -80.370515539759708, 25.760509635672793 ], [ -80.370516884862624, 25.760502151295427 ], [ -80.370535807806306, 25.760497360840244 ], [ -80.370538498008059, 25.760482392084189 ], [ -80.370556075847233, 25.760485086003193 ], [ -80.370587822994196, 25.760459189359945 ], [ -80.370605400830215, 25.760461883270732 ], [ -80.3706121263005, 25.760424461370395 ], [ -80.370620915215284, 25.760425808324261 ], [ -80.370622260307925, 25.760418323943519 ], [ -80.370613471393867, 25.76041697698977 ], [ -80.370616161579918, 25.760402008227867 ], [ -80.370635084496598, 25.760397217752907 ], [ -80.370637774678343, 25.760382248989519 ], [ -80.370611407947138, 25.760378208129477 ], [ -80.37061409813235, 25.760363239365837 ], [ -80.370640464859179, 25.760367280225374 ], [ -80.370639119768882, 25.760374764607544 ], [ -80.370656697589567, 25.760377458510295 ], [ -80.370655352500506, 25.760384942892433 ], [ -80.370672930323735, 25.760387636792331 ], [ -80.370679029061293, 25.760403952505349 ], [ -80.370695261802936, 25.760414130783015 ], [ -80.370691226543201, 25.760436583927785 ], [ -80.3707000154604, 25.760437930874815 ], [ -80.370697325287551, 25.760452899637205 ], [ -80.370757502644082, 25.760469812627932 ], [ -80.370756157562184, 25.760477297009217 ], [ -80.370810236177419, 25.760477894264014 ], [ -80.370819651713632, 25.760425503586099 ], [ -80.37081086279585, 25.760424156649208 ], [ -80.370813552948448, 25.760409187882512 ], [ -80.370804764032371, 25.760407840945046 ], [ -80.370808799261738, 25.760385387793796 ], [ -80.370763509616509, 25.760386137479902 ], [ -80.370771580092295, 25.760341231175783 ], [ -80.370762791183679, 25.760339884234437 ], [ -80.370756692434995, 25.760323568523088 ], [ -80.37073911462204, 25.760320874636975 ], [ -80.370741804783705, 25.760305905867259 ], [ -80.370733015879068, 25.760304558923231 ], [ -80.370726917138398, 25.760288243208297 ], [ -80.370709339333416, 25.760285549316791 ], [ -80.370714719663823, 25.760255611774809 ], [ -80.370723508563259, 25.76025695872061 ], [ -80.37072485364456, 25.760249474334557 ], [ -80.370708620929946, 25.76023929605627 ], [ -80.370712656176167, 25.760216842896831 ], [ -80.37072144507168, 25.76021818984297 ], [ -80.370724135233232, 25.760203221068881 ], [ -80.370715346339168, 25.760201874122902 ], [ -80.370719381581935, 25.760179420960572 ], [ -80.370710592690315, 25.760178074014071 ], [ -80.370713282852492, 25.760163105238366 ], [ -80.370722071742634, 25.760164452184689 ], [ -80.370727452061288, 25.760134514630625 ], [ -80.370718663174046, 25.760133167684621 ], [ -80.370721353333451, 25.760118198906579 ], [ -80.37073014221923, 25.760119545852408 ], [ -80.37073148729786, 25.760112061463008 ], [ -80.370722698412806, 25.760110714517261 ], [ -80.370724043491947, 25.760103230127758 ], [ -80.370741621260848, 25.760105924018312 ], [ -80.370742966338298, 25.76009843962845 ], [ -80.370734177454437, 25.76009709268364 ], [ -80.370740902841845, 25.760059670731799 ], [ -80.370732113961907, 25.760058323786648 ], [ -80.370733459039414, 25.760050839395781 ], [ -80.370742247918642, 25.760052186340872 ], [ -80.370747628223526, 25.760022248775112 ], [ -80.370738839347226, 25.760020901830373 ], [ -80.370759015468778, 25.759908635932401 ], [ -80.37075022660369, 25.759907288988153 ], [ -80.370752916750774, 25.75989232019862 ], [ -80.370726550161464, 25.759888279361832 ], [ -80.370723860009988, 25.759903248150863 ], [ -80.370715071145966, 25.759901901203591 ], [ -80.37071372606917, 25.759909385597755 ], [ -80.370696148340471, 25.759906691700763 ], [ -80.37070018357457, 25.75988423851825 ], [ -80.370691394712821, 25.759882891568864 ], [ -80.3706940848692, 25.759867922779723 ], [ -80.370677852228724, 25.759857744484325 ], [ -80.370680542386665, 25.759842775694334 ], [ -80.370671753529351, 25.759841428743101 ], [ -80.370673098608705, 25.759833944347896 ], [ -80.370646732040612, 25.759829903489923 ], [ -80.370645386959069, 25.759837387884868 ], [ -80.370636598102863, 25.759836040930622 ], [ -80.370633907937631, 25.759851009719782 ], [ -80.370625119080231, 25.759849662764598 ], [ -80.370614358404367, 25.759909537912751 ], [ -80.370605569541397, 25.759908190956157 ], [ -80.37060422445515, 25.759915675348729 ], [ -80.370577857865669, 25.75991163447414 ], [ -80.370575167688116, 25.75992660325819 ], [ -80.370566378824037, 25.759925256298313 ], [ -80.370563688644111, 25.759940225081426 ], [ -80.370579921286605, 25.759950403392175 ], [ -80.370577231108214, 25.759965372174435 ], [ -80.370568442240227, 25.759964025214892 ], [ -80.370554273007144, 25.759992615816138 ], [ -80.370536695266679, 25.759989921892622 ], [ -80.370531314891821, 25.760019859450402 ], [ -80.370513737146609, 25.760017165523205 ], [ -80.370515082242107, 25.760009681134225 ], [ -80.370506293370639, 25.760008334169569 ], [ -80.370515709037946, 25.759955943441817 ], [ -80.37050692017182, 25.759954596476984 ], [ -80.370509610361879, 25.759939627696049 ], [ -80.370500821497515, 25.759938280730626 ], [ -80.370502166592914, 25.759930796339958 ], [ -80.370484588866418, 25.759928102407013 ], [ -80.370488624155641, 25.759905649234316 ], [ -80.370464947770557, 25.759886639547705 ], [ -80.370468983062892, 25.759864186372837 ], [ -80.370477771919354, 25.759865533341276 ], [ -80.370480462111644, 25.759850564556896 ], [ -80.370455440645415, 25.759839039257553 ], [ -80.370466919692987, 25.759825417442038 ], [ -80.370443243334222, 25.759806407745618 ], [ -80.370448623726048, 25.759776470172309 ], [ -80.37043104603211, 25.759773776228897 ], [ -80.370429700933045, 25.759781260622347 ], [ -80.370413468339265, 25.759771082282477 ], [ -80.370412123238737, 25.759778566675777 ], [ -80.370362798588701, 25.759801769365641 ], [ -80.370361453483383, 25.759809253757531 ], [ -80.370352664634339, 25.759807906778917 ], [ -80.370351319528069, 25.759815391170537 ], [ -80.37034253067857, 25.759814044191085 ], [ -80.370341185571334, 25.759821528582421 ], [ -80.370332396721366, 25.759820181602105 ], [ -80.370331051613178, 25.759827665993186 ], [ -80.370322262762741, 25.759826319012056 ], [ -80.370320917653586, 25.759833803402845 ], [ -80.370312128802709, 25.75983245642087 ], [ -80.370310783692616, 25.759839940811375 ], [ -80.37030199484127, 25.759838593828555 ], [ -80.370300649730183, 25.7598460782188 ], [ -80.370291860878382, 25.759844731235127 ], [ -80.370290515766371, 25.759852215625084 ], [ -80.370237782656858, 25.759844133706761 ], [ -80.370236437540242, 25.759851618096011 ], [ -80.370218859837749, 25.759848924117016 ], [ -80.370217514719442, 25.759856408505929 ], [ -80.370199937016579, 25.759853714523732 ], [ -80.370198591896596, 25.759861198912283 ], [ -80.370181014193363, 25.7598585049269 ], [ -80.370169535097091, 25.759872126709098 ], [ -80.370160746244693, 25.759870779714344 ], [ -80.370158055997237, 25.759885748489413 ], [ -80.370139133164813, 25.759890538884392 ], [ -80.370136442913079, 25.759905507657965 ], [ -80.370127654057853, 25.759904160660522 ], [ -80.370124963803747, 25.759919129433165 ], [ -80.370116174947327, 25.759917782434812 ], [ -80.370114202778126, 25.759979004515898 ], [ -80.370105413915866, 25.759977657516888 ], [ -80.37010272365572, 25.759992626285474 ], [ -80.37008514592911, 25.759989932284821 ], [ -80.370083800797218, 25.759997416668647 ], [ -80.370048645344326, 25.759992028657955 ], [ -80.370049990479131, 25.759984544274484 ], [ -80.370041201617312, 25.759983197269996 ], [ -80.370050617559556, 25.759930806580634 ], [ -80.370059406416289, 25.759932153584522 ], [ -80.370060751549246, 25.759924669199492 ], [ -80.370051962693239, 25.759923322195689 ], [ -80.370054652959936, 25.759908353425146 ], [ -80.370045864105677, 25.759907006420747 ], [ -80.3700485543729, 25.759892037649614 ], [ -80.370039765520374, 25.7598906906446 ], [ -80.370066759148685, 25.759840993948181 ], [ -80.3700316037595, 25.759835605928998 ], [ -80.370025505181815, 25.759819290148343 ], [ -80.369999138647927, 25.759815249124259 ], [ -80.369985596372643, 25.759790101943253 ], [ -80.369924074488793, 25.759780672851726 ], [ -80.369925419630988, 25.759773188464887 ], [ -80.369907841953761, 25.759770494432093 ], [ -80.369909187097178, 25.759763010045187 ], [ -80.369863897765455, 25.759763759336877 ], [ -80.36986524291251, 25.759756274950405 ], [ -80.36980372106531, 25.759746845785916 ], [ -80.369792241925069, 25.759760467530835 ], [ -80.369765875419617, 25.759756426446224 ], [ -80.369764530264078, 25.759763910831399 ], [ -80.369746952593658, 25.759761216771054 ], [ -80.369745607436442, 25.759768701155867 ], [ -80.369728029765653, 25.759766007092324 ], [ -80.369729374924333, 25.759758522707681 ], [ -80.369685430755709, 25.759751787535997 ], [ -80.369686775917799, 25.759744303151571 ], [ -80.369651620590673, 25.759738915000955 ], [ -80.369650275425656, 25.759746399385044 ], [ -80.369632697762256, 25.759743705305034 ], [ -80.369631352595576, 25.759751189688775 ], [ -80.369613774931793, 25.759748495605571 ], [ -80.369602295761851, 25.75976211732922 ], [ -80.369575929264641, 25.759758076195965 ], [ -80.369564450087594, 25.759771697914978 ], [ -80.369538083589248, 25.759767656772159 ], [ -80.369536738414112, 25.759775141154087 ], [ -80.369491449072939, 25.759775890281844 ], [ -80.36949010389371, 25.759783374662959 ], [ -80.369463737395279, 25.75977933350125 ], [ -80.369462392213634, 25.75978681788192 ], [ -80.369444814547904, 25.75978412377016 ], [ -80.369443469364569, 25.759791608150479 ], [ -80.369389391181542, 25.759791010176173 ], [ -80.369388045993375, 25.759798494555625 ], [ -80.369335312999254, 25.759790412173466 ], [ -80.369333967806483, 25.759797896552207 ], [ -80.369272445987193, 25.759788467071342 ], [ -80.369271100789092, 25.75979595144932 ], [ -80.36903380244739, 25.75975958024523 ], [ -80.369035147665173, 25.759752095869519 ], [ -80.368929681807415, 25.759735930713958 ], [ -80.368928336580879, 25.759743415088668 ], [ -80.368910758940245, 25.759740720885318 ], [ -80.368912104168231, 25.759733236510773 ], [ -80.368833004805268, 25.759721112559014 ], [ -80.368811391463311, 25.759740871459535 ], [ -80.368776236191309, 25.759735483009816 ], [ -80.368777581430692, 25.759727998636897 ], [ -80.36876000379776, 25.759725304407663 ], [ -80.368758658556928, 25.759732788780422 ], [ -80.368749869740142, 25.759731441664588 ], [ -80.368744488771583, 25.75976137915335 ], [ -80.368682967041224, 25.759751949319028 ], [ -80.368684312288821, 25.759744464947694 ], [ -80.368675523471993, 25.759743117825572 ], [ -80.368674178223685, 25.759750602196803 ], [ -80.368656600589404, 25.759747907950107 ], [ -80.368660636338035, 25.759725454836332 ], [ -80.368644403959749, 25.759715276215609 ], [ -80.368634987201133, 25.759767666811921 ], [ -80.36864377601978, 25.759769013937419 ], [ -80.368626287733434, 25.759866310734957 ], [ -80.368642520137541, 25.759876489353665 ], [ -80.368638484377328, 25.759898942456047 ], [ -80.368657407293483, 25.759894152337136 ], [ -80.368653371536269, 25.759916605438853 ], [ -80.368644582702686, 25.759915258314798 ], [ -80.368643237449092, 25.759922742681553 ], [ -80.368652026283399, 25.759924089805676 ], [ -80.368647990523428, 25.759946542905062 ], [ -80.368656779360194, 25.759947890028684 ], [ -80.368655434107154, 25.759955374394838 ], [ -80.368636511177698, 25.759960164512467 ], [ -80.368632475412085, 25.759982617608674 ], [ -80.368641264252233, 25.759983964733461 ], [ -80.368638573742146, 25.759998933463457 ], [ -80.368647362583999, 25.760000280587665 ], [ -80.368644672074467, 25.76001524931705 ], [ -80.368653460918054, 25.760016596440668 ], [ -80.368645389388291, 25.760061502624676 ], [ -80.368654178236511, 25.760062849748024 ], [ -80.368643416189798, 25.760122724649808 ], [ -80.368652205044143, 25.760124071773067 ], [ -80.368650859787991, 25.760131556134997 ], [ -80.368642070932921, 25.760130209011656 ], [ -80.368638035160927, 25.760152662096051 ], [ -80.368654267619391, 25.760162840703696 ], [ -80.368655612875713, 25.760155356342473 ], [ -80.36867453584621, 25.760150566224272 ], [ -80.36866915482625, 25.760180503669499 ], [ -80.368677943686777, 25.760181850790318 ], [ -80.368673907921576, 25.760204303872438 ], [ -80.368650231849003, 25.760185293786243 ], [ -80.36864825865112, 25.760246515787571 ], [ -80.368639469784569, 25.7602451686645 ], [ -80.368638124525489, 25.760252653023382 ], [ -80.368646913392766, 25.760254000146546 ], [ -80.368644222875361, 25.760268968863947 ], [ -80.368653011744357, 25.760270315986514 ], [ -80.368650321227491, 25.760285284703304 ], [ -80.368641532357032, 25.760283937580553 ], [ -80.368637496577833, 25.760306390654023 ], [ -80.368646285450467, 25.760307737777008 ], [ -80.368643594931314, 25.760322706491841 ], [ -80.368659827421865, 25.760332885093192 ], [ -80.368658482163156, 25.760340369450269 ], [ -80.368649693287068, 25.760339022328463 ], [ -80.368647002767531, 25.760353991041928 ], [ -80.36863821389025, 25.760352643919177 ], [ -80.36863417810703, 25.760375096987641 ], [ -80.368650410606179, 25.760385275588792 ], [ -80.368647720085349, 25.760400244300072 ], [ -80.368628797059543, 25.760405034409555 ], [ -80.368624761271519, 25.760427487473933 ], [ -80.368615972387218, 25.760426140349622 ], [ -80.368607900800583, 25.760471046472649 ], [ -80.368616689689262, 25.760472393597457 ], [ -80.368609963364406, 25.760509815361733 ], [ -80.368618752257007, 25.760511162486196 ], [ -80.368616061726911, 25.760526131190709 ], [ -80.368624850621231, 25.760527478314582 ], [ -80.368617496333485, 25.760618637650442 ], [ -80.36863372887575, 25.760628816246367 ], [ -80.368629693078688, 25.760651269295092 ], [ -80.368654714536717, 25.760662795008823 ], [ -80.368666193971549, 25.760649173429599 ], [ -80.368693905955183, 25.760645730434398 ], [ -80.36868987017273, 25.760668183484285 ], [ -80.368681081263333, 25.760666836366568 ], [ -80.368678390739092, 25.760681805065335 ], [ -80.368687179649967, 25.760683152183233 ], [ -80.368684489126267, 25.760698120881397 ], [ -80.368693278038876, 25.760699467998705 ], [ -80.368689242253794, 25.760721921044762 ], [ -80.368698031168847, 25.760723268161573 ], [ -80.368691304859453, 25.76076068990151 ], [ -80.368682515940762, 25.760759342784294 ], [ -80.36866906329746, 25.760834186248779 ], [ -80.368660274371734, 25.760832839129975 ], [ -80.368657583838868, 25.76084780782039 ], [ -80.368666372766057, 25.760849154939354 ], [ -80.368663682233716, 25.760864123629133 ], [ -80.368654893305091, 25.760862776509992 ], [ -80.368653548037841, 25.760870260854517 ], [ -80.368662336967219, 25.760871607973741 ], [ -80.3686596464335, 25.760886576662358 ], [ -80.368668435364583, 25.760887923780981 ], [ -80.368660363762331, 25.760932829842691 ], [ -80.368669152698061, 25.760934176961037 ], [ -80.368665116896025, 25.760956629989522 ], [ -80.368673905834214, 25.760957977107392 ], [ -80.368662426360189, 25.76097159867421 ], [ -80.368671215299827, 25.760972945792236 ], [ -80.36866852476453, 25.760987914476303 ], [ -80.368684757381004, 25.760998093052333 ], [ -80.368683412114237, 25.761005577394055 ], [ -80.368771301560088, 25.761019048520932 ], [ -80.368784843677048, 25.76104419576421 ], [ -80.368802421574912, 25.761046889977969 ], [ -80.368801076317439, 25.76105437432005 ], [ -80.368836232119321, 25.761059762738864 ] ], [ [ -80.36903900577164, 25.761037008412078 ], [ -80.369013984156439, 25.761025482805405 ], [ -80.369016674633954, 25.76101051411408 ], [ -80.369007885685249, 25.761009167025733 ], [ -80.369009230924405, 25.761001682679851 ], [ -80.369018019872385, 25.76100302976813 ], [ -80.369019365110574, 25.760995545421974 ], [ -80.369045731953946, 25.760999586682043 ], [ -80.369051830431502, 25.76101590245997 ], [ -80.369060619381557, 25.761017249544562 ], [ -80.369057928911317, 25.761032218236725 ], [ -80.36904035100855, 25.761029524066462 ], [ -80.36903900577164, 25.761037008412078 ] ], [ [ -80.369147163669282, 25.761038204695833 ], [ -80.369120796809625, 25.761034163462245 ], [ -80.369122142039529, 25.761026679115485 ], [ -80.369113353087585, 25.761025332036198 ], [ -80.369116043548161, 25.761010363342258 ], [ -80.369170122480725, 25.761010961457913 ], [ -80.36916877725514, 25.761018445805664 ], [ -80.369186355159627, 25.761021139954074 ], [ -80.369185009935293, 25.761028624301808 ], [ -80.369148508896998, 25.76103072034882 ], [ -80.369147163669282, 25.761038204695833 ] ], [ [ -80.369091021930444, 25.760998837753338 ], [ -80.369073444033333, 25.76099614358845 ], [ -80.369074789266691, 25.760988659241441 ], [ -80.369043669186098, 25.760960817861623 ], [ -80.369045014421445, 25.760953333514149 ], [ -80.369027436534893, 25.760950639341004 ], [ -80.369030127007832, 25.760935670645807 ], [ -80.369082860662019, 25.760943753155136 ], [ -80.36908151543004, 25.760951237503338 ], [ -80.369090304374069, 25.760952584585656 ], [ -80.369087613910878, 25.760967553281631 ], [ -80.369113980748992, 25.760971594524573 ], [ -80.369135594325925, 25.760951835637222 ], [ -80.369153172216059, 25.760954529791871 ], [ -80.369150481763526, 25.760969498489416 ], [ -80.369131558642422, 25.760974288682736 ], [ -80.369130213414124, 25.760981773030871 ], [ -80.369084923446778, 25.760982521976857 ], [ -80.369091021930444, 25.760998837753338 ] ], [ [ -80.36916536920711, 25.76098716133847 ], [ -80.369156580258462, 25.76098581426271 ], [ -80.369159270710455, 25.760970845565787 ], [ -80.369176848605122, 25.760973539716222 ], [ -80.36916536920711, 25.76098716133847 ] ], [ [ -80.369678446372617, 25.760996584221289 ], [ -80.369660868457942, 25.760993890156715 ], [ -80.369662213641163, 25.760986405801948 ], [ -80.369679791554375, 25.760989099866361 ], [ -80.369678446372617, 25.760996584221289 ] ], [ [ -80.369752793569234, 25.760984907381946 ], [ -80.36972642669771, 25.760980866302859 ], [ -80.369731807406069, 25.760950928877964 ], [ -80.36974059636006, 25.760952275904756 ], [ -80.36974194153585, 25.760944791547974 ], [ -80.369733152582583, 25.760943444521256 ], [ -80.369729744336283, 25.760912160065345 ], [ -80.369704722665958, 25.760900634622075 ], [ -80.369706067844007, 25.760893150264529 ], [ -80.369689835128483, 25.76088297184624 ], [ -80.369692525486357, 25.760868003130511 ], [ -80.369657369708719, 25.760862615000953 ], [ -80.369658714890249, 25.760855130643137 ], [ -80.369642482187245, 25.760844952216139 ], [ -80.36964517255204, 25.760829983499846 ], [ -80.369653961492588, 25.760831330534547 ], [ -80.369647862915897, 25.760815014782811 ], [ -80.369621496100265, 25.760810973674662 ], [ -80.369622841284041, 25.760803489316078 ], [ -80.369597819658736, 25.760791963842863 ], [ -80.369605890768341, 25.760747057687666 ], [ -80.369597101836973, 25.760745710648511 ], [ -80.369595756651876, 25.760753195008117 ], [ -80.369569389857205, 25.760749153885826 ], [ -80.369572080231521, 25.760734185166932 ], [ -80.369563291301958, 25.760732838124834 ], [ -80.369557192748985, 25.760716522362614 ], [ -80.369530825967104, 25.760712481229984 ], [ -80.369532171157104, 25.760704996870285 ], [ -80.369514593305325, 25.760702302778235 ], [ -80.369515938496548, 25.760694818418479 ], [ -80.369464550147427, 25.760679251765307 ], [ -80.369458451616552, 25.760662935994468 ], [ -80.369432084855305, 25.76065889483586 ], [ -80.369433430052908, 25.760651410476168 ], [ -80.369398274377957, 25.760646022254438 ], [ -80.369399619578232, 25.760638537894899 ], [ -80.369374598029296, 25.76062701236139 ], [ -80.369361055807701, 25.760601865162631 ], [ -80.369343477981829, 25.760599171040493 ], [ -80.369344823186083, 25.760591686680549 ], [ -80.36932724536274, 25.760588992555551 ], [ -80.369328590568202, 25.760581508195585 ], [ -80.369302223837408, 25.760577467002658 ], [ -80.36929612534378, 25.760561151216979 ], [ -80.369278547528054, 25.760558457083402 ], [ -80.36928123794614, 25.760543488363105 ], [ -80.369272449040153, 25.760542141295343 ], [ -80.369273794249565, 25.760534656934997 ], [ -80.36924608232377, 25.760538100087548 ], [ -80.36924742753537, 25.760530615727433 ], [ -80.369229849727276, 25.760527921585275 ], [ -80.369223751250516, 25.760511605792757 ], [ -80.369206173446955, 25.760508911646401 ], [ -80.369200074975936, 25.760492595851495 ], [ -80.369182497176894, 25.760489901700932 ], [ -80.369183842393184, 25.760482417340516 ], [ -80.3691750534948, 25.760481070264184 ], [ -80.369177743928162, 25.760466101542931 ], [ -80.369186532825097, 25.760467448619096 ], [ -80.369187878040691, 25.760459964258089 ], [ -80.36917030024857, 25.760457270105171 ], [ -80.369174335898393, 25.760434817021498 ], [ -80.369165547004911, 25.760433469944143 ], [ -80.369172273087017, 25.76039604813457 ], [ -80.36914725163706, 25.760384522536977 ], [ -80.369141153185637, 25.760368206732174 ], [ -80.36909720875687, 25.760361471322298 ], [ -80.369098553978461, 25.760353986959977 ], [ -80.369080976210313, 25.76035129279089 ], [ -80.36908366665574, 25.76033632406596 ], [ -80.369074877773514, 25.760334976980442 ], [ -80.369076222996625, 25.760327492617769 ], [ -80.369042412699145, 25.760314619905966 ], [ -80.36903631427208, 25.760298304091361 ], [ -80.369011292867853, 25.760286778457164 ], [ -80.369022054683697, 25.760226903547899 ], [ -80.369083576783453, 25.760236333165381 ], [ -80.369082231562373, 25.760243817530309 ], [ -80.369105907744327, 25.760262827513614 ], [ -80.36910456252474, 25.760270311878177 ], [ -80.369173528327906, 25.760288572888079 ], [ -80.369168147469708, 25.760318510346352 ], [ -80.369185725233976, 25.760321204500819 ], [ -80.369191823690429, 25.760337520305384 ], [ -80.369226979229111, 25.760342908602912 ], [ -80.369228324439362, 25.760335424238448 ], [ -80.369245902208874, 25.760338118382485 ], [ -80.36925738150947, 25.760324496723349 ], [ -80.369318903702919, 25.760333926197259 ], [ -80.369320248905197, 25.760326441831356 ], [ -80.369337826675732, 25.76032913595979 ], [ -80.369333791072592, 25.760351589057358 ], [ -80.369350023648536, 25.760361767548886 ], [ -80.369352714048389, 25.760346798817427 ], [ -80.369389214797351, 25.760344702693484 ], [ -80.369387869600672, 25.760352187059826 ], [ -80.369396658489421, 25.76035353411854 ], [ -80.369398003685376, 25.760346049752091 ], [ -80.369406792573642, 25.760347396809962 ], [ -80.36940069407656, 25.760331081018627 ], [ -80.369419617044286, 25.760326290766105 ], [ -80.369422307431194, 25.76031132203115 ], [ -80.369448674087536, 25.7603153631967 ], [ -80.369454772592462, 25.760331678985995 ], [ -80.369463561480188, 25.760333026039067 ], [ -80.369464906670103, 25.760325541671257 ], [ -80.369491273332699, 25.760329582825722 ], [ -80.369489928144972, 25.760337067193774 ], [ -80.369571718515971, 25.760334221879251 ], [ -80.369570373335037, 25.760341706248241 ], [ -80.369595394828352, 25.760353231744521 ], [ -80.369592704469682, 25.760368200482002 ], [ -80.369608937078723, 25.760378378932174 ], [ -80.369607591900277, 25.760385863300613 ], [ -80.36966167045135, 25.760386461159133 ], [ -80.36966032527728, 25.760393945528051 ], [ -80.369686691969406, 25.760397986631567 ], [ -80.369688037141302, 25.760390502262396 ], [ -80.369696826038492, 25.760391849295299 ], [ -80.369710368323894, 25.760416996466546 ], [ -80.369734044688627, 25.760436006294945 ], [ -80.369728664012598, 25.760465943768587 ], [ -80.369752340394513, 25.760484953589842 ], [ -80.369750995226653, 25.760492437957634 ], [ -80.369768573043672, 25.760495132011087 ], [ -80.369767227877048, 25.760502616378847 ], [ -80.369790904277181, 25.760521626189004 ], [ -80.369789559112064, 25.76052911055644 ], [ -80.369807136937595, 25.76053180460298 ], [ -80.369803101445228, 25.760554257704587 ], [ -80.369819334113075, 25.760564436115594 ], [ -80.369816643786137, 25.760579404848965 ], [ -80.369825432704218, 25.760580751870101 ], [ -80.3698200520505, 25.76061068933484 ], [ -80.369836284730766, 25.760620867741363 ], [ -80.369830904078285, 25.760650805202893 ], [ -80.369848481929466, 25.760653499241343 ], [ -80.369851172253234, 25.76063853051064 ], [ -80.369867404942269, 25.760648708911344 ], [ -80.369863369459935, 25.760671162007032 ], [ -80.36985458053222, 25.76066981498953 ], [ -80.369853235370243, 25.760677299354306 ], [ -80.369870813227408, 25.760679993388706 ], [ -80.3698681229057, 25.76069496211797 ], [ -80.369839065788995, 25.76070588979271 ], [ -80.369845164393638, 25.760722205538759 ], [ -80.369836375461077, 25.760720858519921 ], [ -80.369833685132249, 25.760735827246364 ], [ -80.369824896198509, 25.760734480226599 ], [ -80.369823551033022, 25.76074196458945 ], [ -80.369848572673703, 25.760753490009606 ], [ -80.369851263000541, 25.760738521283617 ], [ -80.369877629805003, 25.760742562333814 ], [ -80.369874939482543, 25.7607575310603 ], [ -80.369899961134422, 25.760769056467392 ], [ -80.369895925654887, 25.76079150955584 ], [ -80.369870903997125, 25.760779984148577 ], [ -80.369864178183519, 25.760817405958466 ], [ -80.369846600299041, 25.760814711924109 ], [ -80.369847945463675, 25.76080722756269 ], [ -80.369830367581713, 25.760804533525466 ], [ -80.369831712747597, 25.760797049163994 ], [ -80.369805345928881, 25.76079300810272 ], [ -80.369804000760823, 25.760800492463936 ], [ -80.369820233474329, 25.760810670866867 ], [ -80.369818888307279, 25.760818155227852 ], [ -80.369845255134166, 25.760822196285343 ], [ -80.369851353748047, 25.760838512025035 ], [ -80.369877720582551, 25.760842553073942 ], [ -80.369873685093935, 25.760865006156298 ], [ -80.369864896146666, 25.76086365914049 ], [ -80.369862205818308, 25.760878627860944 ], [ -80.369870994767055, 25.760879974876893 ], [ -80.369868304439265, 25.760894943596728 ], [ -80.369894671291505, 25.760898984640566 ], [ -80.369891980967154, 25.760913953360109 ], [ -80.369864268945832, 25.760917396675005 ], [ -80.369862923780886, 25.76092488103405 ], [ -80.369836556922337, 25.760920839982393 ], [ -80.369830458305486, 25.760904524246065 ], [ -80.369812880404595, 25.76090183020667 ], [ -80.369811535235513, 25.760909314565403 ], [ -80.369802746284734, 25.760907967544487 ], [ -80.369800055944424, 25.760922936261199 ], [ -80.369791266992465, 25.760921589239366 ], [ -80.369788576649796, 25.760936557955159 ], [ -80.369779787696629, 25.760935210932395 ], [ -80.369777097351587, 25.760950179647228 ], [ -80.369768308397241, 25.760948832623541 ], [ -80.369764272875756, 25.76097128569409 ], [ -80.369755483919505, 25.760969938669405 ], [ -80.369752793569234, 25.760984907381946 ] ], [ [ -80.369693961233267, 25.760960509475424 ], [ -80.369676383325327, 25.760957815413196 ], [ -80.369679073687792, 25.760942846701344 ], [ -80.369706785724418, 25.760939403436605 ], [ -80.369704095366785, 25.760954372149321 ], [ -80.369695306413135, 25.760953025119424 ], [ -80.369693961233267, 25.760960509475424 ] ], [ [ -80.36882654659027, 25.760812181067866 ], [ -80.368782601963332, 25.76080544553307 ], [ -80.368783947218574, 25.760797961185343 ], [ -80.368752827297868, 25.760770119700833 ], [ -80.368755517812119, 25.760755151004265 ], [ -80.368746728892987, 25.76075380389252 ], [ -80.36875076466481, 25.760731350846495 ], [ -80.368741975748151, 25.760730003734221 ], [ -80.368745294147971, 25.760661297474059 ], [ -80.368764217222676, 25.760656507347012 ], [ -80.368775696639688, 25.760642885755306 ], [ -80.368793274456877, 25.760645579974067 ], [ -80.368794619708751, 25.760638095622401 ], [ -80.368838564252812, 25.760644831155609 ], [ -80.368837219004575, 25.760652315507699 ], [ -80.368879818314227, 25.760666535374707 ], [ -80.368877127823893, 25.760681504078693 ], [ -80.368893360407895, 25.760691682631656 ], [ -80.368889324674385, 25.760714135686115 ], [ -80.368898113591712, 25.760715482785859 ], [ -80.368891387368237, 25.760752904539817 ], [ -80.368882598447243, 25.760751557439647 ], [ -80.368879907954792, 25.760766526139694 ], [ -80.368871119032619, 25.7607651790386 ], [ -80.368869773785306, 25.76077266338827 ], [ -80.368878562708218, 25.760774010489431 ], [ -80.368875872214389, 25.760788979188316 ], [ -80.368859639614428, 25.760778800635709 ], [ -80.36884816019267, 25.760792422230953 ], [ -80.368839371268379, 25.760791075127266 ], [ -80.368836680767345, 25.760806043824328 ], [ -80.36882789184186, 25.760804696719724 ], [ -80.36882654659027, 25.760812181067866 ] ], [ [ -80.369952876495049, 25.760977119962003 ], [ -80.369926509616633, 25.760973078934075 ], [ -80.369940679212547, 25.760944488507711 ], [ -80.369949468169096, 25.76094583551669 ], [ -80.369946777852661, 25.760960804235467 ], [ -80.369955566810944, 25.760962151243849 ], [ -80.369952876495049, 25.760977119962003 ] ], [ [ -80.369866332075176, 25.760956165484277 ], [ -80.369848754162831, 25.760953471451447 ], [ -80.369851444495751, 25.760938502734902 ], [ -80.369842655541447, 25.760937155717532 ], [ -80.369844000708298, 25.760929671359037 ], [ -80.369869022405197, 25.760941196767401 ], [ -80.369866332075176, 25.760956165484277 ] ], [ [ -80.370062379480174, 25.760970830925146 ], [ -80.370046146708958, 25.760960652565537 ], [ -80.37004883700844, 25.76094568384416 ], [ -80.370073858736816, 25.760957209202132 ], [ -80.370062379480174, 25.760970830925146 ] ], [ [ -80.370239503886637, 25.760990286388665 ], [ -80.370213136991069, 25.760986245434349 ], [ -80.370227306495721, 25.760957654969737 ], [ -80.370236095457997, 25.760959001954166 ], [ -80.370237440591623, 25.760951517591042 ], [ -80.370271251309759, 25.760964389884386 ], [ -80.370269906178819, 25.760971874247627 ], [ -80.370261117214739, 25.760970527266124 ], [ -80.370258426950699, 25.760985495991864 ], [ -80.370240849020462, 25.760982802026255 ], [ -80.370239503886637, 25.760990286388665 ] ], [ [ -80.370328738682545, 25.76099627182403 ], [ -80.370284793848114, 25.760989536934602 ], [ -80.370287484107777, 25.760974568208354 ], [ -80.370323985095524, 25.760972471757007 ], [ -80.370335464311751, 25.760958850004894 ], [ -80.370361831204718, 25.760962890928216 ], [ -80.370360486081509, 25.760970375292683 ], [ -80.370369275047096, 25.760971722265694 ], [ -80.37034766174304, 25.760991481410883 ], [ -80.370330083808838, 25.760988787460587 ], [ -80.370328738682545, 25.76099627182403 ] ], [ [ -80.369516746641395, 25.760841062361745 ], [ -80.36950795770197, 25.760839715315385 ], [ -80.369510648089545, 25.76082474660236 ], [ -80.369519437027506, 25.760826093648578 ], [ -80.369516746641395, 25.760841062361745 ] ], [ [ -80.369906150564759, 25.76088536293318 ], [ -80.369888572665374, 25.760882668906543 ], [ -80.369892608150977, 25.760860215824863 ], [ -80.369901397098346, 25.760861562838301 ], [ -80.369902742259029, 25.760854078477269 ], [ -80.369918974993908, 25.760864256862906 ], [ -80.369916284674773, 25.760879225584738 ], [ -80.3699074957254, 25.760877878572643 ], [ -80.369906150564759, 25.76088536293318 ] ], [ [ -80.369501859151868, 25.760823399555392 ], [ -80.369466703403816, 25.760818011359962 ], [ -80.369468048600893, 25.760810527003585 ], [ -80.369450470729944, 25.760807832901477 ], [ -80.369451815928258, 25.760800348545072 ], [ -80.369416660192513, 25.760794960332145 ], [ -80.369418005393527, 25.760787475975867 ], [ -80.369400427528731, 25.760784781865045 ], [ -80.369394329002418, 25.760768466095843 ], [ -80.369376751142156, 25.760765771980815 ], [ -80.369378096346125, 25.76075828762437 ], [ -80.369342940631753, 25.760752899385544 ], [ -80.369339532531939, 25.7607216148979 ], [ -80.369348321456954, 25.760722961959157 ], [ -80.369349666662671, 25.760715477602101 ], [ -80.369367244512034, 25.760718171722182 ], [ -80.369365899307766, 25.760725656079416 ], [ -80.369401055012631, 25.760731044310866 ], [ -80.369399709811049, 25.760738528668266 ], [ -80.369408498738665, 25.760739875724319 ], [ -80.369405808336268, 25.760754844438662 ], [ -80.369439618856646, 25.760767717013188 ], [ -80.369445717391315, 25.760784032779743 ], [ -80.369472084190789, 25.76078807393327 ], [ -80.369469393797758, 25.76080304264698 ], [ -80.369478182732905, 25.760804389696816 ], [ -80.36947683753678, 25.760811874053488 ], [ -80.369503204346046, 25.760815915198684 ], [ -80.369501859151868, 25.760823399555392 ] ], [ [ -80.369136042107911, 25.760698116634963 ], [ -80.369118464269661, 25.760695422475216 ], [ -80.369119809494578, 25.760687938120476 ], [ -80.369111020576597, 25.760686591039544 ], [ -80.369113711027182, 25.760671622329685 ], [ -80.369148866694914, 25.760677010648191 ], [ -80.369146176250155, 25.760691979358718 ], [ -80.369137387331349, 25.760690632280077 ], [ -80.369136042107911, 25.760698116634963 ] ], [ [ -80.368687090229074, 25.760583161391772 ], [ -80.368678301328217, 25.760581814273433 ], [ -80.36867964658893, 25.760574329921781 ], [ -80.368688435489062, 25.760575677040027 ], [ -80.368687090229074, 25.760583161391772 ] ], [ [ -80.370217708218362, 25.760810064099974 ], [ -80.3701825524317, 25.760804676148847 ], [ -80.370183897567529, 25.760797191782775 ], [ -80.370160221007893, 25.760778182079555 ], [ -80.370162911282335, 25.760763213346571 ], [ -80.370171700224134, 25.760764560337346 ], [ -80.370175735631889, 25.760742107236197 ], [ -80.37015205908888, 25.760723097527777 ], [ -80.370157439636245, 25.760693160056288 ], [ -80.370148650701793, 25.760691813063993 ], [ -80.370151340975568, 25.760676844327254 ], [ -80.37014255204285, 25.760675497334361 ], [ -80.37014524231715, 25.760660528596997 ], [ -80.370154031248404, 25.760661875589715 ], [ -80.370158066655932, 25.760639422481969 ], [ -80.370174299380722, 25.760649600834238 ], [ -80.370172954246328, 25.760657085203647 ], [ -80.370190532109262, 25.760659779183612 ], [ -80.370186496709096, 25.760682232291195 ], [ -80.370195285643149, 25.760683579280304 ], [ -80.370193940510035, 25.760691063649183 ], [ -80.370211518380415, 25.760693757625297 ], [ -80.370218244036423, 25.760656335778073 ], [ -80.370227032968373, 25.760657682764563 ], [ -80.37023851215848, 25.760644061009742 ], [ -80.370262188698888, 25.760663070703014 ], [ -80.370260843571785, 25.760670555073244 ], [ -80.370294654185116, 25.760683427370292 ], [ -80.37028927368516, 25.760713364849884 ], [ -80.370280484746687, 25.76071201786894 ], [ -80.370277794493873, 25.760726986607391 ], [ -80.370286583433824, 25.760728333588521 ], [ -80.370283893181551, 25.760743302326372 ], [ -80.37027510424015, 25.760741955345082 ], [ -80.370272413985504, 25.760756924082006 ], [ -80.370246047158545, 25.760752883133122 ], [ -80.3702447020287, 25.760760367501032 ], [ -80.370235913086191, 25.760759020516488 ], [ -80.370237258216775, 25.760751536148664 ], [ -80.370210891393057, 25.760747495190699 ], [ -80.370209546260298, 25.760754979558282 ], [ -80.370218335201983, 25.760756326545117 ], [ -80.370215644937232, 25.760771295279842 ], [ -80.37020685599407, 25.760769948292857 ], [ -80.370205510860615, 25.76077743265985 ], [ -80.370260934785904, 25.760770545835758 ], [ -80.370255554269107, 25.760800483305356 ], [ -80.370219053351278, 25.760802579733571 ], [ -80.370217708218362, 25.760810064099974 ] ], [ [ -80.368768880855484, 25.760580316717522 ], [ -80.368724936349068, 25.760573581153164 ], [ -80.368726281605674, 25.760566096800723 ], [ -80.368702605424133, 25.760547086748286 ], [ -80.368712022226035, 25.760494696274648 ], [ -80.368720811118678, 25.760496043390461 ], [ -80.368732290521436, 25.760482421796695 ], [ -80.368767446089947, 25.760487810248723 ], [ -80.368766100838059, 25.760495294603569 ], [ -80.368783678625391, 25.760497988825211 ], [ -80.368789777019373, 25.760514304644516 ], [ -80.368798565915171, 25.760515651753618 ], [ -80.368790494413759, 25.760560557878261 ], [ -80.36878170551357, 25.760559210768658 ], [ -80.368779015009807, 25.760574179475171 ], [ -80.368770226108438, 25.760572832364652 ], [ -80.368768880855484, 25.760580316717522 ] ], [ [ -80.368682337109661, 25.76055936121789 ], [ -80.368673548211248, 25.760558014099047 ], [ -80.36867758399282, 25.760535561041998 ], [ -80.368686372889016, 25.760536908160582 ], [ -80.368682337109661, 25.76055936121789 ] ], [ [ -80.370357613185249, 25.760785362600195 ], [ -80.370332591468625, 25.760773837304964 ], [ -80.37033393659118, 25.760766352936237 ], [ -80.370360303426224, 25.760770393862405 ], [ -80.370357613185249, 25.760785362600195 ] ], [ [ -80.370478595070821, 25.760765451352473 ], [ -80.370461017177874, 25.760762757422608 ], [ -80.370463707400532, 25.760747788681037 ], [ -80.370481285290552, 25.760750482610582 ], [ -80.370478595070821, 25.760765451352473 ] ], [ [ -80.368685655549712, 25.760490654922641 ], [ -80.368676866658149, 25.760489307803795 ], [ -80.368679557176733, 25.760474339095957 ], [ -80.368688346066847, 25.76047568621464 ], [ -80.368685655549712, 25.760490654922641 ] ], [ [ -80.369017570883557, 25.760503076001402 ], [ -80.368973626396738, 25.760496340541604 ], [ -80.368977662098672, 25.760473887468407 ], [ -80.36902026134446, 25.760488107285308 ], [ -80.369017570883557, 25.760503076001402 ] ], [ [ -80.368648437403905, 25.760446497551474 ], [ -80.368622070745005, 25.760442456182567 ], [ -80.368623416008376, 25.760434971828364 ], [ -80.368651127926043, 25.760431528842336 ], [ -80.368648437403905, 25.760446497551474 ] ], [ [ -80.36868493821116, 25.760444401677976 ], [ -80.368676149324244, 25.760443054558852 ], [ -80.368677494583011, 25.760435570203949 ], [ -80.368686283469202, 25.760436917322963 ], [ -80.36868493821116, 25.760444401677976 ] ], [ [ -80.370048564091178, 25.76064571162722 ], [ -80.37003098623542, 25.760643017622879 ], [ -80.370043092543682, 25.760575658304862 ], [ -80.370034303622774, 25.760574311302307 ], [ -80.370038339056919, 25.760551858193033 ], [ -80.370062015529086, 25.760570867937879 ], [ -80.370053944669095, 25.76061577415382 ], [ -80.370062733594452, 25.760617121154514 ], [ -80.370058698163561, 25.760639574260111 ], [ -80.370049909236016, 25.760638227259154 ], [ -80.370048564091178, 25.76064571162722 ] ], [ [ -80.368690319241921, 25.76041446425684 ], [ -80.368672741474185, 25.760411770018543 ], [ -80.36867677724922, 25.760389316951159 ], [ -80.368694355012579, 25.760392011188976 ], [ -80.368690319241921, 25.76041446425684 ] ], [ [ -80.368893808888885, 25.760437963422163 ], [ -80.368876231110178, 25.760435269218824 ], [ -80.368880266834225, 25.760412816145124 ], [ -80.368889055721255, 25.760414163246907 ], [ -80.368890400961419, 25.760406678888536 ], [ -80.36889918984798, 25.760408025989499 ], [ -80.368896499368887, 25.760422994706225 ], [ -80.368887710480863, 25.760421647605085 ], [ -80.368886365240257, 25.760429131963061 ], [ -80.368895154129007, 25.760430479064279 ], [ -80.368893808888885, 25.760437963422163 ] ], [ [ -80.370494736375477, 25.760675638889442 ], [ -80.370468369562701, 25.760671597996499 ], [ -80.370471059781323, 25.760656629250445 ], [ -80.370498771696475, 25.760653185769307 ], [ -80.370494736375477, 25.760675638889442 ] ], [ [ -80.370403438533472, 25.760630884758466 ], [ -80.370394649601494, 25.760629537786915 ], [ -80.37038855090114, 25.760613222068638 ], [ -80.370406128761914, 25.76061591601216 ], [ -80.370403438533472, 25.760630884758466 ] ], [ [ -80.370426396848345, 25.760603641205257 ], [ -80.370401375174495, 25.760592115920158 ], [ -80.370405410515559, 25.760569662797753 ], [ -80.370387832664065, 25.760566968853713 ], [ -80.370389177778748, 25.760559484479355 ], [ -80.370335099116105, 25.760558887003466 ], [ -80.370337789353982, 25.760543918255586 ], [ -80.370329000431724, 25.760542571278066 ], [ -80.370330345551054, 25.760535086903896 ], [ -80.37035805743335, 25.760531643459341 ], [ -80.370364156122378, 25.760547959183615 ], [ -80.370425678591403, 25.760557387989209 ], [ -80.370427023702717, 25.760549903614127 ], [ -80.370435812627221, 25.760551250583248 ], [ -80.370434467516645, 25.760558734958405 ], [ -80.37044325644213, 25.760560081926865 ], [ -80.370437876000437, 25.760590019425855 ], [ -80.370429087072026, 25.760588672457093 ], [ -80.370426396848345, 25.760603641205257 ] ], [ [ -80.370457425803011, 25.760531491392097 ], [ -80.370431059035255, 25.760527450487753 ], [ -80.37043374925581, 25.760512481735852 ], [ -80.370460116019174, 25.760516522639708 ], [ -80.370457425803011, 25.760531491392097 ] ], [ [ -80.370407382494875, 25.760508440825191 ], [ -80.370398593575104, 25.760507093853469 ], [ -80.370399938687939, 25.760499609477559 ], [ -80.370408727606986, 25.76050095644921 ], [ -80.370407382494875, 25.760508440825191 ] ], [ [ -80.369358094845353, 25.760316861352184 ], [ -80.369331728192719, 25.760312820163453 ], [ -80.369333073393591, 25.760305335796886 ], [ -80.369360785242463, 25.76030189261839 ], [ -80.369358094845353, 25.760316861352184 ] ], [ [ -80.369965873674559, 25.76040232244193 ], [ -80.369957084772182, 25.760400975432052 ], [ -80.369959775069702, 25.760386006686556 ], [ -80.369968563970616, 25.760387353696277 ], [ -80.369965873674559, 25.76040232244193 ] ], [ [ -80.370201110874532, 25.760399922557156 ], [ -80.370192321968787, 25.760398575567351 ], [ -80.370195012226105, 25.760383606815601 ], [ -80.370203801130387, 25.760384953805257 ], [ -80.370201110874532, 25.760399922557156 ] ], [ [ -80.370080756495, 25.760366095881448 ], [ -80.370071967594498, 25.760364748881205 ], [ -80.370074657871299, 25.760349780131016 ], [ -80.370048291175792, 25.760345739126286 ], [ -80.37005098145606, 25.760330770375823 ], [ -80.370025959909299, 25.76031924498951 ], [ -80.370019861299056, 25.760302929233415 ], [ -80.37008138355931, 25.760312358252133 ], [ -80.370080038422174, 25.760319842628306 ], [ -80.370088827318312, 25.760321189628044 ], [ -80.37008613704478, 25.760336158379967 ], [ -80.370094925942652, 25.760337505379095 ], [ -80.37009358080627, 25.760344989754831 ], [ -80.370084791907686, 25.760343642755611 ], [ -80.370080756495, 25.760366095881448 ] ], [ [ -80.370754094050994, 25.760438528159195 ], [ -80.370729072381195, 25.76042700294775 ], [ -80.370734452713549, 25.760397065418108 ], [ -80.370760819456095, 25.760401106246366 ], [ -80.370754094050994, 25.760438528159195 ] ], [ [ -80.370113848873871, 25.760332714998999 ], [ -80.370096271078793, 25.760330021003142 ], [ -80.370098961350394, 25.760315052250661 ], [ -80.370116539142543, 25.760317746246191 ], [ -80.370113848873871, 25.760332714998999 ] ], [ [ -80.370328817849071, 25.760342589577728 ], [ -80.37032002894712, 25.760341242598585 ], [ -80.370321374064119, 25.76033375821978 ], [ -80.370330162965359, 25.760335105198845 ], [ -80.370328817849071, 25.760342589577728 ] ], [ [ -80.370605309223947, 25.760361892411144 ], [ -80.370578942500345, 25.760357851542523 ], [ -80.37058028759553, 25.760350367160726 ], [ -80.37060665431693, 25.760354408029091 ], [ -80.370605309223947, 25.760361892411144 ] ], [ [ -80.37058028759553, 25.760350367160726 ], [ -80.370571498688932, 25.760349020203094 ], [ -80.370572843784601, 25.760341535821201 ], [ -80.370581632690474, 25.76034288277873 ], [ -80.37058028759553, 25.760350367160726 ] ], [ [ -80.370299042718258, 25.760307264141236 ], [ -80.370290253820286, 25.760305917159407 ], [ -80.370295634294919, 25.760275979641275 ], [ -80.370313212085279, 25.760278673603533 ], [ -80.370326754529856, 25.760303820702653 ], [ -80.370301732954573, 25.760292295382396 ], [ -80.370299042718258, 25.760307264141236 ] ], [ [ -80.369887309958159, 25.760236470801857 ], [ -80.369860943305312, 25.760232429747685 ], [ -80.3698622884598, 25.760224945372308 ], [ -80.369853499576791, 25.76022359835283 ], [ -80.369857535041064, 25.760201145225817 ], [ -80.369883901684361, 25.760205186281251 ], [ -80.369882556532019, 25.760212670657385 ], [ -80.369891345414388, 25.760214017674425 ], [ -80.369887309958159, 25.760236470801857 ] ], [ [ -80.370539660045623, 25.760274925963213 ], [ -80.370523427347777, 25.760264747656532 ], [ -80.370526117544514, 25.760249778889811 ], [ -80.370499750858258, 25.760245737999458 ], [ -80.37048620837308, 25.760220590918514 ], [ -80.370530152837915, 25.760227325738281 ], [ -80.370536251537771, 25.760243641468019 ], [ -80.370545040433271, 25.760244988429115 ], [ -80.370539660045623, 25.760274925963213 ] ], [ [ -80.370173843806427, 25.760149646514979 ], [ -80.370165054926176, 25.760148299521774 ], [ -80.370158956301935, 25.76013198376512 ], [ -80.370167745180467, 25.760133330758908 ], [ -80.370171780560199, 25.760110877613183 ], [ -80.370189358313681, 25.760113571597994 ], [ -80.370188013188795, 25.760121055980253 ], [ -80.370196802066687, 25.760122402971614 ], [ -80.37019276669281, 25.76014485611752 ], [ -80.370175188932961, 25.760142162133551 ], [ -80.370173843806427, 25.760149646514979 ] ], [ [ -80.370490870487714, 25.760144400106181 ], [ -80.370482081603114, 25.760143053140045 ], [ -80.370484771803177, 25.760128084368638 ], [ -80.370475982920311, 25.760126737401901 ], [ -80.370477328020726, 25.760119253016008 ], [ -80.370494905785279, 25.760121946948566 ], [ -80.370501631276625, 25.760084525015298 ], [ -80.370510420155668, 25.760085871980028 ], [ -80.370513110349137, 25.760070903205204 ], [ -80.370530688105106, 25.760073597132038 ], [ -80.370527997914536, 25.760088565907214 ], [ -80.370519209034967, 25.76008721894399 ], [ -80.370525307723071, 25.760103534681601 ], [ -80.370516518842038, 25.760102187718221 ], [ -80.370511138453409, 25.760132125264317 ], [ -80.370492215587134, 25.760136915720512 ], [ -80.370490870487714, 25.760144400106181 ] ], [ [ -80.370655795885781, 25.760131223429688 ], [ -80.370629429229169, 25.760127182571061 ], [ -80.37063077431651, 25.760119698183189 ], [ -80.370621985432223, 25.760118351228876 ], [ -80.370626020695056, 25.760095898064243 ], [ -80.370652387342119, 25.760099938924149 ], [ -80.370658486055845, 25.760116254653205 ], [ -80.370667274940473, 25.760117601604403 ], [ -80.370655795885781, 25.760131223429688 ] ], [ [ -80.368655972656668, 25.759801645666467 ], [ -80.368647183834568, 25.759800298542146 ], [ -80.368648529085945, 25.759792814172442 ], [ -80.368657317907321, 25.759794161296654 ], [ -80.368655972656668, 25.759801645666467 ] ], [ [ -80.369711978431425, 25.759955810713009 ], [ -80.3696944007242, 25.759953116645303 ], [ -80.369695745888606, 25.759945632265516 ], [ -80.369714668757112, 25.759940841952901 ], [ -80.369711978431425, 25.759955810713009 ] ], [ [ -80.37066386639323, 25.760086317097908 ], [ -80.370637499749748, 25.760082276240762 ], [ -80.37063884483571, 25.760074791851718 ], [ -80.370622612163359, 25.760064613554253 ], [ -80.370632027767257, 25.760012222825164 ], [ -80.370615795107284, 25.760002044524608 ], [ -80.37062386562333, 25.759957138177654 ], [ -80.370641443359915, 25.759959832086562 ], [ -80.370640098275928, 25.75996731647837 ], [ -80.370675253755252, 25.759972704287424 ], [ -80.37067121851068, 25.759995157462718 ], [ -80.370688796256331, 25.759997851363206 ], [ -80.370686106095064, 25.760012820146059 ], [ -80.370694894969759, 25.760014167095331 ], [ -80.370690859728299, 25.760036620268448 ], [ -80.370699648605438, 25.760037967217222 ], [ -80.370694268283231, 25.760067904778946 ], [ -80.370665211477018, 25.76007883270859 ], [ -80.37066386639323, 25.760086317097908 ] ], [ [ -80.369548307997135, 25.759861510488321 ], [ -80.369513152631555, 25.759856122292387 ], [ -80.369515842988079, 25.759841153532765 ], [ -80.369543554683233, 25.759837710299994 ], [ -80.3695422095075, 25.759845194680349 ], [ -80.369550998347833, 25.759846541728024 ], [ -80.369548307997135, 25.759861510488321 ] ] ] } },
{ "type": "Feature", "properties": { "hotspot_id": "fiu_hs_015", "area_m2": 685.84736634699448, "depth_max_m": 0.60736179351806641, "depth_mean_m": 0.30374860815777316, "building_frac": 0.0, "lots": null, "roads": null }, "geometry": { "type": "Polygon", "coordinates": [ [ [ -80.376103097470377, 25.759066359535197 ], [ -80.376104442074634, 25.759058875050687 ], [ -80.37614838638882, 25.759065607496087 ], [ -80.376149730989212, 25.759058123010998 ], [ -80.376167308715324, 25.75906081598367 ], [ -80.376168653314025, 25.759053331498205 ], [ -80.376213942225178, 25.759052579430232 ], [ -80.376228109462645, 25.759023987964959 ], [ -80.376245687184309, 25.759026680924563 ], [ -80.376247031775804, 25.759019196437269 ], [ -80.376238242915562, 25.759017849957939 ], [ -80.376240932099307, 25.759002880982955 ], [ -80.376224698975548, 25.758992703534734 ], [ -80.376231421937078, 25.758955281093723 ], [ -80.376222633083472, 25.758953934612773 ], [ -80.376240112766084, 25.758856636244474 ], [ -80.376231323922241, 25.758855289763854 ], [ -80.376234013102192, 25.758840320781367 ], [ -80.376225224260068, 25.758838974300165 ], [ -80.37623060262014, 25.758809036333204 ], [ -80.376221813781186, 25.758807689851569 ], [ -80.376224502961321, 25.758792720867078 ], [ -80.3762157141241, 25.758791374384845 ], [ -80.376225126252407, 25.758738982933611 ], [ -80.376216337420558, 25.758737636451215 ], [ -80.376219026599472, 25.758722667463559 ], [ -80.376210237769357, 25.758721320980573 ], [ -80.376212926948796, 25.758706351992309 ], [ -80.376204138120414, 25.758705005508727 ], [ -80.376205482710517, 25.75869752101439 ], [ -80.376180460821232, 25.75868599706509 ], [ -80.376183150004678, 25.758671028075934 ], [ -80.376166916948989, 25.758660850607924 ], [ -80.376169606133971, 25.75864588161793 ], [ -80.376116873208019, 25.758637802681381 ], [ -80.376115528611265, 25.758645287175966 ], [ -80.376106739790472, 25.758643940683807 ], [ -80.376102705996658, 25.758666394166184 ], [ -80.376093917173961, 25.758665047673016 ], [ -80.376089883375897, 25.758687501153396 ], [ -80.376081094551282, 25.758686154659227 ], [ -80.376075716147739, 25.758716092629985 ], [ -80.376084504975267, 25.758717439124492 ], [ -80.376080471172372, 25.758739892600769 ], [ -80.376071682342669, 25.758738546106027 ], [ -80.37605482589251, 25.758782106556847 ], [ -80.376072403560414, 25.758784799548096 ], [ -80.376068369751337, 25.758807253019128 ], [ -80.376059580915054, 25.758805906523641 ], [ -80.376058236310854, 25.758813391013504 ], [ -80.376067025147847, 25.758814737509091 ], [ -80.3760643359402, 25.758829706488417 ], [ -80.376073124778927, 25.758831052983403 ], [ -80.376065057154818, 25.758875959917241 ], [ -80.376073845998221, 25.758877306411978 ], [ -80.376063089159061, 25.75893718231352 ], [ -80.376071878008545, 25.758938528808159 ], [ -80.376063810373921, 25.758983435726659 ], [ -80.376055021520074, 25.758982089231527 ], [ -80.376053676912775, 25.758989573717155 ], [ -80.376062465767347, 25.758990920212391 ], [ -80.376059776553518, 25.759005889183285 ], [ -80.37606856540981, 25.759007235677906 ], [ -80.376063186982321, 25.759037173617674 ], [ -80.376071975841811, 25.759038520111879 ], [ -80.376069286628137, 25.759053489080774 ], [ -80.37607807548936, 25.759054835574403 ], [ -80.376076730882914, 25.759062320058629 ], [ -80.376103097470377, 25.759066359535197 ] ] ] } },
{ "type": "Feature", "properties": { "hotspot_id": "fiu_hs_016", "area_m2": 58.593750903805322, "depth_max_m": 0.60689663887023926, "depth_mean_m": 0.33434745592948717, "building_frac": 0.015903426748296427, "lots": null, "roads": null }, "geometry": { "type": "Polygon", "coordinates": [ [ [ -80.378563161234879, 25.751906498358174 ], [ -80.378574637986574, 25.751892875297226 ], [ -80.378592214352054, 25.75189556791663 ], [ -80.378594902916092, 25.751880598543579 ], [ -80.378603691097794, 25.751881944851977 ], [ -80.37860503537874, 25.751874460165073 ], [ -80.378587459017083, 25.751871767547687 ], [ -80.37858880329928, 25.751864282860748 ], [ -80.378544862403515, 25.75185755130445 ], [ -80.378546206689123, 25.751850066617738 ], [ -80.378493477627487, 25.751841988725712 ], [ -80.378492133337502, 25.751849473411941 ], [ -80.378483345160788, 25.751848127093862 ], [ -80.378476623703861, 25.751885550521578 ], [ -80.378485411884228, 25.751886896840077 ], [ -80.378484067592879, 25.751894381525126 ], [ -80.378563161234879, 25.751906498358174 ] ] ] } },
{ "type": "Feature", "properties": { "hotspot_id": "fiu_hs_017", "area_m2": 6236.4784615676035, "depth_max_m": 0.59333252906799316, "depth_mean_m": 0.26926593601315946, "building_frac": 0.0, "lots": "Greek Housing Parking Lot", "roads": "" }, "geometry": { "type": "Polygon", "coordinates": [ [ [ -80.368818482687558, 25.754073961336939 ], [ -80.36881982783656, 25.754066476829699 ], [ -80.368872557344019, 25.75407455962203 ], [ -80.368873902488417, 25.754067075114115 ], [ -80.3688914789916, 25.754069769371998 ], [ -80.368892824134321, 25.754062284863725 ], [ -80.368935420254303, 25.754076505003514 ], [ -80.368936765393357, 25.754069020494811 ], [ -80.369024647931695, 25.754082491700281 ], [ -80.369025993063246, 25.754075007190544 ], [ -80.369043569572682, 25.754077701422393 ], [ -80.369044914702556, 25.754070216912325 ], [ -80.369078722594836, 25.754083089877028 ], [ -80.369080067721768, 25.754075605366619 ], [ -80.369124009001851, 25.754082340917471 ], [ -80.369125354124932, 25.754074856406433 ], [ -80.369150373773152, 25.754086382238896 ], [ -80.369151718894031, 25.754078897727613 ], [ -80.369230813215921, 25.754091021650328 ], [ -80.369232158330007, 25.754083537138122 ], [ -80.3692497348475, 25.754086231334675 ], [ -80.369248389734864, 25.754093715847059 ], [ -80.369257177994726, 25.754095062944284 ], [ -80.369258523106652, 25.754087578431829 ], [ -80.369284887885698, 25.754091619718736 ], [ -80.369298338970324, 25.754016774580894 ], [ -80.369289550717667, 25.754015427486852 ], [ -80.369294931148005, 25.753985489426586 ], [ -80.369286142898517, 25.753984142332122 ], [ -80.369294213541522, 25.753939235236437 ], [ -80.369303001786633, 25.75394058233039 ], [ -80.369299684077532, 25.754009290066048 ], [ -80.369308472329735, 25.754010637159247 ], [ -80.369304437009632, 25.754033090703473 ], [ -80.369313225264293, 25.754034437796179 ], [ -80.369309189944303, 25.754056891338887 ], [ -80.369325421353167, 25.754067070036541 ], [ -80.369324076247267, 25.754074554550364 ], [ -80.369350441025432, 25.754078595820644 ], [ -80.369366582254756, 25.753988781638938 ], [ -80.369375370505935, 25.753990128726528 ], [ -80.36937940580593, 25.753967675176476 ], [ -80.369370617556925, 25.753966328089135 ], [ -80.369380033253961, 25.753913936466127 ], [ -80.369363801867095, 25.75390375777215 ], [ -80.369366492066646, 25.753888788735189 ], [ -80.369348915585107, 25.753886094556904 ], [ -80.369342817547761, 25.75386977842939 ], [ -80.369325241070769, 25.753867084246895 ], [ -80.369311699906376, 25.753841936505054 ], [ -80.369294123435907, 25.753839242316985 ], [ -80.369290088120025, 25.753861695872789 ], [ -80.369315107729108, 25.753873221672954 ], [ -80.36931107241702, 25.753895675227181 ], [ -80.369302284176271, 25.753894328133725 ], [ -80.369295558647892, 25.75393175071979 ], [ -80.369286770403775, 25.753930403625148 ], [ -80.369290805723693, 25.753907950074328 ], [ -80.369282017482035, 25.753906602979168 ], [ -80.369284707695613, 25.753891633944491 ], [ -80.369275919455688, 25.753890286848751 ], [ -80.369281299882999, 25.75386034877739 ], [ -80.369272511646258, 25.753859001681239 ], [ -80.369273856753239, 25.753851517162971 ], [ -80.369247492046824, 25.753847475870192 ], [ -80.369241394030993, 25.753831159734673 ], [ -80.369169743057626, 25.753827867433532 ], [ -80.369163645057625, 25.753811551292397 ], [ -80.369137280368278, 25.753807509970851 ], [ -80.369138625486002, 25.75380002545317 ], [ -80.369129837257489, 25.753798678344559 ], [ -80.369132527493718, 25.753783709308752 ], [ -80.369177813745821, 25.753782960324791 ], [ -80.369179158859708, 25.753775475805998 ], [ -80.369196735313878, 25.753778170014236 ], [ -80.369198080426088, 25.75377068549507 ], [ -80.369162927521742, 25.753765297075915 ], [ -80.369161582406619, 25.753772781594737 ], [ -80.369152794180494, 25.753771434487977 ], [ -80.369154139296342, 25.753763949969226 ], [ -80.36911898639741, 25.753758561534934 ], [ -80.369120331515958, 25.753751077016332 ], [ -80.369093966846762, 25.753747035682913 ], [ -80.36909262172604, 25.753754520201277 ], [ -80.36906760218001, 25.753742994342701 ], [ -80.369066257057099, 25.753750478860812 ], [ -80.369057468834654, 25.75374913174582 ], [ -80.36905881395829, 25.753741647227777 ], [ -80.369041237515688, 25.753738952995679 ], [ -80.36904392776519, 25.753723983959386 ], [ -80.369018908234253, 25.753712458087847 ], [ -80.369022943612677, 25.753690004532096 ], [ -80.369031731828656, 25.753691351650293 ], [ -80.369033076953599, 25.753683867131226 ], [ -80.369068229817358, 25.753689255596139 ], [ -80.369069574939161, 25.753681771076558 ], [ -80.369085806250851, 25.753691949824059 ], [ -80.36908715137119, 25.753684465304303 ], [ -80.369104727804299, 25.753687159529029 ], [ -80.369102037566293, 25.753702128568669 ], [ -80.369153421765873, 25.753717695745703 ], [ -80.369152076650678, 25.753725180265551 ], [ -80.369178441315967, 25.753729221584347 ], [ -80.369177096202705, 25.753736706104231 ], [ -80.369212249096464, 25.753742094519033 ], [ -80.369213594206798, 25.753734609998833 ], [ -80.369231170653833, 25.753737304201529 ], [ -80.369232515762477, 25.753729819680945 ], [ -80.369258880432866, 25.753733860979072 ], [ -80.369261570645094, 25.753718891936821 ], [ -80.369289280417135, 25.753715448705996 ], [ -80.369291970623607, 25.753700479662097 ], [ -80.369283182402711, 25.753699132566155 ], [ -80.369285872609737, 25.753684163521633 ], [ -80.369277084390561, 25.753682816425108 ], [ -80.369278429494457, 25.753675331902667 ], [ -80.369306139252075, 25.753671888666794 ], [ -80.369307484353328, 25.753664404143706 ], [ -80.369346672519754, 25.753647338943733 ], [ -80.369350707811307, 25.753624885370513 ], [ -80.369359496025822, 25.753626232460988 ], [ -80.369370974430907, 25.753612610500589 ], [ -80.369416260592686, 25.75361186141129 ], [ -80.369417605683608, 25.753604376885324 ], [ -80.369436527200094, 25.753599586527979 ], [ -80.369439217377902, 25.753584617474743 ], [ -80.369448005589732, 25.753585964557836 ], [ -80.369459483975803, 25.753572342585837 ], [ -80.369477060397898, 25.753575036747932 ], [ -80.369478405483093, 25.753567552220293 ], [ -80.369517593573036, 25.753550486950001 ], [ -80.369520283735525, 25.75353551789232 ], [ -80.369539205231547, 25.753530727515056 ], [ -80.369553373752055, 25.753502136470392 ], [ -80.369562161957376, 25.753503483544083 ], [ -80.369564852110827, 25.753488514483053 ], [ -80.369573640314954, 25.753489861555828 ], [ -80.369576330466018, 25.753474892493816 ], [ -80.369585118668965, 25.753476239565668 ], [ -80.369590498965437, 25.753446301439009 ], [ -80.369599287165741, 25.753447648509763 ], [ -80.369603322383483, 25.753425194912484 ], [ -80.369612110581869, 25.753426541982247 ], [ -80.369613455653266, 25.753419057449346 ], [ -80.369622243851182, 25.753420404518277 ], [ -80.369619553709626, 25.753435373584026 ], [ -80.369610765510245, 25.753434026514952 ], [ -80.369606730293981, 25.753456480111907 ], [ -80.369597942092682, 25.753455133041815 ], [ -80.369578393293224, 25.753513662219618 ], [ -80.369595969707206, 25.753516356361896 ], [ -80.369598659855285, 25.753501387300563 ], [ -80.369607448061217, 25.753502734370393 ], [ -80.369601350002441, 25.753486418238463 ], [ -80.369610138206923, 25.753487765308115 ], [ -80.369621616554994, 25.753474143313817 ], [ -80.369630404758567, 25.753475490381806 ], [ -80.369625024473905, 25.753505428507797 ], [ -80.369616236267419, 25.75350408143948 ], [ -80.369610855976191, 25.753534019562032 ], [ -80.369602067767076, 25.753532672492618 ], [ -80.369598032544047, 25.753555126082237 ], [ -80.369589244333014, 25.753553779011817 ], [ -80.369587899257482, 25.753561263541233 ], [ -80.369605475681297, 25.753563957681468 ], [ -80.369616954040055, 25.753550335690953 ], [ -80.369677126455571, 25.753567249681943 ], [ -80.369679816591358, 25.753552280620887 ], [ -80.3696622401676, 25.753549586493254 ], [ -80.369663585236623, 25.753542101962612 ], [ -80.369638565676155, 25.753530576235125 ], [ -80.369641255817399, 25.753515607173338 ], [ -80.36965004402542, 25.753516954239483 ], [ -80.369655424302238, 25.753487016113283 ], [ -80.369683133985603, 25.753483572773849 ], [ -80.369685824117809, 25.753468603708718 ], [ -80.369694612321794, 25.75346995077123 ], [ -80.369698647516188, 25.753447497171784 ], [ -80.369689859314377, 25.7534461501095 ], [ -80.369692549444281, 25.753431181042409 ], [ -80.369720259108576, 25.753427737692384 ], [ -80.36972357646647, 25.75335902981702 ], [ -80.369732364660052, 25.753360376876795 ], [ -80.369736399839752, 25.753337923268106 ], [ -80.369745188031445, 25.753339270326883 ], [ -80.369751913322716, 25.753301847641417 ], [ -80.369780967998977, 25.753290919735885 ], [ -80.369785003163045, 25.753268466120357 ], [ -80.369758638608246, 25.753264424951094 ], [ -80.36975998366465, 25.753256940412452 ], [ -80.369654525478424, 25.753240775668303 ], [ -80.369657933400006, 25.753272060884232 ], [ -80.369666721583911, 25.753273407949994 ], [ -80.369662686389347, 25.75329586156052 ], [ -80.369653898203282, 25.75329451449452 ], [ -80.369652553137229, 25.753301999030896 ], [ -80.369608612207259, 25.753295263689161 ], [ -80.369597133880561, 25.753308885689719 ], [ -80.369579557508089, 25.753306191545871 ], [ -80.369582247652517, 25.753291222475038 ], [ -80.369591035837161, 25.75329256954716 ], [ -80.369592380908301, 25.75328508501137 ], [ -80.369504499081287, 25.753271614256864 ], [ -80.369503154002857, 25.75327909879184 ], [ -80.369457868013527, 25.753279847920155 ], [ -80.369456522931003, 25.753287332454324 ], [ -80.369447734748931, 25.753285985370685 ], [ -80.369449079832194, 25.753278500836597 ], [ -80.369412582023415, 25.753280597028553 ], [ -80.369413927109591, 25.753273112494806 ], [ -80.369405138929622, 25.753271765407462 ], [ -80.369403793842707, 25.753279249941137 ], [ -80.369377429302205, 25.753275208674342 ], [ -80.369376084212888, 25.753282693207545 ], [ -80.369260492790275, 25.753272665503605 ], [ -80.369259147691025, 25.753280150035351 ], [ -80.369232783156917, 25.753276108731502 ], [ -80.369231438055238, 25.753283593262793 ], [ -80.36916992081332, 25.753274163526765 ], [ -80.369168575706325, 25.753281648057296 ], [ -80.369114501536373, 25.75328104992624 ], [ -80.369113156424532, 25.753288534455887 ], [ -80.369095580071004, 25.753285840229221 ], [ -80.369094234957473, 25.753293324758488 ], [ -80.369067870427003, 25.753289283412567 ], [ -80.369066525311069, 25.753296767941393 ], [ -80.369048948957314, 25.753294073706822 ], [ -80.369047603839689, 25.753301558235304 ], [ -80.369021239308893, 25.753297516877538 ], [ -80.369019894188853, 25.75330500140555 ], [ -80.36900231783487, 25.753302307163089 ], [ -80.369000972713152, 25.753309791690764 ], [ -80.368948243653321, 25.753301708944708 ], [ -80.368949588779429, 25.753294224417537 ], [ -80.368932012429767, 25.753291530162965 ], [ -80.368920533998534, 25.753305152088213 ], [ -80.368902957647578, 25.753302457828774 ], [ -80.368904302777551, 25.753294973302214 ], [ -80.368807632874606, 25.753280154822157 ], [ -80.368808978012353, 25.753272670296308 ], [ -80.368791401671345, 25.753269976017538 ], [ -80.36879005653212, 25.753277460543213 ], [ -80.368772480190714, 25.753274766261249 ], [ -80.368773825331388, 25.753267281735734 ], [ -80.368747460823485, 25.753263240307376 ], [ -80.368735982367326, 25.753276862213252 ], [ -80.36871706088219, 25.753281652446688 ], [ -80.368723158762364, 25.753297968641558 ], [ -80.368739389962883, 25.753308147456039 ], [ -80.368736699674187, 25.753323116504049 ], [ -80.368798216903869, 25.753332546497621 ], [ -80.36879956204325, 25.753325061973133 ], [ -80.368836059885155, 25.753322965998901 ], [ -80.368857671641081, 25.75330320669292 ], [ -80.368884036166051, 25.753307248092518 ], [ -80.368882691034159, 25.753314732618538 ], [ -80.368907710433831, 25.753326258537644 ], [ -80.368909055563762, 25.753318774011579 ], [ -80.368926631918171, 25.753321468269839 ], [ -80.368927977046411, 25.753313983743418 ], [ -80.369014513706404, 25.753334939515756 ], [ -80.369025992126936, 25.753321317581296 ], [ -80.369052356665108, 25.753325358937563 ], [ -80.369051011547299, 25.753332843465348 ], [ -80.36905979972795, 25.753334190582674 ], [ -80.369061144845034, 25.7533267060548 ], [ -80.369150371768725, 25.753332692656702 ], [ -80.369151716878065, 25.753325208127624 ], [ -80.369169293241214, 25.753327902344374 ], [ -80.369170638348862, 25.753320417814937 ], [ -80.369223367440412, 25.753328500446546 ], [ -80.369222022337127, 25.753335984976491 ], [ -80.369239598704596, 25.753338679181137 ], [ -80.369232873192061, 25.75337610182876 ], [ -80.369213951712666, 25.753380892152052 ], [ -80.369211261502656, 25.753395861209025 ], [ -80.369182206720723, 25.753406788950066 ], [ -80.369180861612733, 25.753414273477635 ], [ -80.369136920662754, 25.753407537936852 ], [ -80.369130195101178, 25.753444960569642 ], [ -80.36909504233148, 25.753439572121742 ], [ -80.369093697215547, 25.753447056647371 ], [ -80.36906733263892, 25.753443015303262 ], [ -80.369065987520585, 25.753450499828471 ], [ -80.369022046561284, 25.75344376423941 ], [ -80.369024736805017, 25.753428795189645 ], [ -80.368989584048265, 25.753423406705441 ], [ -80.36899092917271, 25.753415922180594 ], [ -80.368982140984912, 25.753414575057739 ], [ -80.368970662545379, 25.753428196983286 ], [ -80.368961874356685, 25.753426849858741 ], [ -80.36895918410228, 25.753441818906946 ], [ -80.368950395912393, 25.753440471781495 ], [ -80.368949050784124, 25.753447956305219 ], [ -80.368957838974737, 25.753449303430756 ], [ -80.368956493846966, 25.753456787954381 ], [ -80.368982858422626, 25.753460829326713 ], [ -80.368976132791275, 25.753498251943135 ], [ -80.368967344595461, 25.753496904819361 ], [ -80.368964654339862, 25.753511873864394 ], [ -80.368955866142883, 25.753510526739703 ], [ -80.368954521014004, 25.75351801126185 ], [ -80.36892815642247, 25.753513969882974 ], [ -80.368929501553524, 25.753506485361097 ], [ -80.368913270294271, 25.753496306582967 ], [ -80.36891058002945, 25.753511275626629 ], [ -80.368919368225832, 25.753512622755188 ], [ -80.368918023093798, 25.75352010727681 ], [ -80.368935599488807, 25.753522801531815 ], [ -80.368924121027902, 25.753536423447496 ], [ -80.368906544630519, 25.753533729190643 ], [ -80.368907889763733, 25.753526244669516 ], [ -80.368891658503316, 25.753516065888618 ], [ -80.36889031336888, 25.753523550409788 ], [ -80.368863948778639, 25.753519509014541 ], [ -80.368852470307033, 25.753533130922381 ], [ -80.368843682109642, 25.753531783788208 ], [ -80.368845027248184, 25.753524299267816 ], [ -80.368827450855662, 25.753521604997339 ], [ -80.368821352940557, 25.753505288820168 ], [ -80.368786200165658, 25.753499900267787 ], [ -80.368784855022469, 25.753507384787966 ], [ -80.368732125863843, 25.753499301936216 ], [ -80.368710514031378, 25.753519061203608 ], [ -80.368692937644028, 25.753516366910119 ], [ -80.368690247341021, 25.75353133594707 ], [ -80.368671325798545, 25.753536126168232 ], [ -80.368668635491233, 25.753551095203687 ], [ -80.368659847294865, 25.753549748053878 ], [ -80.368651776363095, 25.753594655155059 ], [ -80.368675450658074, 25.753613665636376 ], [ -80.368667379728421, 25.753658572729698 ], [ -80.368658591521296, 25.753657225580234 ], [ -80.368654556051183, 25.753679679124023 ], [ -80.368645767842153, 25.75367833197356 ], [ -80.368643077526144, 25.753693301001633 ], [ -80.368634289315921, 25.753691953850243 ], [ -80.368632944156843, 25.753699438363892 ], [ -80.368597791315736, 25.753694049750454 ], [ -80.368596446153518, 25.753701534263591 ], [ -80.368571426687751, 25.753690008282437 ], [ -80.36857008152333, 25.753697492795325 ], [ -80.368561293313817, 25.753696145637726 ], [ -80.368558602982844, 25.753711114662728 ], [ -80.36853968139441, 25.753715904856954 ], [ -80.368535645891171, 25.753738358391928 ], [ -80.368544434104521, 25.753739705551542 ], [ -80.368541743769342, 25.753754674574051 ], [ -80.36856676324966, 25.753766200560051 ], [ -80.368564072917465, 25.753781169581885 ], [ -80.368555284699667, 25.753779822424121 ], [ -80.368551249197466, 25.753802275955184 ], [ -80.368495829538517, 25.753809162009979 ], [ -80.368493139192907, 25.753824131027944 ], [ -80.368484350971897, 25.753822783864312 ], [ -80.368474934749969, 25.753875175420433 ], [ -80.368483722976094, 25.753876522584651 ], [ -80.368479687451142, 25.75389897610604 ], [ -80.368503361790957, 25.753917986608691 ], [ -80.368499326269131, 25.753940440127888 ], [ -80.36851824790817, 25.75393564994447 ], [ -80.368516902735465, 25.753943134450861 ], [ -80.36856084390601, 25.753949870244995 ], [ -80.368559498736715, 25.753957354751616 ], [ -80.368577075208265, 25.753960049064137 ], [ -80.368575730040206, 25.753967533570716 ], [ -80.368593306514299, 25.75397022788038 ], [ -80.3685994044193, 25.753986544047141 ], [ -80.368624423973273, 25.753998070010685 ], [ -80.36862173364382, 25.754013039023064 ], [ -80.368630521886004, 25.75401438617417 ], [ -80.368627831557077, 25.754029355185928 ], [ -80.368636619800995, 25.754030702336447 ], [ -80.368633929472608, 25.754045671347612 ], [ -80.368642717718245, 25.754047018497527 ], [ -80.368654196289611, 25.754033396635183 ], [ -80.368680561024561, 25.754037438077606 ], [ -80.36867921586412, 25.754044922583699 ], [ -80.3686967923569, 25.754047616875038 ], [ -80.368695447197709, 25.754055101381116 ], [ -80.368811039586262, 25.754065129694997 ], [ -80.368809694436521, 25.754072614202148 ], [ -80.368818482687558, 25.754073961336939 ] ], [ [ -80.36855474601073, 25.75393355407407 ], [ -80.368545957777798, 25.753932206916165 ], [ -80.36854730294786, 25.753924722409153 ], [ -80.368556091180068, 25.753926069566976 ], [ -80.36855474601073, 25.75393355407407 ] ], [ [ -80.369177276147269, 25.753936691976477 ], [ -80.369168487904489, 25.753935344871731 ], [ -80.369169833021516, 25.753927860356665 ], [ -80.369161044779716, 25.753926513251262 ], [ -80.369159699661978, 25.753933997766254 ], [ -80.369133334936009, 25.753929956445273 ], [ -80.369134680055978, 25.753922471930515 ], [ -80.369125891815258, 25.753921124822089 ], [ -80.369128582055907, 25.753906155792187 ], [ -80.36914615853469, 25.753908850007935 ], [ -80.369144813415929, 25.753916334523158 ], [ -80.369179966379647, 25.753921722945957 ], [ -80.369177276147269, 25.753936691976477 ] ], [ [ -80.369140060533439, 25.753892533869589 ], [ -80.369131272295647, 25.753891186761489 ], [ -80.369132617415175, 25.753883702245854 ], [ -80.369141405652229, 25.753885049353862 ], [ -80.369140060533439, 25.753892533869589 ] ], [ [ -80.36922049979799, 25.753897173291932 ], [ -80.369194135080321, 25.753893131986043 ], [ -80.369195480194506, 25.753885647469634 ], [ -80.369223190021771, 25.753882204258403 ], [ -80.36922049979799, 25.753897173291932 ] ], [ [ -80.368711410209485, 25.753765301440481 ], [ -80.368693833772809, 25.753762607149238 ], [ -80.368695178927652, 25.753755122636289 ], [ -80.368712755362878, 25.753757816927372 ], [ -80.368711410209485, 25.753765301440481 ] ], [ [ -80.369243994200815, 25.753716197739163 ], [ -80.369226417757616, 25.753713503538478 ], [ -80.369230453082992, 25.753691049974663 ], [ -80.369239241302267, 25.753692397075124 ], [ -80.369250719734666, 25.753678775130997 ], [ -80.369268296171668, 25.75368146932783 ], [ -80.369266951066805, 25.753688953850045 ], [ -80.369258162847444, 25.753687606751917 ], [ -80.369255472635601, 25.75370257579554 ], [ -80.369246684415046, 25.753701228696478 ], [ -80.369243994200815, 25.753716197739163 ] ], [ [ -80.369191264874445, 25.75370811512802 ], [ -80.369173688434486, 25.753705420918248 ], [ -80.369175033547549, 25.753697936397689 ], [ -80.369192609986044, 25.75370063060728 ], [ -80.369191264874445, 25.75370811512802 ] ], [ [ -80.369624933991844, 25.753405435451707 ], [ -80.369616145795376, 25.753404088382961 ], [ -80.369618835936564, 25.753389119315795 ], [ -80.369627624131581, 25.753390466384388 ], [ -80.369624933991844, 25.753405435451707 ] ], [ [ -80.369637757395637, 25.75338432891817 ], [ -80.369628969201102, 25.753382981850418 ], [ -80.369631659339447, 25.75336801278193 ], [ -80.369640447532547, 25.753369359849522 ], [ -80.369637757395637, 25.75338432891817 ] ], [ [ -80.369644482736177, 25.753346906245049 ], [ -80.369635694545266, 25.753345559177724 ], [ -80.369637039613409, 25.753338074642606 ], [ -80.369645827803581, 25.75333942170986 ], [ -80.369644482736177, 25.753346906245049 ] ] ] } },
{ "type": "Feature", "properties": { "hotspot_id": "fiu_hs_018", "area_m2": 289.96394677830347, "depth_max_m": 0.58994007110595703, "depth_mean_m": 0.25763330805486967, "building_frac": 0.0, "lots": null, "roads": null }, "geometry": { "type": "Polygon", "coordinates": [ [ [ -80.379906947280006, 25.759256839169719 ], [ -80.379909635845337, 25.759241870110166 ], [ -80.379918424784321, 25.759243216274992 ], [ -80.379923801909285, 25.759213278153226 ], [ -80.379932590845641, 25.759214624316975 ], [ -80.379936623684785, 25.759192170723345 ], [ -80.379927834750603, 25.759190824559852 ], [ -80.379935900427043, 25.759145917367864 ], [ -80.379927111497523, 25.759144571204114 ], [ -80.379940554280537, 25.759069725869413 ], [ -80.379922976436859, 25.759067033541299 ], [ -80.379916876073665, 25.759050718307343 ], [ -80.379899298234534, 25.759048025975009 ], [ -80.379897953954085, 25.759055510509324 ], [ -80.379872931477863, 25.759043987470854 ], [ -80.379861453992547, 25.759057610369073 ], [ -80.379852665073003, 25.759056264198573 ], [ -80.379854009357345, 25.759048779664869 ], [ -80.379792486933226, 25.759039356450874 ], [ -80.379791142643782, 25.759046840983988 ], [ -80.379764775892454, 25.759042802452111 ], [ -80.379763431600594, 25.759050286984795 ], [ -80.379745853766266, 25.759047594626264 ], [ -80.379744509472744, 25.759055079158593 ], [ -80.379695187696967, 25.759078286374304 ], [ -80.379693843398627, 25.759085770905227 ], [ -80.379657343419638, 25.759087870692369 ], [ -80.379655999117929, 25.759095355222591 ], [ -80.379629632358231, 25.759091316656701 ], [ -80.379628288054121, 25.759098801186475 ], [ -80.379770255104646, 25.759112855596126 ], [ -80.379768910812189, 25.759120340127222 ], [ -80.379812855438232, 25.759127071006493 ], [ -80.379814199727036, 25.75911958647497 ], [ -80.379840566503731, 25.759123624993219 ], [ -80.379846666857802, 25.759139940227946 ], [ -80.379855455785631, 25.759141286398592 ], [ -80.379847390068463, 25.759186193584924 ], [ -80.379856179000939, 25.75918753975531 ], [ -80.379852146141431, 25.759209993346126 ], [ -80.379860935076351, 25.759211339516007 ], [ -80.379858246503659, 25.75922630857573 ], [ -80.379874480092013, 25.759236485443278 ], [ -80.37987179152087, 25.759251454502166 ], [ -80.379906947280006, 25.759256839169719 ] ] ] } },
{ "type": "Feature", "properties": { "hotspot_id": "fiu_hs_019", "area_m2": 147.98678113019997, "depth_max_m": 0.58114027976989746, "depth_mean_m": 0.36502694841568845, "building_frac": 8.217002700698186e-09, "lots": null, "roads": null }, "geometry": { "type": "Polygon", "coordinates": [ [ [ -80.376910729637871, 25.752760790989207 ], [ -80.376912074076657, 25.752753306345188 ], [ -80.376939783243614, 25.752749861043696 ], [ -80.376949194291797, 25.752697468527039 ], [ -80.376940406053833, 25.752696122080803 ], [ -80.376947128227869, 25.752658698849213 ], [ -80.37696604912945, 25.752653907093027 ], [ -80.3769741157206, 25.752608999206515 ], [ -80.376965327491106, 25.75260765276203 ], [ -80.376968016354439, 25.752592683465128 ], [ -80.376897710539907, 25.75258191188335 ], [ -80.376886233437844, 25.752595534727629 ], [ -80.376877445211051, 25.75259418827558 ], [ -80.376859967482233, 25.75269148867562 ], [ -80.376884987751737, 25.752703012677792 ], [ -80.376880954430064, 25.752725466611754 ], [ -80.376889742670059, 25.752726813062935 ], [ -80.376884364907539, 25.752756751639172 ], [ -80.376910729637871, 25.752760790989207 ] ] ] } },
{ "type": "Feature", "properties": { "hotspot_id": "fiu_hs_020", "area_m2": 1805.8894509309396, "depth_max_m": 0.57468271255493164, "depth_mean_m": 0.43811075778650166, "building_frac": 0.0, "lots": null, "roads": null }, "geometry": { "type": "Polygon", "coordinates": [ [ [ -80.383120355109952, 25.753381277543998 ], [ -80.383121699028706, 25.753373792833528 ], [ -80.383166984949412, 25.753373037692089 ], [ -80.383168328864059, 25.75336555298081 ], [ -80.383187249578327, 25.7533607600914 ], [ -80.383195313051203, 25.753315851817526 ], [ -80.383223022149068, 25.753312404830201 ], [ -80.383225709966695, 25.753297435403145 ], [ -80.383234498361261, 25.753298781310029 ], [ -80.383246593522728, 25.753231418877842 ], [ -80.383237805134698, 25.753230072971707 ], [ -80.38324049294728, 25.753215103540349 ], [ -80.383231704560998, 25.753213757633628 ], [ -80.383238424092099, 25.753176334052281 ], [ -80.383229635709725, 25.753174988145208 ], [ -80.383236355238751, 25.753137564559424 ], [ -80.383227566860285, 25.753136218652021 ], [ -80.383235630291921, 25.753091310343152 ], [ -80.383226841918102, 25.753089964435489 ], [ -80.383234905345859, 25.753045056120101 ], [ -80.383226116976672, 25.753043710212182 ], [ -80.383232836497143, 25.753006286611107 ], [ -80.383224048131879, 25.753004940702844 ], [ -80.383232111553269, 25.75296003237564 ], [ -80.383223323192638, 25.752958686467103 ], [ -80.38322662996201, 25.752889978055375 ], [ -80.38321784160847, 25.752888632146092 ], [ -80.383224561120599, 25.752851208527222 ], [ -80.383215772770995, 25.752849862617595 ], [ -80.383222492281035, 25.75281243899428 ], [ -80.38321370393534, 25.752811093084315 ], [ -80.383223111244874, 25.752758700004094 ], [ -80.38321432290455, 25.752757354093951 ], [ -80.383221042408124, 25.752719930459808 ], [ -80.383212254071722, 25.752718584549317 ], [ -80.383216285773301, 25.752696130366765 ], [ -80.383207497439344, 25.752694784455763 ], [ -80.383211529141064, 25.752672330271675 ], [ -80.383202740809551, 25.752670984360169 ], [ -80.383205428611006, 25.752656014903337 ], [ -80.383189195853575, 25.752645838349824 ], [ -80.383183095329514, 25.752629522978772 ], [ -80.383121577047731, 25.752620101564084 ], [ -80.383120233140517, 25.75262758629238 ], [ -80.383031005981735, 25.752621611790683 ], [ -80.383029662066775, 25.752629096517744 ], [ -80.383012085418287, 25.752626404662546 ], [ -80.383000609259469, 25.752640028186836 ], [ -80.382991820934421, 25.752638682257182 ], [ -80.382989133097084, 25.752653651709281 ], [ -80.382980344770871, 25.7526523057787 ], [ -80.382976313010928, 25.752674759955131 ], [ -80.382985101339344, 25.752676105885978 ], [ -80.382977037817668, 25.752721014234083 ], [ -80.382985826150701, 25.75272236016465 ], [ -80.382982519199146, 25.752791068604996 ], [ -80.382991307539285, 25.752792414534788 ], [ -80.38298531274458, 25.752876092401625 ], [ -80.382994101093274, 25.75287743833082 ], [ -80.382988725403806, 25.752907377211773 ], [ -80.382997513755697, 25.752908723140546 ], [ -80.382990794142358, 25.752946146737791 ], [ -80.383007026932333, 25.752956323312922 ], [ -80.382998963396133, 25.753001231623038 ], [ -80.38300775175756, 25.753002577550529 ], [ -80.383003719988551, 25.753025031703206 ], [ -80.383012508352451, 25.753026377630203 ], [ -80.383005788736497, 25.75306380121452 ], [ -80.383014577104305, 25.753065147141196 ], [ -80.383010545334173, 25.753087601289689 ], [ -80.383019333704439, 25.753088947215844 ], [ -80.383015301934421, 25.753111401362855 ], [ -80.38302409030716, 25.753112747288498 ], [ -80.383020783370839, 25.753181455645375 ], [ -80.383029571750669, 25.753182801570251 ], [ -80.383006725017054, 25.753310041678048 ], [ -80.383015513409532, 25.753311387603571 ], [ -80.38301282555561, 25.753326357024491 ], [ -80.383021613949822, 25.753327702949424 ], [ -80.383020270023252, 25.75333518765968 ], [ -80.383054079681827, 25.753348056062585 ], [ -80.383067624707465, 25.753373202034972 ], [ -80.383120355109952, 25.753381277543998 ] ] ] } },
{ "type": "Feature", "properties": { "hotspot_id": "fiu_hs_021", "area_m2": 815.05409910956257, "depth_max_m": 0.57173526287078857, "depth_mean_m": 0.25581504716301845, "building_frac": 0.0, "lots": null, "roads": null }, "geometry": { "type": "Polygon", "coordinates": [ [ [ -80.372210889449946, 25.755447577898224 ], [ -80.37221357921122, 25.755432608859813 ], [ -80.372204790772031, 25.755431262020753 ], [ -80.372206135653059, 25.755423777501324 ], [ -80.372232500969233, 25.755427818015974 ], [ -80.372231156090393, 25.755435302535652 ], [ -80.372292675176013, 25.755444730377249 ], [ -80.37229402004975, 25.755437245856999 ], [ -80.37231159693232, 25.755439939519068 ], [ -80.372314286676172, 25.755424970477641 ], [ -80.372305498236216, 25.755423623647143 ], [ -80.372306843108518, 25.755416139126243 ], [ -80.372325764857891, 25.755411348265024 ], [ -80.372337243036029, 25.755397726050518 ], [ -80.37237374165538, 25.755395628835235 ], [ -80.372376431387295, 25.75538065979012 ], [ -80.372358854514587, 25.755377966138614 ], [ -80.372362889115095, 25.755355512569949 ], [ -80.372380465983426, 25.755358206220947 ], [ -80.372381810848339, 25.755350721697511 ], [ -80.372399387716271, 25.755353415345308 ], [ -80.372400732579507, 25.755345930821516 ], [ -80.372434541455391, 25.755358802631818 ], [ -80.372435886315699, 25.755351318107696 ], [ -80.372471040056212, 25.755356705381796 ], [ -80.372482518204677, 25.755343083148723 ], [ -80.372500095074187, 25.755345776779397 ], [ -80.372501439928712, 25.755338292254095 ], [ -80.372519016797838, 25.755340985881574 ], [ -80.372520361650658, 25.755333501355917 ], [ -80.372570402562971, 25.755356551271799 ], [ -80.372581880695989, 25.755342929027655 ], [ -80.372644744596926, 25.755344872135314 ], [ -80.372650123964263, 25.755314934025321 ], [ -80.372614970229478, 25.755309546811695 ], [ -80.372616315073643, 25.755302062284041 ], [ -80.37258250619297, 25.755289190531133 ], [ -80.372581161346105, 25.755296675058641 ], [ -80.372546007622873, 25.755291287821141 ], [ -80.372544662772867, 25.755298772348159 ], [ -80.372527085911415, 25.755296078724701 ], [ -80.372525741059718, 25.755303563251317 ], [ -80.37249058733714, 25.755298175995005 ], [ -80.372489242482288, 25.755305660521131 ], [ -80.372401358187417, 25.755292192326579 ], [ -80.372400013325063, 25.755299676851667 ], [ -80.372374992904227, 25.755288151853474 ], [ -80.372373648039684, 25.755295636378303 ], [ -80.372337149461913, 25.755297733594208 ], [ -80.372335804594002, 25.755305218118327 ], [ -80.372309439309902, 25.755301177628578 ], [ -80.372297241940046, 25.755268545869022 ], [ -80.372241821649141, 25.755275433909414 ], [ -80.372240476773428, 25.755282918432805 ], [ -80.372196534653114, 25.755276184238269 ], [ -80.37219787953245, 25.755268699715295 ], [ -80.372091073591818, 25.755260022094259 ], [ -80.372092418479909, 25.755252537572286 ], [ -80.372083630060615, 25.75525119072212 ], [ -80.372082285171786, 25.755258675244011 ], [ -80.372029554657331, 25.755250594126629 ], [ -80.372028209763911, 25.755258078647824 ], [ -80.372010632926447, 25.75525538493584 ], [ -80.372009288031336, 25.755262869456665 ], [ -80.371893693699903, 25.755252844773352 ], [ -80.371892348794859, 25.755260329292724 ], [ -80.371865983544652, 25.755256288688809 ], [ -80.371864638637192, 25.755263773207748 ], [ -80.371855850220271, 25.755262426338156 ], [ -80.371843746036248, 25.755329786999027 ], [ -80.371861322883476, 25.755332480738929 ], [ -80.371859977974438, 25.75533996525601 ], [ -80.371905265006291, 25.755339215075399 ], [ -80.371911363622118, 25.755355530975372 ], [ -80.371928940476593, 25.755358224703478 ], [ -80.371950552037333, 25.755338464874875 ], [ -80.371976917316104, 25.755342505456092 ], [ -80.371978262215208, 25.75533502093754 ], [ -80.371995839067608, 25.755337714654406 ], [ -80.371997183965021, 25.755330230135513 ], [ -80.372095201553705, 25.755337561003262 ], [ -80.372087132215299, 25.755382468120388 ], [ -80.372122285946887, 25.755387855513085 ], [ -80.372120941059279, 25.755395340032251 ], [ -80.372138517928136, 25.755398033724241 ], [ -80.372150715256979, 25.755430665489264 ], [ -80.372210889449946, 25.755447577898224 ] ] ] } },
{ "type": "Feature", "properties": { "hotspot_id": "fiu_hs_022", "area_m2": 891.67669644366879, "depth_max_m": 0.53724968433380127, "depth_mean_m": 0.31429691202216725, "building_frac": 0.0, "lots": null, "roads": null }, "geometry": { "type": "Polygon", "coordinates": [ [ [ -80.380773952506914, 25.759005109987669 ], [ -80.380775296711889, 25.758997625440728 ], [ -80.380801663496129, 25.759001663714265 ], [ -80.380803007698688, 25.758994179166866 ], [ -80.380820585554758, 25.758996871345296 ], [ -80.380821929755641, 25.758989386797531 ], [ -80.380839507611327, 25.758992078972771 ], [ -80.380840851810504, 25.758984594424668 ], [ -80.380868562790639, 25.758981148133007 ], [ -80.380877972161599, 25.758928756287656 ], [ -80.380869183239369, 25.758927410203423 ], [ -80.380877248409902, 25.758882502900327 ], [ -80.380868459492319, 25.758881156815857 ], [ -80.380880557239209, 25.758813795848837 ], [ -80.380871768328447, 25.758812449764342 ], [ -80.380878489294574, 25.758775026998503 ], [ -80.38086970038772, 25.758773680913677 ], [ -80.380881177679413, 25.758760057890797 ], [ -80.380872388774023, 25.758758711806134 ], [ -80.380877765543858, 25.758728773588761 ], [ -80.380868976641665, 25.758727427503668 ], [ -80.380877041793937, 25.75868252017224 ], [ -80.380868252896377, 25.758681174086899 ], [ -80.38087631804477, 25.758636266748979 ], [ -80.380867529151857, 25.758634920663368 ], [ -80.380879006425729, 25.758621297634782 ], [ -80.380870217534266, 25.758619951549342 ], [ -80.380875594296356, 25.758590013318933 ], [ -80.380866805408104, 25.758588667233067 ], [ -80.38086949378922, 25.758573698116873 ], [ -80.380878282676022, 25.758575044202566 ], [ -80.380879626865507, 25.758567559644099 ], [ -80.38087083797943, 25.758566213558481 ], [ -80.380872182169426, 25.758558728999901 ], [ -80.380880971054779, 25.758560075085445 ], [ -80.380885003621174, 25.758537621408255 ], [ -80.380876214738009, 25.758536275322967 ], [ -80.380877558927082, 25.75852879076362 ], [ -80.380886347809522, 25.758530136848822 ], [ -80.380887691997629, 25.758522652289194 ], [ -80.380870114234497, 25.758519960118207 ], [ -80.38087145842384, 25.758512475558526 ], [ -80.380862669543404, 25.75851112947198 ], [ -80.380861325353322, 25.758518614031583 ], [ -80.380754514601321, 25.758509945491451 ], [ -80.380743037322688, 25.758523568510938 ], [ -80.380734248443105, 25.758522222413475 ], [ -80.380732904241924, 25.758529706971114 ], [ -80.380741693122218, 25.758531053068669 ], [ -80.380739004720596, 25.758546022183545 ], [ -80.380730215838838, 25.75854467608583 ], [ -80.380724839029938, 25.758574614312916 ], [ -80.380705917057128, 25.75857940667068 ], [ -80.380704572852636, 25.758586891226592 ], [ -80.380678206197473, 25.758582852922874 ], [ -80.380676861990565, 25.758590337478374 ], [ -80.380685650876089, 25.758591683580448 ], [ -80.38068161825619, 25.758614137245967 ], [ -80.380653907384598, 25.758617583491258 ], [ -80.380649874755392, 25.758640037153707 ], [ -80.380658663645477, 25.758641383257867 ], [ -80.380655975226318, 25.758656352365374 ], [ -80.380664764118123, 25.758657698468951 ], [ -80.380662075699519, 25.758672667575823 ], [ -80.380678309278665, 25.758682844334366 ], [ -80.380675620861581, 25.758697813440406 ], [ -80.380684409757848, 25.758699159542136 ], [ -80.38068306554969, 25.758706644094946 ], [ -80.380709432242284, 25.75871068239584 ], [ -80.380706743829663, 25.758725651501376 ], [ -80.380697954930412, 25.758724305401682 ], [ -80.380693922307572, 25.758746759058283 ], [ -80.380702711209011, 25.758748105158244 ], [ -80.380698678586299, 25.758770558813339 ], [ -80.380722356886906, 25.758789566212361 ], [ -80.380721012680596, 25.758797050763544 ], [ -80.38074603519776, 25.758808573604778 ], [ -80.380739314172587, 25.758845996357998 ], [ -80.38074810308467, 25.758847342453649 ], [ -80.380746758879681, 25.758854827003791 ], [ -80.380719047934647, 25.758858273264032 ], [ -80.380707570604969, 25.758871896264598 ], [ -80.380723804226236, 25.758882073009541 ], [ -80.380721115810829, 25.758897042107378 ], [ -80.380712326894184, 25.75889569600962 ], [ -80.380706950057672, 25.758925634202598 ], [ -80.380723183688815, 25.758935810945939 ], [ -80.380721839480344, 25.758943295493665 ], [ -80.380695472717292, 25.758939257198918 ], [ -80.38068399537336, 25.758952880193359 ], [ -80.380692784295277, 25.758954226293302 ], [ -80.380691440083936, 25.758961710840211 ], [ -80.38073538470131, 25.758968441328907 ], [ -80.380732696285222, 25.758983410422953 ], [ -80.380748929930036, 25.758993587160369 ], [ -80.380747585722872, 25.759001071707061 ], [ -80.380773952506914, 25.759005109987669 ] ], [ [ -80.380735695790577, 25.75861472928856 ], [ -80.380726906901984, 25.758613383190859 ], [ -80.380729595307727, 25.758598414079476 ], [ -80.380738384194856, 25.758599760177013 ], [ -80.380735695790577, 25.75861472928856 ] ] ] } },
{ "type": "Feature", "properties": { "hotspot_id": "fiu_hs_023", "area_m2": 3611.0276999277239, "depth_max_m": 0.53633499145507812, "depth_mean_m": 0.21950710511688684, "building_frac": 0.0, "lots": "Arena Loading Area Parking Lot; Parking Lot 9", "roads": null }, "geometry": { "type": "Polygon", "coordinates": [ [ [ -80.377499833855538, 25.758580502807021 ], [ -80.377502522810701, 25.758565533778423 ], [ -80.377528889314533, 25.758569572896008 ], [ -80.377530233789585, 25.758562088381161 ], [ -80.377539022624006, 25.75856343475208 ], [ -80.377537678149679, 25.758570919267015 ], [ -80.377572833492991, 25.758576304743517 ], [ -80.377574177964405, 25.758568820228248 ], [ -80.377609333309096, 25.758574205692309 ], [ -80.377610677777355, 25.758566721176521 ], [ -80.377619466613481, 25.758568067540565 ], [ -80.37761677767817, 25.758583036572123 ], [ -80.377625566516016, 25.758584382935567 ], [ -80.377628255449864, 25.758569413903853 ], [ -80.37763704428653, 25.758570760266384 ], [ -80.377638388752374, 25.758563275750141 ], [ -80.377683677398039, 25.758562523034186 ], [ -80.37768502185979, 25.758555038517137 ], [ -80.377710043909318, 25.758566562105383 ], [ -80.37771138836888, 25.758559077588103 ], [ -80.377720177205774, 25.758560423943575 ], [ -80.377722866122753, 25.758545454908273 ], [ -80.377768154758499, 25.758544702155081 ], [ -80.377769499212761, 25.758537217636512 ], [ -80.377795865720373, 25.758541256686073 ], [ -80.377817476743957, 25.758521495823885 ], [ -80.377835054413765, 25.758524188516279 ], [ -80.377836398862001, 25.758516703996349 ], [ -80.377908053988335, 25.758519990214211 ], [ -80.377901954037739, 25.758503674832628 ], [ -80.377919531706567, 25.758506367510751 ], [ -80.377923565028198, 25.758483913945835 ], [ -80.377968853630463, 25.758483161104177 ], [ -80.37797154250265, 25.758468192058711 ], [ -80.377990464600785, 25.75846340020205 ], [ -80.377993153468694, 25.758448431155077 ], [ -80.378020864391331, 25.758444985624411 ], [ -80.378022208822529, 25.758437501100193 ], [ -80.378041130911271, 25.758432709233752 ], [ -80.378045164198411, 25.758410255658866 ], [ -80.378062741852915, 25.758412948313303 ], [ -80.37806543070694, 25.758397979262067 ], [ -80.378103274860621, 25.758388395508515 ], [ -80.378104619283917, 25.758380910981892 ], [ -80.378113408109002, 25.758382257304547 ], [ -80.378116096953434, 25.758367288250522 ], [ -80.378133674601514, 25.75836998089321 ], [ -80.378136363442124, 25.758355011838095 ], [ -80.378145152265105, 25.758356358158135 ], [ -80.378156629925144, 25.758342735421195 ], [ -80.378174207569529, 25.758345428057169 ], [ -80.378195818459702, 25.758325667103318 ], [ -80.378213396101884, 25.758328359732761 ], [ -80.378227562571013, 25.758299767926875 ], [ -80.378256617846446, 25.758288837800695 ], [ -80.378259306663594, 25.75827386873852 ], [ -80.37827688429735, 25.758276561357544 ], [ -80.37827957311066, 25.758261592294261 ], [ -80.378307283963082, 25.758258146684437 ], [ -80.378301183956481, 25.758241831313075 ], [ -80.378264684295146, 25.758243930611847 ], [ -80.378267373109551, 25.758228961547342 ], [ -80.378242351083102, 25.758217438082347 ], [ -80.378241006674074, 25.75822492261463 ], [ -80.378223429051744, 25.758222229989052 ], [ -80.378211951417853, 25.758235852738618 ], [ -80.378203162605914, 25.758234506423772 ], [ -80.378200473780396, 25.75824947548633 ], [ -80.378163974113477, 25.758251574749334 ], [ -80.378158596447093, 25.758281512870028 ], [ -80.378167385263069, 25.75828285918849 ], [ -80.378166040846637, 25.758290343718254 ], [ -80.378148463213506, 25.758287651080405 ], [ -80.378151152049071, 25.758272682021037 ], [ -80.378142363234375, 25.758271335701146 ], [ -80.378146396488205, 25.758248882110809 ], [ -80.378165318529511, 25.758244090218682 ], [ -80.378186929396719, 25.758224329260393 ], [ -80.378178140586328, 25.758222982943366 ], [ -80.3781794850007, 25.75821549841184 ], [ -80.378153118573294, 25.758211459456422 ], [ -80.378150429739947, 25.758226428518761 ], [ -80.37812271889139, 25.75822987408668 ], [ -80.378126752148333, 25.758207420494205 ], [ -80.378154462989627, 25.758203974924964 ], [ -80.378165940628278, 25.758190352180431 ], [ -80.378192307049929, 25.758194391132808 ], [ -80.37820378468146, 25.758180768383653 ], [ -80.378212573488014, 25.75818211469868 ], [ -80.378198407032997, 25.758210706513118 ], [ -80.378207195842478, 25.75821205282849 ], [ -80.378218673474009, 25.758198430078398 ], [ -80.378236251091394, 25.75820112270501 ], [ -80.37823759550048, 25.758193638172223 ], [ -80.378255173117495, 25.758196330795638 ], [ -80.378256517524903, 25.75818884626247 ], [ -80.378265306333091, 25.758190192572961 ], [ -80.378267995145734, 25.758175223505901 ], [ -80.37825920633901, 25.758173877195581 ], [ -80.378253106347188, 25.758157561817004 ], [ -80.378279472763012, 25.758161600747478 ], [ -80.378301083584205, 25.75814183976005 ], [ -80.378317316791382, 25.758152016908085 ], [ -80.378321349994948, 25.758129563302465 ], [ -80.378381527227461, 25.758146471958998 ], [ -80.378384216018929, 25.758131502886826 ], [ -80.378410582432949, 25.758135541784043 ], [ -80.378407893645843, 25.758150510856705 ], [ -80.378390316033304, 25.758147818258987 ], [ -80.378383594054242, 25.758185240936399 ], [ -80.378374805244732, 25.758183894635987 ], [ -80.378360638842267, 25.758212486472594 ], [ -80.37836942765442, 25.758213832774096 ], [ -80.378370772052335, 25.758206348239852 ], [ -80.378397138488225, 25.758210387139556 ], [ -80.378399827279011, 25.758195418070013 ], [ -80.378417404901356, 25.758198110665688 ], [ -80.378418749294937, 25.758190626130471 ], [ -80.378447804510415, 25.758179695946527 ], [ -80.378461970879187, 25.758151104094988 ], [ -80.37842681565165, 25.758145718915021 ], [ -80.37842816004364, 25.758138234378407 ], [ -80.378436948849398, 25.758139580674449 ], [ -80.378440982021786, 25.758117127063262 ], [ -80.378480170400294, 25.758100058624965 ], [ -80.378482859173545, 25.758085089548036 ], [ -80.37846528157182, 25.758082396962553 ], [ -80.37845380399375, 25.758096019745121 ], [ -80.378445015192113, 25.758094673450326 ], [ -80.378447703971176, 25.758079704374065 ], [ -80.378466625959547, 25.758074912423961 ], [ -80.378473347894783, 25.7580374897281 ], [ -80.378482136691119, 25.758038836020717 ], [ -80.378486169847321, 25.758016382400616 ], [ -80.378494958641767, 25.758017728692238 ], [ -80.378497647409958, 25.758002759611021 ], [ -80.378526702553415, 25.757991829398339 ], [ -80.378530735696046, 25.757969375773161 ], [ -80.378498269303535, 25.757949021529814 ], [ -80.378476658574201, 25.757968782570693 ], [ -80.378451636594463, 25.757957259147105 ], [ -80.378450292207262, 25.757964743688266 ], [ -80.378441503418813, 25.757963397392622 ], [ -80.378442847806738, 25.757955912851529 ], [ -80.37840769265857, 25.757950527661695 ], [ -80.378409037049209, 25.757943043120747 ], [ -80.378391459478195, 25.757940350521469 ], [ -80.378392803870042, 25.757932865980468 ], [ -80.378366437517755, 25.757928827076128 ], [ -80.378365093123705, 25.757936311616849 ], [ -80.378315771611923, 25.757959518253376 ], [ -80.378314427213084, 25.757967002792729 ], [ -80.378296849640193, 25.757964310177488 ], [ -80.378304916038473, 25.7579194029395 ], [ -80.37832114920495, 25.757929580094064 ], [ -80.378319804807035, 25.757937064634184 ], [ -80.378337382375193, 25.75793975724574 ], [ -80.378341415563867, 25.757917303624293 ], [ -80.378350204346162, 25.75791864992868 ], [ -80.378344104355179, 25.757902334542358 ], [ -80.378326526794311, 25.757899641931619 ], [ -80.378338626356964, 25.757832281054789 ], [ -80.378364992678968, 25.757836319967485 ], [ -80.378363648286225, 25.757843804510372 ], [ -80.378390014612862, 25.757847843416542 ], [ -80.378391359003416, 25.757840358873388 ], [ -80.378373781453519, 25.75783766627022 ], [ -80.378375125845309, 25.757830181727034 ], [ -80.378358892690954, 25.757820004577798 ], [ -80.378361581476298, 25.75780503549079 ], [ -80.378345348328168, 25.757794858338613 ], [ -80.378339248346705, 25.757778542945612 ], [ -80.378321670810777, 25.757775850333026 ], [ -80.378323015206064, 25.757768365789055 ], [ -80.378287860140375, 25.7577629805551 ], [ -80.378285171343748, 25.757777949642151 ], [ -80.378267593809596, 25.757775257020302 ], [ -80.378268938209487, 25.757767772477049 ], [ -80.378233783147351, 25.75776238722462 ], [ -80.378229749938257, 25.757784840852814 ], [ -80.378184461698581, 25.757785593810937 ], [ -80.378183117291229, 25.757793078352673 ], [ -80.37819190605866, 25.757794424671133 ], [ -80.378187872837358, 25.757816878295426 ], [ -80.378161506529338, 25.757812839337078 ], [ -80.378158817709632, 25.75782780841848 ], [ -80.378167606480162, 25.757829154738857 ], [ -80.378166262070692, 25.757836639279336 ], [ -80.378137206933729, 25.757847569395608 ], [ -80.378134518108808, 25.757862538474729 ], [ -80.378108151789519, 25.757858499503296 ], [ -80.378105462959311, 25.757873468581145 ], [ -80.378114251733592, 25.757874814905879 ], [ -80.378112907318879, 25.757882299444585 ], [ -80.37810411854386, 25.757880953119773 ], [ -80.37810277412818, 25.757888437658202 ], [ -80.378111562903925, 25.757889783983106 ], [ -80.378110218488743, 25.757897268521447 ], [ -80.378081163324723, 25.757908198619788 ], [ -80.378075785651134, 25.757938136768594 ], [ -80.3780480748907, 25.75794158231956 ], [ -80.378050763732773, 25.757926613246429 ], [ -80.378033186176054, 25.757923920585796 ], [ -80.378030497331039, 25.757938889658597 ], [ -80.378011575348182, 25.757943681530559 ], [ -80.378007542073902, 25.757966135137192 ], [ -80.377988620083912, 25.757970927004525 ], [ -80.377985931229873, 25.757985896073944 ], [ -80.37797714244644, 25.757984549738733 ], [ -80.377974453590014, 25.757999518807193 ], [ -80.37798324237491, 25.758000865142556 ], [ -80.377979209090753, 25.758023318744065 ], [ -80.377961631516854, 25.758020626072049 ], [ -80.37795894265669, 25.758035595138409 ], [ -80.377950153868682, 25.758034248801092 ], [ -80.377948809437513, 25.758041733333886 ], [ -80.377921098639376, 25.758045178849507 ], [ -80.377918409771539, 25.758060147913646 ], [ -80.377909620981697, 25.758058801572982 ], [ -80.377905587676054, 25.75808125516749 ], [ -80.377879221301598, 25.758077216140194 ], [ -80.377883254613792, 25.75805476254644 ], [ -80.377892043402838, 25.75805610888937 ], [ -80.377893387839052, 25.75804862435767 ], [ -80.377875810262722, 25.758045931671194 ], [ -80.377879843574362, 25.758023478075362 ], [ -80.377871054788784, 25.758022131731256 ], [ -80.377856888248317, 25.758050723513083 ], [ -80.377865677036553, 25.758052069858291 ], [ -80.377862988159066, 25.758067038920672 ], [ -80.377871776948993, 25.758068385265283 ], [ -80.377870432510647, 25.758075869796247 ], [ -80.377851510489492, 25.758080661636701 ], [ -80.377850166049228, 25.758088146167111 ], [ -80.377833932908047, 25.758077968943372 ], [ -80.377832588466291, 25.758085453473612 ], [ -80.377823799675241, 25.758084107125725 ], [ -80.377829899582139, 25.758100422533534 ], [ -80.377848821608708, 25.758095630697362 ], [ -80.377844788285813, 25.758118084286863 ], [ -80.377818421903086, 25.758114045244472 ], [ -80.377819766346462, 25.758106560715074 ], [ -80.37781097755348, 25.758105214366168 ], [ -80.377808288665022, 25.758120183424595 ], [ -80.377799499870875, 25.758118837074782 ], [ -80.377802910885364, 25.758150121539099 ], [ -80.377811699682709, 25.75815146788851 ], [ -80.377809010792973, 25.758166436944769 ], [ -80.377791433195625, 25.758163744244875 ], [ -80.377788744302052, 25.758178713300019 ], [ -80.377779955502319, 25.758177366948779 ], [ -80.377778611054453, 25.758184851475992 ], [ -80.377796188655637, 25.758187544177872 ], [ -80.377792155315049, 25.758209997758804 ], [ -80.377783366512134, 25.75820865140799 ], [ -80.377782022064082, 25.758216135934489 ], [ -80.377799599671619, 25.758218828635531 ], [ -80.377798255224803, 25.758226313162005 ], [ -80.377789466420168, 25.758224966811785 ], [ -80.377784088627664, 25.758254904915407 ], [ -80.377775299820371, 25.758253558564096 ], [ -80.377772610921298, 25.758268527614582 ], [ -80.377743555592318, 25.758279457604818 ], [ -80.377742211139775, 25.758286942129132 ], [ -80.377724633520344, 25.758284249418864 ], [ -80.377730733422709, 25.75830056482225 ], [ -80.377713155800905, 25.758297872110141 ], [ -80.377709122433998, 25.75832032568 ], [ -80.377690200351353, 25.758325117487075 ], [ -80.377687511435568, 25.758340086531959 ], [ -80.377661144993368, 25.758336047452101 ], [ -80.377658456072282, 25.758351016495702 ], [ -80.377629400701778, 25.758361946450869 ], [ -80.377625367310486, 25.758384400012886 ], [ -80.377607789675125, 25.758381707283487 ], [ -80.377609134140585, 25.758374222763155 ], [ -80.377573978876001, 25.758368837295642 ], [ -80.377571289939041, 25.75838380633542 ], [ -80.377580078756239, 25.7583851527036 ], [ -80.37757738981982, 25.758400121742767 ], [ -80.377586178638751, 25.758401468110367 ], [ -80.377584834170918, 25.758408952629729 ], [ -80.377558467712774, 25.758404913524434 ], [ -80.377553089830442, 25.758434851598995 ], [ -80.377525378892628, 25.758438297003803 ], [ -80.377518656522469, 25.758475719590411 ], [ -80.377536234173931, 25.75847841233422 ], [ -80.37753220075345, 25.758500865884336 ], [ -80.377507178746015, 25.758489342250463 ], [ -80.37750583427011, 25.758496826766741 ], [ -80.37749704544288, 25.758495480392689 ], [ -80.37749032305625, 25.758532902970689 ], [ -80.377481534225637, 25.75853155659545 ], [ -80.377478845267916, 25.758546525625139 ], [ -80.377487634099992, 25.758547872000523 ], [ -80.377483600663908, 25.758570325543822 ], [ -80.377499833855538, 25.758580502807021 ] ], [ [ -80.377559289238718, 25.758551158460882 ], [ -80.377541711571979, 25.758548465721638 ], [ -80.377544400519028, 25.758533496690404 ], [ -80.377561978182854, 25.758536189429332 ], [ -80.377559289238718, 25.758551158460882 ] ], [ [ -80.377668788651391, 25.758544861282324 ], [ -80.377659999816842, 25.758543514922408 ], [ -80.377664033206585, 25.758521061370285 ], [ -80.37764645554266, 25.758518368648673 ], [ -80.377640355640821, 25.758502053251497 ], [ -80.377668066594254, 25.758498607816442 ], [ -80.377665377669359, 25.758513576852515 ], [ -80.377691744165077, 25.758517615929044 ], [ -80.377703221916576, 25.758503993249619 ], [ -80.377712010747842, 25.758505339606032 ], [ -80.377710666289161, 25.758512824124587 ], [ -80.377745821619797, 25.758518209542967 ], [ -80.377747166075565, 25.758510725024085 ], [ -80.377729588411157, 25.758508032316566 ], [ -80.377730932868161, 25.758500547797638 ], [ -80.377758643817558, 25.758497102338158 ], [ -80.377753265997868, 25.758527040414453 ], [ -80.377690399704477, 25.758525100447063 ], [ -80.377687710782595, 25.758540069482486 ], [ -80.377670133114137, 25.758537376765087 ], [ -80.377668788651391, 25.758544861282324 ] ], [ [ -80.377636322245891, 25.758524506804033 ], [ -80.377627533413886, 25.758523160441229 ], [ -80.3776288778798, 25.758515675924002 ], [ -80.377637666711095, 25.758517022286725 ], [ -80.377636322245891, 25.758524506804033 ] ], [ [ -80.377768777102602, 25.75849096417021 ], [ -80.377751199441491, 25.758488271466216 ], [ -80.377752543896349, 25.758480786946546 ], [ -80.377734966237767, 25.758478094239681 ], [ -80.377736310693848, 25.758470609719989 ], [ -80.377764021633581, 25.75846716425874 ], [ -80.377761332726038, 25.758482133298845 ], [ -80.377770121555983, 25.758483479650376 ], [ -80.377768777102602, 25.75849096417021 ] ], [ [ -80.377853254376873, 25.758473143217223 ], [ -80.377835676716742, 25.758470450527511 ], [ -80.377837021164126, 25.758462966006316 ], [ -80.377818099057706, 25.758467757834762 ], [ -80.377819443506539, 25.75846027331372 ], [ -80.377793077022162, 25.758456234269207 ], [ -80.377791732571154, 25.75846371878999 ], [ -80.37778294374283, 25.758462372440217 ], [ -80.377776843819518, 25.758446057048268 ], [ -80.377794421472956, 25.758448749748233 ], [ -80.377795765923523, 25.758441265227052 ], [ -80.377804554749915, 25.758442611575823 ], [ -80.377807243648874, 25.758427642532723 ], [ -80.377834954572265, 25.758424197051909 ], [ -80.377866698825713, 25.758398297994844 ], [ -80.377901854120054, 25.75840368336187 ], [ -80.377890376412509, 25.758417306067759 ], [ -80.377853876668368, 25.758419405219687 ], [ -80.377851187777608, 25.758434374264393 ], [ -80.377867420986718, 25.758444551474 ], [ -80.377863387652539, 25.758467005039506 ], [ -80.377854598822807, 25.758465658695862 ], [ -80.377853254376873, 25.758473143217223 ] ], [ [ -80.377640256021181, 25.758402061779972 ], [ -80.377631467201368, 25.758400715416997 ], [ -80.377632811665094, 25.758393230896822 ], [ -80.377641600484168, 25.758394577259697 ], [ -80.377640256021181, 25.758402061779972 ] ], [ [ -80.377799799273816, 25.758418811662366 ], [ -80.377773432802812, 25.758414772612269 ], [ -80.37777746615761, 25.7583923190466 ], [ -80.377822754713847, 25.758391566269026 ], [ -80.377820065818639, 25.758406535314226 ], [ -80.377801143723445, 25.758411327140426 ], [ -80.377799799273816, 25.758418811662366 ] ], [ [ -80.377661867045532, 25.758382300941769 ], [ -80.377644289409474, 25.75837960821859 ], [ -80.377645633871765, 25.758372123697747 ], [ -80.377663211506373, 25.758374816420766 ], [ -80.377661867045532, 25.758382300941769 ] ], [ [ -80.377973509156547, 25.758406969535326 ], [ -80.377955931505994, 25.758404276865587 ], [ -80.377961309249017, 25.758374338767108 ], [ -80.377943731605356, 25.758371646095007 ], [ -80.377942387168474, 25.758379130619737 ], [ -80.377933598346331, 25.75837778428248 ], [ -80.37793090947045, 25.758392753331222 ], [ -80.377903198560759, 25.758396198838238 ], [ -80.377907231881494, 25.758373745266148 ], [ -80.377898443060417, 25.75837239892585 ], [ -80.377899787500937, 25.758364914401518 ], [ -80.377873421041528, 25.758360875376368 ], [ -80.377876109926234, 25.758345906327612 ], [ -80.377884898744327, 25.758347252669921 ], [ -80.377886243185614, 25.758339768145156 ], [ -80.377912609639282, 25.758343807167304 ], [ -80.377913954078139, 25.758336322642123 ], [ -80.377938976095365, 25.758347846182648 ], [ -80.377937631658455, 25.758355330707911 ], [ -80.377963998119156, 25.758359369716686 ], [ -80.377975475807702, 25.758345747000082 ], [ -80.377993053447142, 25.75834843966696 ], [ -80.377991709014836, 25.758355924192902 ], [ -80.377982920194242, 25.758354577859752 ], [ -80.377980231327484, 25.758369546910888 ], [ -80.378007942225736, 25.758366101382862 ], [ -80.378003908931106, 25.758388554959438 ], [ -80.377974853591184, 25.758399485010827 ], [ -80.377973509156547, 25.758406969535326 ] ], [ [ -80.378032242016076, 25.758331371411685 ], [ -80.378014664378853, 25.758328678751358 ], [ -80.378017353238491, 25.75831370969739 ], [ -80.378034930872801, 25.758316402357394 ], [ -80.378032242016076, 25.758331371411685 ] ], [ [ -80.377961931473649, 25.758320600752164 ], [ -80.377953142657049, 25.758319254416314 ], [ -80.377954487092097, 25.758311769890007 ], [ -80.377963275907959, 25.758313116225771 ], [ -80.377961931473649, 25.758320600752164 ] ], [ [ -80.37808021938767, 25.758315649466343 ], [ -80.378053852934755, 25.758311610486786 ], [ -80.378056541787188, 25.758296641430984 ], [ -80.378065330603107, 25.758297987758098 ], [ -80.378076808267892, 25.758284365027553 ], [ -80.378094385898152, 25.75828705767767 ], [ -80.378093041475424, 25.758294542206379 ], [ -80.37808425265942, 25.758293195881613 ], [ -80.37808021938767, 25.758315649466343 ] ], [ [ -80.378031519769138, 25.758285117917165 ], [ -80.378013942141195, 25.758282425256301 ], [ -80.378015286570488, 25.758274940728345 ], [ -80.378042997437475, 25.758271495189835 ], [ -80.378045686290534, 25.758256526132449 ], [ -80.378063263914257, 25.758259218788112 ], [ -80.378064608338988, 25.758251734258927 ], [ -80.378103796850823, 25.758234665971202 ], [ -80.378101108008337, 25.758249635031152 ], [ -80.378051786250666, 25.758272841518199 ], [ -80.378050441824527, 25.758280326046705 ], [ -80.378032864196967, 25.758277633389049 ], [ -80.378031519769138, 25.758285117917165 ] ], [ [ -80.378193751712558, 25.758286898139346 ], [ -80.378184962895801, 25.758285551823146 ], [ -80.378186307310557, 25.758278067293023 ], [ -80.378195096126589, 25.758279413609134 ], [ -80.378193751712558, 25.758286898139346 ] ], [ [ -80.37813223000083, 25.758277473910113 ], [ -80.378114652371323, 25.758274781266376 ], [ -80.378115996791905, 25.758267296736928 ], [ -80.378133574419948, 25.758269989380487 ], [ -80.37813223000083, 25.758277473910113 ] ], [ [ -80.378212673759478, 25.758282106239079 ], [ -80.378195096126589, 25.758279413609134 ], [ -80.378197784953954, 25.758264444548111 ], [ -80.37821536258393, 25.758267137177725 ], [ -80.378209262593785, 25.758250821801344 ], [ -80.378218051407444, 25.758252168115614 ], [ -80.378220740230049, 25.758237199052715 ], [ -80.378229529042542, 25.758238545366051 ], [ -80.378228184632079, 25.75824602989767 ], [ -80.378236973445567, 25.758247376210335 ], [ -80.378234284625407, 25.758262345273188 ], [ -80.378225495810483, 25.758260998960356 ], [ -80.378222806987949, 25.758275968022247 ], [ -80.378214018171832, 25.758274621708498 ], [ -80.378212673759478, 25.758282106239079 ] ], [ [ -80.377909720907866, 25.758158793152582 ], [ -80.377892143308955, 25.75815610046984 ], [ -80.377893487746704, 25.758148615940499 ], [ -80.377912409780194, 25.758143824093352 ], [ -80.377909720907866, 25.758158793152582 ] ], [ [ -80.378221362294866, 25.758183461012948 ], [ -80.378212573488014, 25.75818211469868 ], [ -80.378213917898833, 25.758174630165762 ], [ -80.378222706704946, 25.758175976479929 ], [ -80.378221362294866, 25.758183461012948 ] ], [ [ -80.378231495511315, 25.758177322793372 ], [ -80.378222706704946, 25.758175976479929 ], [ -80.378224051114799, 25.758168491946723 ], [ -80.378232839920443, 25.758169838260073 ], [ -80.378231495511315, 25.758177322793372 ] ], [ [ -80.378372015996987, 25.758098872138937 ], [ -80.378363227196317, 25.758097525837165 ], [ -80.378357127190469, 25.758081210460823 ], [ -80.378374704788655, 25.758083903064765 ], [ -80.378372015996987, 25.758098872138937 ] ], [ [ -80.378348237965994, 25.757979872553623 ], [ -80.378330660389466, 25.757977179944259 ], [ -80.378333349184445, 25.757962210865411 ], [ -80.37835092675806, 25.757964903474456 ], [ -80.378348237965994, 25.757979872553623 ] ] ] } },
{ "type": "Feature", "properties": { "hotspot_id": "fiu_hs_024", "area_m2": 99.909857310034837, "depth_max_m": 0.52893400192260742, "depth_mean_m": 0.25808239700202656, "building_frac": 0.0, "lots": null, "roads": null }, "geometry": { "type": "Polygon", "coordinates": [ [ [ -80.380531689463368, 25.758744982780122 ], [ -80.380533033685026, 25.758737498230222 ], [ -80.38055195570135, 25.758732705906649 ], [ -80.380564053670724, 25.758665344945268 ], [ -80.380555264779687, 25.758663998833114 ], [ -80.380557953216254, 25.75864902972862 ], [ -80.380549164326951, 25.758647683615877 ], [ -80.380550508545625, 25.758640199063414 ], [ -80.380559297434203, 25.758641545176083 ], [ -80.380561985869392, 25.758626576070405 ], [ -80.380553196982277, 25.758625229957918 ], [ -80.380555885418019, 25.758610260851633 ], [ -80.380494363225935, 25.758600838044192 ], [ -80.380479576761928, 25.758683168112704 ], [ -80.380488365653719, 25.758684514231231 ], [ -80.380485677204177, 25.758699483332236 ], [ -80.380494466097701, 25.758700829450188 ], [ -80.380491777648714, 25.75871579855059 ], [ -80.380500566543972, 25.75871714466793 ], [ -80.380497878095525, 25.758732113767707 ], [ -80.380506666992488, 25.758733459884471 ], [ -80.380505322768641, 25.758740944434145 ], [ -80.380531689463368, 25.758744982780122 ] ] ] } },
{ "type": "Feature", "properties": { "hotspot_id": "fiu_hs_025", "area_m2": 1645.8834388460141, "depth_max_m": 0.52677035331726074, "depth_mean_m": 0.26962011451320744, "building_frac": 0.0, "lots": null, "roads": "Southwest 109th Avenue" }, "geometry": { "type": "Polygon", "coordinates": [ [ [ -80.372679780999022, 25.760979724923661 ], [ -80.372691259850541, 25.76096610290907 ], [ -80.37271762685414, 25.760970143228736 ], [ -80.372720316698235, 25.760955174437992 ], [ -80.372693949698998, 25.76095113411882 ], [ -80.372695294622901, 25.760943649723394 ], [ -80.372686505624429, 25.760942302948919 ], [ -80.372687850548814, 25.76093481855338 ], [ -80.372696639546561, 25.760936165327781 ], [ -80.372702019238915, 25.760906227743401 ], [ -80.372710808234018, 25.760907574516725 ], [ -80.372717532840653, 25.760870152531439 ], [ -80.372726321832374, 25.760871499303587 ], [ -80.372729011671979, 25.76085653050794 ], [ -80.37273780066252, 25.760857877279154 ], [ -80.372740490499737, 25.760842908482559 ], [ -80.372749279489071, 25.76084425525287 ], [ -80.372750624406621, 25.760836770854208 ], [ -80.372803358343987, 25.76084485145962 ], [ -80.372800668517442, 25.760859820257743 ], [ -80.372818246501652, 25.760862513787163 ], [ -80.372824971059032, 25.760825091789542 ], [ -80.372808737994347, 25.760814913861012 ], [ -80.372820216804286, 25.760801291824976 ], [ -80.372811427818149, 25.760799945060548 ], [ -80.372814117641042, 25.760784976259295 ], [ -80.37279788458504, 25.76077479832778 ], [ -80.372799229497375, 25.76076731392682 ], [ -80.372808018480043, 25.760768660692428 ], [ -80.372812053213465, 25.7607462074882 ], [ -80.37282084219423, 25.760747554252784 ], [ -80.37283025655907, 25.760695163435507 ], [ -80.372812678608014, 25.760692469906726 ], [ -80.372816713336732, 25.760670016696906 ], [ -80.372807924363798, 25.760668669931622 ], [ -80.372810614183251, 25.760653701124269 ], [ -80.372819403154736, 25.76065504788939 ], [ -80.372822092971816, 25.760640079081096 ], [ -80.372830881942093, 25.760641425845272 ], [ -80.372842360725912, 25.760627803799306 ], [ -80.372833571756814, 25.760626457036043 ], [ -80.372836261570598, 25.760611488226019 ], [ -80.372811239578027, 25.76059996352712 ], [ -80.372812584486525, 25.760592479121886 ], [ -80.372751061736466, 25.760583051744252 ], [ -80.372739582944348, 25.760596673781972 ], [ -80.372722005015802, 25.760593980236845 ], [ -80.372710526217745, 25.760607602270856 ], [ -80.37264021450487, 25.760596828052755 ], [ -80.372641559427919, 25.760589343649666 ], [ -80.372598959546238, 25.760575125336342 ], [ -80.372600304472485, 25.760567640933278 ], [ -80.372565148636667, 25.760562253791946 ], [ -80.372566493565586, 25.760554769389046 ], [ -80.372540126693735, 25.760550729025351 ], [ -80.372537436831294, 25.76056569783049 ], [ -80.372519858915169, 25.760563004250582 ], [ -80.372522548780523, 25.760548035445773 ], [ -80.372531337736987, 25.760549382235929 ], [ -80.372532682668592, 25.760541897833154 ], [ -80.372516449690224, 25.760531719849411 ], [ -80.37251913955518, 25.760516751043212 ], [ -80.37251035060217, 25.760515404251866 ], [ -80.37251304046768, 25.760500435445064 ], [ -80.372504251516403, 25.760499088653134 ], [ -80.372513666043588, 25.760446697823735 ], [ -80.372504877097668, 25.760445351031628 ], [ -80.372508911893775, 25.760422897816337 ], [ -80.372483889997966, 25.760411373030998 ], [ -80.372498684254239, 25.76032904456066 ], [ -80.372507473188406, 25.760330391353794 ], [ -80.372508818118689, 25.760322906946158 ], [ -80.372500029185247, 25.760321560153116 ], [ -80.372504063976905, 25.760299106929267 ], [ -80.372476352252235, 25.760302550954215 ], [ -80.372479042117021, 25.760287582138229 ], [ -80.372470253187586, 25.760286235342473 ], [ -80.372476977849189, 25.760248813299558 ], [ -80.372468188923648, 25.760247466503468 ], [ -80.372474913583162, 25.760210044456077 ], [ -80.372466124661557, 25.760208697659664 ], [ -80.372472849318982, 25.760171275607824 ], [ -80.372464060401256, 25.760169928811067 ], [ -80.37246809519516, 25.760147475577888 ], [ -80.372487017955848, 25.760142684758556 ], [ -80.372488362884994, 25.760135200346742 ], [ -80.372479573970665, 25.760133853551157 ], [ -80.372482263829738, 25.760118884727106 ], [ -80.372491052742618, 25.760120231522531 ], [ -80.372492397671067, 25.760112747110146 ], [ -80.372483608758927, 25.760111400314802 ], [ -80.372486298616622, 25.7600964314896 ], [ -80.372477509706201, 25.760095084693653 ], [ -80.372474100514523, 25.76006380024489 ], [ -80.372457867631368, 25.760053622236562 ], [ -80.372456522700872, 25.760061106649896 ], [ -80.372447733794445, 25.76005975985127 ], [ -80.372446388862983, 25.760067244264341 ], [ -80.372455177770135, 25.760068591063046 ], [ -80.372451142976573, 25.760091044301305 ], [ -80.372442354067232, 25.760089697502352 ], [ -80.372436974336338, 25.760119635150328 ], [ -80.372445763248592, 25.760120981949612 ], [ -80.372444418316036, 25.760128466361191 ], [ -80.372426840490334, 25.760125772761693 ], [ -80.372422805686895, 25.760148225994776 ], [ -80.372431594601792, 25.760149572795171 ], [ -80.372428904733141, 25.760164541616426 ], [ -80.372409981964552, 25.760169332424756 ], [ -80.372401912342966, 25.760214238881698 ], [ -80.372393123422043, 25.760212892079061 ], [ -80.372395813298283, 25.760197923261018 ], [ -80.372387024379094, 25.760196576457769 ], [ -80.372381644622777, 25.760226514092757 ], [ -80.372390433544894, 25.760227860896325 ], [ -80.372386398727429, 25.760250314120754 ], [ -80.372377609803138, 25.760248967316933 ], [ -80.372372230040398, 25.760278904946475 ], [ -80.372381018967616, 25.760280251750626 ], [ -80.372371604379097, 25.760332642595412 ], [ -80.372380393311673, 25.760333989399388 ], [ -80.372371697997849, 25.760432633462635 ], [ -80.372380486940457, 25.760433980266185 ], [ -80.37237645211097, 25.760456433475625 ], [ -80.372385241056023, 25.760457780278646 ], [ -80.37238255117002, 25.760472749084148 ], [ -80.37239878412197, 25.760482927090901 ], [ -80.372394749294926, 25.760505380297595 ], [ -80.372410982254323, 25.760515558301368 ], [ -80.372405602486623, 25.760545495907468 ], [ -80.37241439144104, 25.760546842707605 ], [ -80.372406321786997, 25.760591749111416 ], [ -80.372415110746076, 25.760593095911318 ], [ -80.372409730975022, 25.760623033510303 ], [ -80.372418519937284, 25.760624380309796 ], [ -80.372414485108777, 25.760646833507227 ], [ -80.372438162121284, 25.760665842699709 ], [ -80.37243412729589, 25.760688295894973 ], [ -80.37245780432383, 25.760707305080441 ], [ -80.372456459383301, 25.760714789478339 ], [ -80.372474037327891, 25.760717483067776 ], [ -80.372484796834001, 25.760657607877839 ], [ -80.37251116373541, 25.760661648254334 ], [ -80.372508473864627, 25.760676617053502 ], [ -80.372517262833767, 25.760677963844319 ], [ -80.372515917898752, 25.760685448243667 ], [ -80.372540939876913, 25.760696973011296 ], [ -80.372524081298053, 25.760740532614509 ], [ -80.372540314315941, 25.760750710590354 ], [ -80.372543723557911, 25.760781994969086 ], [ -80.372552512538149, 25.760783341756454 ], [ -80.37254713280231, 25.760813279344628 ], [ -80.372555921785732, 25.76081462613158 ], [ -80.372553231917905, 25.760829594924676 ], [ -80.372569464955646, 25.760839772893032 ], [ -80.372564085222152, 25.760869710476793 ], [ -80.372572874211457, 25.760871057262026 ], [ -80.372568839411116, 25.760893510448049 ], [ -80.372592516523596, 25.760912519590207 ], [ -80.372591171591409, 25.760920003985014 ], [ -80.372608749581246, 25.760922697549709 ], [ -80.372607404650296, 25.760930181944495 ], [ -80.372631081781023, 25.760949191075568 ], [ -80.372629736851579, 25.760956675470034 ], [ -80.372647314849928, 25.76095936902782 ], [ -80.372644624993242, 25.760974337816481 ], [ -80.372679780999022, 25.760979724923661 ] ], [ [ -80.372657448776778, 25.760953231410866 ], [ -80.372639870779338, 25.760950537854772 ], [ -80.372641215707844, 25.760943053460053 ], [ -80.37265000470569, 25.760944400238404 ], [ -80.3726540394876, 25.760921947052804 ], [ -80.372671617479753, 25.760924640606749 ], [ -80.372657448776778, 25.760953231410866 ] ] ] } },
{ "type": "Feature", "properties": { "hotspot_id": "fiu_hs_026", "area_m2": 136.71875210872048, "depth_max_m": 0.52107012271881104, "depth_mean_m": 0.27419109134883674, "building_frac": 0.0, "lots": null, "roads": null }, "geometry": { "type": "Polygon", "coordinates": [ [ [ -80.38284420651253, 25.758791526148936 ], [ -80.382845550537667, 25.758784041569911 ], [ -80.382874605398243, 25.758773110156607 ], [ -80.38288877042055, 25.758744517749232 ], [ -80.382907692309757, 25.758739724992598 ], [ -80.382921857315893, 25.758711132577666 ], [ -80.382930646247942, 25.758712478487492 ], [ -80.382933334280835, 25.758697509323241 ], [ -80.382952256157466, 25.758692716557711 ], [ -80.382966421141504, 25.758664124132402 ], [ -80.382985343009125, 25.758659331360292 ], [ -80.382999507977004, 25.758630738927394 ], [ -80.38301842983563, 25.758625946148701 ], [ -80.383032594787323, 25.758597353708243 ], [ -80.383041383709681, 25.758598699609113 ], [ -80.383044071720192, 25.758583730436563 ], [ -80.383062993566242, 25.75857893764897 ], [ -80.383065681572475, 25.758563968474935 ], [ -80.383074470491991, 25.758565314373104 ], [ -80.383077158495837, 25.758550345198142 ], [ -80.383096080332891, 25.758545552403948 ], [ -80.383100112331874, 25.758523098638957 ], [ -80.383091323416195, 25.758521752742809 ], [ -80.38309266741615, 25.758514268154155 ], [ -80.383066300672894, 25.758510230461386 ], [ -80.383054823753099, 25.758523853738698 ], [ -80.383046034838017, 25.758522507838666 ], [ -80.383043346829709, 25.758537477014144 ], [ -80.383024424991532, 25.758542269798756 ], [ -80.383021736978932, 25.758557238972745 ], [ -80.383012948061022, 25.758555893070017 ], [ -80.383010260046049, 25.758570862243069 ], [ -80.383001471126974, 25.758569516339431 ], [ -80.382998783109613, 25.758584485511513 ], [ -80.382989994189344, 25.758583139606962 ], [ -80.382975829226069, 25.758611732042809 ], [ -80.382967040303413, 25.758610386136425 ], [ -80.382964352278933, 25.758625355305668 ], [ -80.382955563355111, 25.758624009398343 ], [ -80.382952875328243, 25.758638978566676 ], [ -80.382944086403214, 25.758637632658424 ], [ -80.382941398374001, 25.758652601825801 ], [ -80.382932609447792, 25.758651255916629 ], [ -80.382918444454802, 25.758679848338446 ], [ -80.38290965552622, 25.758678502427443 ], [ -80.382905623471345, 25.758700956173954 ], [ -80.382896834540844, 25.758699610261942 ], [ -80.382894146501656, 25.758714579425128 ], [ -80.382885357569961, 25.758713233512193 ], [ -80.38287119255159, 25.758741825921931 ], [ -80.382862403617509, 25.758740480007141 ], [ -80.382858371547712, 25.758762933747413 ], [ -80.382839449650803, 25.758767726494625 ], [ -80.382835417573887, 25.758790180232065 ], [ -80.38284420651253, 25.758791526148936 ] ] ] } },
{ "type": "Feature", "properties": { "hotspot_id": "fiu_hs_027", "area_m2": 1298.8281450338434, "depth_max_m": 0.52018088102340698, "depth_mean_m": 0.23012481389395967, "building_frac": 0.0, "lots": null, "roads": null }, "geometry": { "type": "Polygon", "coordinates": [ [ [ -80.379664743862875, 25.755074571644219 ], [ -80.379670120818972, 25.755044633141772 ], [ -80.379678909333975, 25.755045979344892 ], [ -80.379693074795853, 25.75501738704104 ], [ -80.379701863308483, 25.755018733242302 ], [ -80.379709928717119, 25.754973825476654 ], [ -80.379701140208866, 25.754972479275867 ], [ -80.379703828678032, 25.754957510019256 ], [ -80.379695040171498, 25.754956163817894 ], [ -80.379697728641219, 25.754941194560665 ], [ -80.379688940136418, 25.754939848358685 ], [ -80.379701038245329, 25.754872486692332 ], [ -80.379719959473803, 25.754867694463254 ], [ -80.379722647936546, 25.754852725201204 ], [ -80.379731436433147, 25.754854071400651 ], [ -80.379735469123375, 25.754831617505868 ], [ -80.379744257618043, 25.754832963704317 ], [ -80.379755734569073, 25.7548193406375 ], [ -80.379746946075585, 25.754817994439989 ], [ -80.379749634532217, 25.754803025174873 ], [ -80.379740846040448, 25.754801678976762 ], [ -80.379744878725859, 25.754779225077883 ], [ -80.379753667215425, 25.754780571275763 ], [ -80.379767109477925, 25.75470572493272 ], [ -80.379749532513628, 25.75470303253789 ], [ -80.379753565192274, 25.754680578631692 ], [ -80.379744776712712, 25.754679232433372 ], [ -80.379738676687637, 25.754662916962879 ], [ -80.379712311255773, 25.754658878361671 ], [ -80.379713655484693, 25.754651393725929 ], [ -80.379732576664807, 25.754646601491167 ], [ -80.37973526511864, 25.754631632218349 ], [ -80.379726476644265, 25.75463028601828 ], [ -80.379730509325483, 25.754607832107826 ], [ -80.379739297797656, 25.754609178307636 ], [ -80.379740642023535, 25.754601693670349 ], [ -80.379731853552087, 25.754600347470632 ], [ -80.379734542004613, 25.754585378195607 ], [ -80.379691943888218, 25.754571162549031 ], [ -80.379685222738075, 25.754608585733973 ], [ -80.379666301563574, 25.75461337796056 ], [ -80.379662268865701, 25.754635831868107 ], [ -80.379643347684052, 25.754640624090076 ], [ -80.379637970743588, 25.754670562629286 ], [ -80.379646759220634, 25.754671908836755 ], [ -80.37964541498566, 25.754679393471168 ], [ -80.379617705315766, 25.754682839480232 ], [ -80.379610984125421, 25.75472026264713 ], [ -80.379555564754895, 25.754727154638339 ], [ -80.379544087784851, 25.754740777686774 ], [ -80.379519066585274, 25.754729254405319 ], [ -80.37952444356992, 25.754699315877851 ], [ -80.379515655091978, 25.754697969660079 ], [ -80.379514310845437, 25.754705454292143 ], [ -80.379487945411114, 25.754701415633981 ], [ -80.37948928965983, 25.754693931002176 ], [ -80.379471712706433, 25.75469123855979 ], [ -80.379465612731266, 25.754674923073711 ], [ -80.379448035782389, 25.754672230627119 ], [ -80.379441935812949, 25.754655915138656 ], [ -80.379470989730805, 25.75464498454388 ], [ -80.379477089704878, 25.754661300031174 ], [ -80.379468301231498, 25.754659953809185 ], [ -80.379466956981503, 25.754667438441551 ], [ -80.379475745455608, 25.754668784663632 ], [ -80.37947440120611, 25.754676269295881 ], [ -80.379483189681224, 25.754677615517274 ], [ -80.379484533929997, 25.75467013088495 ], [ -80.379519687830239, 25.754675515762674 ], [ -80.379521032075871, 25.754668031129803 ], [ -80.379529820550871, 25.754669377347266 ], [ -80.379533853284201, 25.754646923447297 ], [ -80.379508832112705, 25.754635400159941 ], [ -80.37951017635865, 25.754627915526271 ], [ -80.379483810947804, 25.754623876866074 ], [ -80.37948649944336, 25.754608907598652 ], [ -80.379504076380741, 25.754611600039215 ], [ -80.379502732134526, 25.754619084673195 ], [ -80.379546674486335, 25.754625815761759 ], [ -80.379553395696874, 25.75458839258792 ], [ -80.379569628391991, 25.754598569652543 ], [ -80.379568284151574, 25.754606054287667 ], [ -80.379594649560971, 25.754610092926448 ], [ -80.379598682274974, 25.754587639019729 ], [ -80.379589893807108, 25.754586292807804 ], [ -80.379591238045364, 25.754578808171942 ], [ -80.379563528405086, 25.754582254167495 ], [ -80.379564872645531, 25.754574769531878 ], [ -80.379548639955374, 25.754564592465726 ], [ -80.379551328438041, 25.754549623193832 ], [ -80.379535095754093, 25.754539446124728 ], [ -80.37953375151163, 25.754546930760828 ], [ -80.379498597662035, 25.754541545885719 ], [ -80.3794959091706, 25.754556515156619 ], [ -80.379476987996981, 25.754561307349196 ], [ -80.379474299501254, 25.754576276618604 ], [ -80.379465511036415, 25.754574930396011 ], [ -80.379466855285131, 25.754567445761481 ], [ -80.379440489894435, 25.754563407089407 ], [ -80.379441834145112, 25.754555922454937 ], [ -80.379370182197803, 25.754552637263934 ], [ -80.379373593633588, 25.754583922028385 ], [ -80.379382382097901, 25.754585268258793 ], [ -80.379371628042023, 25.754645145317326 ], [ -80.379362839571868, 25.754643799086264 ], [ -80.379357462535509, 25.754673737610545 ], [ -80.379406160611396, 25.754704268880278 ], [ -80.379399439329234, 25.754741692030823 ], [ -80.37939065084899, 25.754740345802531 ], [ -80.379387962333041, 25.754755315061225 ], [ -80.379344019928567, 25.754748583907624 ], [ -80.379332542922896, 25.754762206931563 ], [ -80.379314965960617, 25.754759514462982 ], [ -80.379312277431168, 25.754774483718787 ], [ -80.379293356200535, 25.754779275874295 ], [ -80.379292011933799, 25.754786760501556 ], [ -80.379248069520941, 25.754780029307643 ], [ -80.379237315349556, 25.754839906315361 ], [ -80.37926233654369, 25.754851429661283 ], [ -80.3792663693538, 25.75482897578469 ], [ -80.379275157841008, 25.754830322023224 ], [ -80.37927650210986, 25.754822837397203 ], [ -80.379311656058505, 25.754828222343392 ], [ -80.379318377384749, 25.754790799208791 ], [ -80.379381241039198, 25.75479273820455 ], [ -80.379393440976784, 25.754825369173354 ], [ -80.379365731250886, 25.754828815112973 ], [ -80.379354254238081, 25.754842438135874 ], [ -80.379425906421403, 25.754845723334956 ], [ -80.379424562164928, 25.75485320796237 ], [ -80.37943335065701, 25.75485455418729 ], [ -80.379432006401032, 25.75486203881459 ], [ -80.37942321790824, 25.754860692589595 ], [ -80.379420529394181, 25.754875661843453 ], [ -80.379395508172365, 25.754864138536856 ], [ -80.379390131133647, 25.75489407704201 ], [ -80.379426629374905, 25.754891977321861 ], [ -80.379418563828821, 25.754936885076908 ], [ -80.379427352329188, 25.754938231301978 ], [ -80.379423319555229, 25.754960685177146 ], [ -80.379448340808224, 25.754972208473458 ], [ -80.379444308038089, 25.754994662347034 ], [ -80.379425386767181, 25.754999454523499 ], [ -80.379424042508333, 25.75500693914725 ], [ -80.379406465494228, 25.755004246696398 ], [ -80.379407809754554, 25.754996762072786 ], [ -80.379399021248631, 25.754995415846295 ], [ -80.379401709770022, 25.754980446598655 ], [ -80.379384132761913, 25.754977754143756 ], [ -80.379381444237595, 25.754992723391062 ], [ -80.379390232742978, 25.754994069619055 ], [ -80.379386199956969, 25.755016523488798 ], [ -80.379411221221005, 25.755028046792106 ], [ -80.379409876960494, 25.755035531415029 ], [ -80.379436242491607, 25.755039570088933 ], [ -80.37943758674993, 25.755032085465764 ], [ -80.379465296537177, 25.755028639508989 ], [ -80.379467985048294, 25.755013670261192 ], [ -80.379450408031502, 25.755010977817886 ], [ -80.379467262071984, 25.75496741629237 ], [ -80.379505104593321, 25.754957831919533 ], [ -80.379506448844509, 25.754950347293537 ], [ -80.379490216091639, 25.754940170230245 ], [ -80.379494248847536, 25.754917716351002 ], [ -80.379519270097589, 25.75492923963165 ], [ -80.379521958596442, 25.754914270377743 ], [ -80.379495593099037, 25.7549102317242 ], [ -80.379498281601357, 25.754895262470018 ], [ -80.379482048859629, 25.754885085403679 ], [ -80.379488770117561, 25.754847662264684 ], [ -80.379472537385723, 25.754837485195289 ], [ -80.379475225889763, 25.754822515938272 ], [ -80.379466437400254, 25.754821169716791 ], [ -80.379469125904834, 25.754806200459175 ], [ -80.379506968356438, 25.754796616080768 ], [ -80.379501591359883, 25.754826554598132 ], [ -80.379517824093057, 25.754836731663293 ], [ -80.37952123559252, 25.754868016394774 ], [ -80.379538812582865, 25.754870708827205 ], [ -80.379550289570716, 25.754857085784934 ], [ -80.379594232045335, 25.75486381684814 ], [ -80.379597643573078, 25.754895101574427 ], [ -80.379613876330069, 25.754905278622221 ], [ -80.379612532088728, 25.754912763250676 ], [ -80.379603743588078, 25.754911417041303 ], [ -80.379601055103251, 25.754926386297488 ], [ -80.379573345353606, 25.754929832291925 ], [ -80.379569312617392, 25.754952286173403 ], [ -80.379604466635854, 25.754957671017369 ], [ -80.379603122392922, 25.754965155644449 ], [ -80.37961191089893, 25.754966501853644 ], [ -80.379600433906333, 25.75498012489809 ], [ -80.379591645399117, 25.754978778687974 ], [ -80.379587612665347, 25.755001232566688 ], [ -80.379578824156212, 25.754999886355584 ], [ -80.379574791418193, 25.75502234023233 ], [ -80.379591024196074, 25.755032517279631 ], [ -80.379585647213744, 25.75506245577909 ], [ -80.379664743862875, 25.755074571644219 ] ], [ [ -80.379629487911771, 25.754969194269741 ], [ -80.379620699405223, 25.754967848062076 ], [ -80.379622043646705, 25.754960363434812 ], [ -80.379630832152543, 25.754961709642398 ], [ -80.379629487911771, 25.754969194269741 ] ], [ [ -80.379671363127628, 25.754937155952511 ], [ -80.379628764850708, 25.754922940295561 ], [ -80.379630109090826, 25.754915455667124 ], [ -80.379638897592287, 25.754916801874195 ], [ -80.379641586070363, 25.754901832616596 ], [ -80.379625353310786, 25.754891655573065 ], [ -80.37962938602989, 25.7548692016851 ], [ -80.379620597533332, 25.754867855476999 ], [ -80.379624630252565, 25.754845401587527 ], [ -80.379615841758465, 25.754844055378914 ], [ -80.379621218717119, 25.754814116857236 ], [ -80.379652339973518, 25.754841955578339 ], [ -80.379649651499108, 25.754856924839086 ], [ -80.379676016987602, 25.754860963453833 ], [ -80.37967467275223, 25.75486844808416 ], [ -80.379683461249655, 25.754869794287636 ], [ -80.379679428544378, 25.754892248177672 ], [ -80.379651718808603, 25.754895694193575 ], [ -80.379649030332445, 25.75491066345176 ], [ -80.379674051600801, 25.754922186695001 ], [ -80.379671363127628, 25.754937155952511 ] ], [ [ -80.379452893182943, 25.754796023385357 ], [ -80.379444104696432, 25.754794677161865 ], [ -80.379446793203982, 25.75477970790358 ], [ -80.379455581689044, 25.754781054126898 ], [ -80.379452893182943, 25.754796023385357 ] ], [ [ -80.379651616901455, 25.75479570158576 ], [ -80.379634039922692, 25.754793009171966 ], [ -80.379636728397813, 25.754778039908622 ], [ -80.379654305373677, 25.754780732322086 ], [ -80.379651616901455, 25.75479570158576 ] ], [ [ -80.379493424131297, 25.754771469752722 ], [ -80.379467058678102, 25.754767431090059 ], [ -80.379453514468892, 25.754742284754425 ], [ -80.379427149026299, 25.754738246081164 ], [ -80.379431181789045, 25.75471579219008 ], [ -80.379439970267455, 25.75471713841501 ], [ -80.37944131452052, 25.75470965378419 ], [ -80.379476468433936, 25.754715038675993 ], [ -80.379482568413906, 25.754731354159354 ], [ -80.379500145375687, 25.754734046599552 ], [ -80.379498801127255, 25.754741531230579 ], [ -80.37950758960929, 25.754742877449619 ], [ -80.379503556864847, 25.754765331341748 ], [ -80.379494768380638, 25.754763985122473 ], [ -80.379493424131297, 25.754771469752722 ] ], [ [ -80.379613051414623, 25.75475903201913 ], [ -80.379595474444358, 25.754756339598451 ], [ -80.379598162924935, 25.754741370334376 ], [ -80.379615739892273, 25.754744062754742 ], [ -80.379613051414623, 25.75475903201913 ] ], [ [ -80.379690080469672, 25.754732378505874 ], [ -80.379681291985904, 25.754731032302381 ], [ -80.37968263621859, 25.754723547668736 ], [ -80.379691424701633, 25.754724893872154 ], [ -80.379690080469672, 25.754732378505874 ] ], [ [ -80.379719134381929, 25.754721447843668 ], [ -80.379701557415942, 25.754718755440788 ], [ -80.379705590107605, 25.754696301537574 ], [ -80.379723167069201, 25.754698993939961 ], [ -80.379719134381929, 25.754721447843668 ] ], [ [ -80.379553395696874, 25.75458839258792 ], [ -80.379544607229604, 25.754587046372126 ], [ -80.379545951471755, 25.754579561736843 ], [ -80.379554739938285, 25.754580907952541 ], [ -80.379553395696874, 25.75458839258792 ] ] ] } },
{ "type": "Feature", "properties": { "hotspot_id": "fiu_hs_028", "area_m2": 93.14903989833941, "depth_max_m": 0.51446747779846191, "depth_mean_m": 0.29893130640829763, "building_frac": 0.1295357420238149, "lots": "CASE Parking Lot", "roads": null }, "geometry": { "type": "Polygon", "coordinates": [ [ [ -80.374344368994642, 25.759204495867678 ], [ -80.374345713751012, 25.759197011409462 ], [ -80.374354502600156, 25.759198358049662 ], [ -80.374357192110764, 25.759183389132428 ], [ -80.374365980958714, 25.759184735771701 ], [ -80.374368670466936, 25.759169766853528 ], [ -80.37437745931372, 25.759171113491881 ], [ -80.374380148819554, 25.759156144572763 ], [ -80.374371359974248, 25.759154797934581 ], [ -80.374375394233482, 25.759132344554683 ], [ -80.37436660539062, 25.759130997915996 ], [ -80.374360506055964, 25.759114682355957 ], [ -80.374271272898369, 25.759108700381017 ], [ -80.374269928136997, 25.759116184840376 ], [ -80.374252350458036, 25.759113491544067 ], [ -80.374251005694973, 25.759120976003068 ], [ -80.374224639176362, 25.759116936052685 ], [ -80.37423073848592, 25.759133251620643 ], [ -80.374273337932053, 25.759147469323199 ], [ -80.374271993170268, 25.759154953781671 ], [ -80.374303114269111, 25.759182793739072 ], [ -80.37430176950933, 25.759190278197103 ], [ -80.374310558357138, 25.759191624841083 ], [ -80.37430921359784, 25.759199109298994 ], [ -80.374344368994642, 25.759204495867678 ] ] ] } },
{ "type": "Feature", "properties": { "hotspot_id": "fiu_hs_029", "area_m2": 150.24038693366498, "depth_max_m": 0.51329720020294189, "depth_mean_m": 0.23909795761108399, "building_frac": 0.022727058878826287, "lots": null, "roads": null }, "geometry": { "type": "Polygon", "coordinates": [ [ [ -80.372650783746295, 25.758175933189772 ], [ -80.372652128631344, 25.758168448729382 ], [ -80.372660917351496, 25.758169795518604 ], [ -80.372663607119435, 25.758154826597035 ], [ -80.3726825294398, 25.758150035711619 ], [ -80.372685219203447, 25.758135066788565 ], [ -80.372712930235508, 25.758131622683816 ], [ -80.372714275114575, 25.758124138221536 ], [ -80.372723063831231, 25.758125485005625 ], [ -80.372725753587218, 25.758110516080357 ], [ -80.372743331018455, 25.758113209645941 ], [ -80.372744675894637, 25.758105725182844 ], [ -80.37273588717963, 25.758104378400528 ], [ -80.372737232056323, 25.758096893937299 ], [ -80.372710865915067, 25.75809285358601 ], [ -80.37269732312852, 25.75806770662517 ], [ -80.372670956997879, 25.758063666263286 ], [ -80.372657414227291, 25.758038519294868 ], [ -80.372631048107237, 25.758034478922383 ], [ -80.372619569629819, 25.758048101056286 ], [ -80.3726107809225, 25.758046754263017 ], [ -80.372600021822436, 25.758106629959496 ], [ -80.372575000575068, 25.758095105112062 ], [ -80.372577690355371, 25.758080136189211 ], [ -80.372568901645479, 25.758078789392506 ], [ -80.372570246536014, 25.758071304930866 ], [ -80.372543880410134, 25.758067264536475 ], [ -80.372539845731268, 25.758089717920051 ], [ -80.372531057020993, 25.758088371120152 ], [ -80.372529712126862, 25.758095855580869 ], [ -80.372556078260672, 25.758099895978521 ], [ -80.372553388476078, 25.758114864899866 ], [ -80.372588543330778, 25.758120252086819 ], [ -80.372589888220276, 25.758112767625931 ], [ -80.37259867693389, 25.758114114420696 ], [ -80.372594642266904, 25.758136567803081 ], [ -80.372618318641159, 25.758155577104702 ], [ -80.372616973753438, 25.758163061564971 ], [ -80.372625762472495, 25.758164408357207 ], [ -80.372624417585271, 25.758171892817355 ], [ -80.372650783746295, 25.758175933189772 ] ] ] } },
{ "type": "Feature", "properties": { "hotspot_id": "fiu_hs_030", "area_m2": 386.11779441470537, "depth_max_m": 0.51175451278686523, "depth_mean_m": 0.24983221269303257, "building_frac": 0.0, "lots": null, "roads": null }, "geometry": { "type": "Polygon", "coordinates": [ [ [ -80.371486640012805, 25.758020603710992 ], [ -80.371487984994744, 25.758013119262131 ], [ -80.371496773681471, 25.758014466151415 ], [ -80.371499463643218, 25.75799949725295 ], [ -80.371508252328766, 25.758000844141325 ], [ -80.371510942288126, 25.757985875241907 ], [ -80.371528519657119, 25.757988569016064 ], [ -80.371529864634994, 25.757981084565895 ], [ -80.371569054296785, 25.757964018752105 ], [ -80.371573089218245, 25.757941565397712 ], [ -80.371581877899132, 25.757942912280043 ], [ -80.371584567844153, 25.757927943375964 ], [ -80.371575779164729, 25.7579265964938 ], [ -80.371579814082764, 25.757904143136475 ], [ -80.371588602759985, 25.757905490018398 ], [ -80.371596672585454, 25.757860583297997 ], [ -80.371605461258582, 25.757861930178667 ], [ -80.371608151197108, 25.757846961270129 ], [ -80.371616939869043, 25.757848308149871 ], [ -80.371622319740425, 25.757818370330178 ], [ -80.371613531071418, 25.757817023450773 ], [ -80.371614876039416, 25.757809538995438 ], [ -80.37160608737139, 25.757808192115352 ], [ -80.371604742402653, 25.757815676570612 ], [ -80.371569587730363, 25.757810289042389 ], [ -80.371570932701999, 25.75780280458747 ], [ -80.371535778036929, 25.757797417047485 ], [ -80.371534433062365, 25.75780490150208 ], [ -80.371508067064212, 25.757800860838902 ], [ -80.371509412040965, 25.757793376384551 ], [ -80.371500623376193, 25.75779202949542 ], [ -80.371499278398701, 25.75779951394966 ], [ -80.37148170106849, 25.757796820168917 ], [ -80.371480356089322, 25.757804304622809 ], [ -80.371398568138005, 25.757807151476946 ], [ -80.371387089499024, 25.757820773483143 ], [ -80.371368167178943, 25.757825564135345 ], [ -80.371360097239773, 25.757870470842779 ], [ -80.371342519899599, 25.757867777038872 ], [ -80.371341174907485, 25.757875261489243 ], [ -80.371349963578155, 25.757876608391669 ], [ -80.371347273594679, 25.757891577292035 ], [ -80.371356062267083, 25.757892924193879 ], [ -80.371353372284148, 25.757907893093638 ], [ -80.37136216095827, 25.757909239994873 ], [ -80.371358125984329, 25.757931693343298 ], [ -80.371389245725027, 25.757959534289359 ], [ -80.371387900735499, 25.757967018738196 ], [ -80.371396689416059, 25.757968365636234 ], [ -80.371395344427015, 25.757975850084961 ], [ -80.371404133108598, 25.757977196982313 ], [ -80.371402788120065, 25.757984681430926 ], [ -80.371436597866122, 25.75799755346193 ], [ -80.37144269657955, 25.75801386925276 ], [ -80.371486640012805, 25.758020603710992 ] ], [ [ -80.371454801441587, 25.757946509209749 ], [ -80.371419646726096, 25.757941121632538 ], [ -80.371420991712526, 25.757933637182685 ], [ -80.371397315657475, 25.757914627592267 ], [ -80.37140000563312, 25.757899658691674 ], [ -80.371391216959381, 25.757898311793635 ], [ -80.371395251923303, 25.757875858441544 ], [ -80.371404040594868, 25.757877205339337 ], [ -80.371406730568225, 25.757862236436804 ], [ -80.371415519238596, 25.757863583333684 ], [ -80.371416864224202, 25.75785609888203 ], [ -80.371478384919286, 25.757865527138414 ], [ -80.371477039938767, 25.757873011590632 ], [ -80.371502060978642, 25.757884536713107 ], [ -80.371493991102554, 25.75792944342269 ], [ -80.371475068764866, 25.757934234092893 ], [ -80.371473723783026, 25.757941718543467 ], [ -80.371456146425118, 25.757939024759565 ], [ -80.371454801441587, 25.757946509209749 ] ] ] } },
{ "type": "Feature", "properties": { "hotspot_id": "fiu_hs_031", "area_m2": 196.81490688070301, "depth_max_m": 0.51160609722137451, "depth_mean_m": 0.24887172320416864, "building_frac": 0.0, "lots": null, "roads": null }, "geometry": { "type": "Polygon", "coordinates": [ [ [ -80.372764373632094, 25.755332442386031 ], [ -80.372775851731845, 25.755318820119214 ], [ -80.372802217042718, 25.755322860489212 ], [ -80.372803561871123, 25.755315375959423 ], [ -80.372837370794315, 25.755328247638648 ], [ -80.372841405270108, 25.755305794047707 ], [ -80.372850193706498, 25.755307140832926 ], [ -80.372859607470218, 25.755254749113327 ], [ -80.372850819038931, 25.755253402328695 ], [ -80.372853508685111, 25.755238433264367 ], [ -80.372837276650458, 25.755228255160866 ], [ -80.372831177871333, 25.75521193930922 ], [ -80.372804812592449, 25.755207898945223 ], [ -80.372806157418879, 25.75520041441267 ], [ -80.372734505193975, 25.755197124607907 ], [ -80.372733160361491, 25.755204609139597 ], [ -80.372715583513099, 25.755201915547545 ], [ -80.372714238678938, 25.755209400078858 ], [ -80.372687873406193, 25.755205359684869 ], [ -80.37268518373277, 25.755220328746418 ], [ -80.372701415748324, 25.75523050687416 ], [ -80.372689312217688, 25.7552978676413 ], [ -80.372706889084483, 25.755300561237021 ], [ -80.372712987846654, 25.755316877091467 ], [ -80.372756930026995, 25.755323611064583 ], [ -80.372755585194483, 25.75533109559359 ], [ -80.372764373632094, 25.755332442386031 ] ], [ [ -80.372849474215499, 25.755260886860562 ], [ -80.372831897352285, 25.755258193288846 ], [ -80.37283324217718, 25.755250708757153 ], [ -80.372850819038931, 25.755253402328695 ], [ -80.372849474215499, 25.755260886860562 ] ] ] } },
{ "type": "Feature", "properties": { "hotspot_id": "fiu_hs_032", "area_m2": 311.74880288560416, "depth_max_m": 0.51051592826843262, "depth_mean_m": 0.21848999391119164, "building_frac": 0.0, "lots": null, "roads": null }, "geometry": { "type": "Polygon", "coordinates": [ [ [ -80.373139587102699, 25.755405322810169 ], [ -80.37314093190362, 25.75539783827789 ], [ -80.373177430503787, 25.755395740777583 ], [ -80.373180120098624, 25.755380771711437 ], [ -80.373199041792702, 25.755375980689109 ], [ -80.373200386588067, 25.755368496155377 ], [ -80.373191598140167, 25.755367149400321 ], [ -80.373194287731707, 25.755352180332469 ], [ -80.373203076178143, 25.755353527087362 ], [ -80.37320442097284, 25.755346042553047 ], [ -80.373180745229575, 25.755327033217696 ], [ -80.373188814003271, 25.755282126006946 ], [ -80.37319760244263, 25.755283472762606 ], [ -80.373191503592679, 25.755267156935151 ], [ -80.373182715155068, 25.755265810178923 ], [ -80.373181370359745, 25.755273294714829 ], [ -80.373128639735313, 25.755265214161014 ], [ -80.373129984534998, 25.755257729625598 ], [ -80.373112407663797, 25.755255036101779 ], [ -80.3731238856994, 25.75524141379281 ], [ -80.373079943532062, 25.755234679974638 ], [ -80.373081288335428, 25.755227195439129 ], [ -80.373063711471858, 25.755224501906742 ], [ -80.373065056276445, 25.755217017371216 ], [ -80.37300488207697, 25.755200105449433 ], [ -80.373003537267493, 25.755207589984575 ], [ -80.372958250312962, 25.755208340648814 ], [ -80.372955560685583, 25.755223309717305 ], [ -80.372936639011144, 25.755228100697188 ], [ -80.372931259746863, 25.755258038830359 ], [ -80.372954935417511, 25.755277048227274 ], [ -80.37294955615647, 25.75530698635681 ], [ -80.372958344594636, 25.755308333132785 ], [ -80.372956999779532, 25.755315817664762 ], [ -80.372983365097852, 25.755319857988397 ], [ -80.372982020284695, 25.75532734252042 ], [ -80.37297323184427, 25.755325995746571 ], [ -80.372969197401275, 25.755348449341245 ], [ -80.372977985843889, 25.755349796115361 ], [ -80.372979330657728, 25.75534231158392 ], [ -80.373014484427998, 25.755347698672512 ], [ -80.373025962490928, 25.75533407637846 ], [ -80.373034750932987, 25.755335423147791 ], [ -80.37303340612398, 25.755342907680124 ], [ -80.373077348341923, 25.755349641515867 ], [ -80.373078693147292, 25.755342156983129 ], [ -80.373122635368333, 25.755348890799553 ], [ -80.373121290566615, 25.75535637533272 ], [ -80.373130079012384, 25.755357722093809 ], [ -80.373124699806155, 25.75538766022488 ], [ -80.373115911357473, 25.75538631346344 ], [ -80.373114566554619, 25.75539379799563 ], [ -80.373139587102699, 25.755405322810169 ] ], [ [ -80.373017174049139, 25.755332729608359 ], [ -80.372990808725405, 25.755328689293549 ], [ -80.372993498350013, 25.755313720229115 ], [ -80.372984709910753, 25.755312373456171 ], [ -80.372986054723441, 25.755304888923742 ], [ -80.373022553288692, 25.755302791477732 ], [ -80.373017174049139, 25.755332729608359 ] ], [ [ -80.373126669772105, 25.755326437198878 ], [ -80.37309151600347, 25.755321050148222 ], [ -80.373095550413908, 25.755298596546815 ], [ -80.373104338853466, 25.755299943310366 ], [ -80.373107028457838, 25.755284974241601 ], [ -80.373115816896217, 25.755286321004235 ], [ -80.373117161697309, 25.755278836469493 ], [ -80.373134738573441, 25.755281529992292 ], [ -80.373126669772105, 25.755326437198878 ] ], [ [ -80.373085417170628, 25.755304734316439 ], [ -80.373076628730871, 25.755303387551304 ], [ -80.373080663144307, 25.755280933949212 ], [ -80.37308945158189, 25.755282280714091 ], [ -80.373085417170628, 25.755304734316439 ] ] ] } },
{ "type": "Feature", "properties": { "hotspot_id": "fiu_hs_033", "area_m2": 2679.5373009457658, "depth_max_m": 0.50279831886291504, "depth_mean_m": 0.24907143402741275, "building_frac": 0.0, "lots": null, "roads": null }, "geometry": { "type": "Polygon", "coordinates": [ [ [ -80.382692831223949, 25.758829868002824 ], [ -80.38271444121591, 25.758810106130291 ], [ -80.382732019093751, 25.758812797983786 ], [ -80.382734707163593, 25.758797828829458 ], [ -80.38275362907271, 25.75879303610197 ], [ -80.382771826230695, 25.758741989976436 ], [ -80.382790748125728, 25.758737197241256 ], [ -80.382804913169565, 25.758708604842209 ], [ -80.382813702099568, 25.758709950762039 ], [ -80.382830555181002, 25.758666389194303 ], [ -80.382849477056538, 25.758661596447201 ], [ -80.38285216510171, 25.758646627282651 ], [ -80.382860954026228, 25.758647973198702 ], [ -80.38286364206904, 25.758633004033218 ], [ -80.382872430992364, 25.758634349948359 ], [ -80.382876463052668, 25.758611896198428 ], [ -80.382895384913937, 25.75860710344206 ], [ -80.382909549902692, 25.758578511016847 ], [ -80.382938604687254, 25.758567579578369 ], [ -80.382952769655532, 25.758538987143655 ], [ -80.382961558570813, 25.758540333051574 ], [ -80.382964246593147, 25.758525363878388 ], [ -80.382983168430982, 25.758520571104551 ], [ -80.382984512440132, 25.758513086517315 ], [ -80.382993301353309, 25.758514432422626 ], [ -80.382995989369448, 25.758499463247368 ], [ -80.383004778281432, 25.758500809151776 ], [ -80.383008810301718, 25.758478355387194 ], [ -80.383017599211797, 25.758479701290579 ], [ -80.38301894321738, 25.758472216701911 ], [ -80.383002709405773, 25.758462040305826 ], [ -80.382996608512087, 25.758445725223279 ], [ -80.382970241793856, 25.75844168750502 ], [ -80.382971585802892, 25.758434202916096 ], [ -80.382954007993533, 25.758431511100298 ], [ -80.382955352003805, 25.758424026511335 ], [ -80.382928985294001, 25.758419988782215 ], [ -80.382922884416928, 25.758403673693135 ], [ -80.382905306615186, 25.758400981868771 ], [ -80.382907994642864, 25.758386012690462 ], [ -80.382882971962331, 25.758374490359515 ], [ -80.382884315977776, 25.758367005770126 ], [ -80.382849160392439, 25.758361622104566 ], [ -80.38284109627881, 25.75840652963603 ], [ -80.382849885179112, 25.75840787555406 ], [ -80.382847197140862, 25.758422844729811 ], [ -80.382863430927188, 25.758433021151689 ], [ -80.382860742890472, 25.758447990326623 ], [ -80.382851953985991, 25.758446644409684 ], [ -80.382849265946888, 25.758461613583659 ], [ -80.382858054852846, 25.758462959500772 ], [ -80.382851334754761, 25.758500382432743 ], [ -80.382842545845165, 25.758499036515229 ], [ -80.382837169759654, 25.758528974856997 ], [ -80.382845958672178, 25.758530320774838 ], [ -80.38284192660781, 25.758552774529345 ], [ -80.382850715522778, 25.758554120446671 ], [ -80.38284533943667, 25.758584058783654 ], [ -80.382836550518803, 25.758582712865984 ], [ -80.382835206495969, 25.758590197449671 ], [ -80.382808839741756, 25.758586159691898 ], [ -80.38280749571652, 25.758593644275138 ], [ -80.382782472989973, 25.758582121927326 ], [ -80.382791881175564, 25.758529729840998 ], [ -80.382783092263949, 25.758528383918531 ], [ -80.382785780316368, 25.758513414749451 ], [ -80.382741835769608, 25.75850668512664 ], [ -80.38273035879989, 25.758520308367896 ], [ -80.382712780980697, 25.758517616511647 ], [ -80.382707404849782, 25.758547554844863 ], [ -80.382672249202969, 25.758542171121949 ], [ -80.382673593238948, 25.758534686539267 ], [ -80.382657359455848, 25.758524510090716 ], [ -80.382660047529583, 25.75850954092471 ], [ -80.382651258622005, 25.75850819499091 ], [ -80.382652602659263, 25.758500710407709 ], [ -80.382626235940336, 25.758496672602018 ], [ -80.382622203821313, 25.758519126350311 ], [ -80.38260328196408, 25.758523919057762 ], [ -80.382600593880213, 25.758538888221604 ], [ -80.382574227152219, 25.758534850403073 ], [ -80.382571539063051, 25.75854981956563 ], [ -80.3825627501528, 25.758548473624444 ], [ -80.382568850972973, 25.758564788727419 ], [ -80.382604006622515, 25.758570172485289 ], [ -80.382601318537354, 25.758585141646961 ], [ -80.382583740709137, 25.758582449769222 ], [ -80.382585084753288, 25.758574965188632 ], [ -80.3825675069276, 25.758572273308022 ], [ -80.382566162881986, 25.758579757888437 ], [ -80.382495851584196, 25.758568990335082 ], [ -80.382494507532527, 25.758576474914637 ], [ -80.382468140798125, 25.75857243706939 ], [ -80.382456663777319, 25.758586060277313 ], [ -80.382430297041765, 25.758582022422502 ], [ -80.382428952984299, 25.758589507000881 ], [ -80.382351196849683, 25.758569908817233 ], [ -80.382352540913473, 25.758562424239404 ], [ -80.382334963097435, 25.758559732318961 ], [ -80.382337651227246, 25.758544763163034 ], [ -80.382328862321089, 25.758543417201864 ], [ -80.382322761547016, 25.758527102083555 ], [ -80.382280161098109, 25.75851288768526 ], [ -80.382266615504832, 25.758487742017198 ], [ -80.382249037706387, 25.758485050081433 ], [ -80.382250381777595, 25.758477565502943 ], [ -80.382231459909008, 25.758482358142665 ], [ -80.382232803981694, 25.758474873564332 ], [ -80.382215226186844, 25.7584721816227 ], [ -80.382216570260738, 25.758464697044342 ], [ -80.382188859496623, 25.758468143704565 ], [ -80.382182758753814, 25.758451828574081 ], [ -80.382165180965131, 25.758449136623721 ], [ -80.382161768383966, 25.758417852333544 ], [ -80.382135401712517, 25.758413814401024 ], [ -80.382129300983422, 25.758397499264586 ], [ -80.38209548951518, 25.758384630762922 ], [ -80.382096833597927, 25.75837714618406 ], [ -80.382080599910836, 25.758366969639482 ], [ -80.382083288078135, 25.7583520004811 ], [ -80.382074499195184, 25.758350654497381 ], [ -80.382075843279225, 25.758343169917964 ], [ -80.382084632161451, 25.758344515901602 ], [ -80.382088664409991, 25.758322062161998 ], [ -80.382079875529953, 25.758320716178616 ], [ -80.38208256369596, 25.75830574701806 ], [ -80.382073774817641, 25.758304401034064 ], [ -80.382067674107603, 25.758288085888328 ], [ -80.382050096355243, 25.758285393916911 ], [ -80.382054128609923, 25.758262940174458 ], [ -80.382045339736322, 25.758261594187871 ], [ -80.382048027906407, 25.758246625025429 ], [ -80.382024349465183, 25.758227617898864 ], [ -80.382027037637812, 25.758212648735398 ], [ -80.382018248769668, 25.75821130274625 ], [ -80.382020936942837, 25.758196333582152 ], [ -80.382012148076427, 25.758194987592439 ], [ -80.382014836250136, 25.758180018427719 ], [ -80.38200604738546, 25.758178672437403 ], [ -80.382008735559708, 25.758163703272075 ], [ -80.381999946696752, 25.758162357281197 ], [ -80.382003978958593, 25.758139903531983 ], [ -80.381995190098095, 25.75813855754058 ], [ -80.382004598706118, 25.758086165452898 ], [ -80.381995809851006, 25.758084819461313 ], [ -80.381999842110346, 25.758062365706785 ], [ -80.381991053257678, 25.758061019714688 ], [ -80.381993741430861, 25.758046050544205 ], [ -80.381984952579927, 25.758044704551519 ], [ -80.381988984840191, 25.758022250794571 ], [ -80.381963962384049, 25.758010728226942 ], [ -80.38195248535844, 25.758024351402803 ], [ -80.381917329967521, 25.758018967413086 ], [ -80.381921362243901, 25.75799651365697 ], [ -80.38190244046109, 25.758001306243461 ], [ -80.381898408179623, 25.75802375999853 ], [ -80.381907197027147, 25.758025105998687 ], [ -80.381905852933599, 25.75803259058339 ], [ -80.381897064085365, 25.758031244583147 ], [ -80.38189437589611, 25.758046213751818 ], [ -80.381903164745822, 25.758047559752214 ], [ -80.381899132462436, 25.758070013504014 ], [ -80.381907921314593, 25.758071359503923 ], [ -80.381906577220406, 25.758078844087549 ], [ -80.38189778836751, 25.758077498087555 ], [ -80.38189510017699, 25.758092467254048 ], [ -80.381886311322916, 25.758091121253155 ], [ -80.381882279033206, 25.758113575001214 ], [ -80.381873490177213, 25.758112228999309 ], [ -80.381872146079445, 25.758119713581504 ], [ -80.381888379696647, 25.758129890166916 ], [ -80.381887035599888, 25.758137374748905 ], [ -80.381912058082065, 25.758148897330617 ], [ -80.381905337604636, 25.758186320237908 ], [ -80.381886415780002, 25.758191112818608 ], [ -80.381882383485731, 25.758213566559572 ], [ -80.381908750085373, 25.758217604559462 ], [ -80.381910094181507, 25.75821011997909 ], [ -80.381918883047874, 25.758211465977453 ], [ -80.381916194856828, 25.758226435138173 ], [ -80.381907405989026, 25.758225089139636 ], [ -80.381904717795607, 25.758240058299418 ], [ -80.38188714005787, 25.758237366299756 ], [ -80.381884451860628, 25.758252335458419 ], [ -80.381893240730804, 25.7582536814588 ], [ -80.381890552534102, 25.758268650616866 ], [ -80.381881763662463, 25.758267304616314 ], [ -80.381880419563046, 25.758274789194964 ], [ -80.38188920843541, 25.758276135195601 ], [ -80.381862326413369, 25.758425826729557 ], [ -80.38185353752641, 25.75842448072726 ], [ -80.381849505212998, 25.758446934450401 ], [ -80.381840716324135, 25.758445588447135 ], [ -80.381838028112597, 25.758460557594734 ], [ -80.381819106225166, 25.758465350158904 ], [ -80.381817762117365, 25.758472834732057 ], [ -80.381790051335003, 25.758476281284839 ], [ -80.381786019002973, 25.758498735001798 ], [ -80.381794807896341, 25.758500081009533 ], [ -80.381793463785939, 25.758507565581557 ], [ -80.381802252680302, 25.758508911588631 ], [ -80.381803596789979, 25.75850142701654 ], [ -80.381821174578036, 25.75850411902821 ], [ -80.381819830469809, 25.758511603600489 ], [ -80.38185498605209, 25.758516987615142 ], [ -80.381856330157404, 25.758509503042539 ], [ -80.382147707932745, 25.75854643612335 ], [ -80.382153808675625, 25.758562751251041 ], [ -80.38220385395914, 25.758585796247289 ], [ -80.382202509882305, 25.758593280822641 ], [ -80.38223766552079, 25.758598664705168 ], [ -80.382236321446655, 25.758606149280645 ], [ -80.382270133020896, 25.758619017726996 ], [ -80.38226878894919, 25.75862650230242 ], [ -80.382355334032283, 25.758647446504096 ], [ -80.382353989967413, 25.758654931079974 ], [ -80.382371567803119, 25.758657622996331 ], [ -80.382370223739485, 25.758665107572174 ], [ -80.382412824276869, 25.758679321926348 ], [ -80.382418925078269, 25.758695637031472 ], [ -80.382445291847432, 25.758699674887755 ], [ -80.38244394778944, 25.758707159463562 ], [ -80.382486548359168, 25.75872137378532 ], [ -80.382492649177195, 25.758737688883926 ], [ -80.38251022703372, 25.758740380775926 ], [ -80.382508882980659, 25.758747865351598 ], [ -80.382535249769646, 25.758751903184173 ], [ -80.382533905718532, 25.758759387759909 ], [ -80.38255148358067, 25.758762079644676 ], [ -80.382550139530778, 25.758769564220383 ], [ -80.38260152908228, 25.758785124433036 ], [ -80.38260018503631, 25.758792609008854 ], [ -80.382626551842947, 25.758796646817462 ], [ -80.382625207798924, 25.758804131393337 ], [ -80.382659019506477, 25.758816999703903 ], [ -80.382657675464912, 25.758824484279714 ], [ -80.382692831223949, 25.758829868002824 ] ], [ [ -80.382771615297798, 25.758542007163474 ], [ -80.382762826385274, 25.758540661239348 ], [ -80.382765514441516, 25.758525692071352 ], [ -80.382774303352591, 25.758527037995322 ], [ -80.382771615297798, 25.758542007163474 ] ], [ [ -80.38198371306062, 25.758152180714422 ], [ -80.381974924199199, 25.758150834721331 ], [ -80.381976268288668, 25.7581433501385 ], [ -80.381985057149365, 25.75814469613152 ], [ -80.38198371306062, 25.758152180714422 ] ], [ [ -80.381932219479964, 25.758036628579571 ], [ -80.381914641782117, 25.758033936582869 ], [ -80.38191598587494, 25.758026451998077 ], [ -80.381933563571309, 25.758029143994627 ], [ -80.381932219479964, 25.758036628579571 ] ] ] } },
{ "type": "Feature", "properties": { "hotspot_id": "fiu_hs_034", "area_m2": 268.17909067638584, "depth_max_m": 0.5024878978729248, "depth_mean_m": 0.22547463809742646, "building_frac": 0.026972505599165378, "lots": null, "roads": null }, "geometry": { "type": "Polygon", "coordinates": [ [ [ -80.376598945580028, 25.756004594970129 ], [ -80.376602979124556, 25.755982141279681 ], [ -80.376594190562997, 25.755980794817827 ], [ -80.376599568622041, 25.755950856561487 ], [ -80.376590780063665, 25.755949510099217 ], [ -80.376592124578579, 25.755942025534726 ], [ -80.37660091313623, 25.755943371996914 ], [ -80.376610324729157, 25.75589098003946 ], [ -80.376601536176608, 25.755889633577855 ], [ -80.376602880689703, 25.755882149011821 ], [ -80.376620457793607, 25.755884841934119 ], [ -80.37662180230501, 25.755877357367694 ], [ -80.376630590856621, 25.755878703827612 ], [ -80.376633279877282, 25.75586373469406 ], [ -80.376606914227565, 25.755859695312509 ], [ -80.376612292274871, 25.755829757044065 ], [ -80.376603503728433, 25.755828410582364 ], [ -80.376614981297138, 25.755814787908683 ], [ -80.376606192752149, 25.755813441447152 ], [ -80.376610226286033, 25.755790987742834 ], [ -80.376601437743503, 25.755789641280803 ], [ -80.376609504809437, 25.755744733867459 ], [ -80.37661829334759, 25.75574608032899 ], [ -80.376620982366276, 25.755731111189501 ], [ -80.376629770903236, 25.755732457650115 ], [ -80.376641248455357, 25.755718834969361 ], [ -80.376658825527713, 25.755721527886479 ], [ -80.376661514538739, 25.755706558744748 ], [ -80.376680436112991, 25.755701767087213 ], [ -80.376684469622745, 25.755679313372063 ], [ -80.376653349010837, 25.755651473826969 ], [ -80.376664826548677, 25.755637851140108 ], [ -80.376648593998155, 25.755627673650647 ], [ -80.376651283008044, 25.75561270450476 ], [ -80.376642494482738, 25.755611358045467 ], [ -80.376643838988073, 25.755603873472321 ], [ -80.376566086790646, 25.755584270732818 ], [ -80.376564742278987, 25.755591755305435 ], [ -80.376538376714137, 25.755587715902852 ], [ -80.376537032200062, 25.755595200475007 ], [ -80.376519455156725, 25.755592507536011 ], [ -80.376518110640959, 25.755599992107808 ], [ -80.376491745075796, 25.75559595269339 ], [ -80.376490400557614, 25.755603437264746 ], [ -80.37648161203569, 25.755602090791665 ], [ -80.376476233957774, 25.755632029074803 ], [ -80.376502599533069, 25.755636068492738 ], [ -80.3765086990242, 25.755652384104945 ], [ -80.37652627607919, 25.755655077045279 ], [ -80.376528965110793, 25.755640107903858 ], [ -80.376537753637237, 25.755641454372725 ], [ -80.376541787180713, 25.755619000658918 ], [ -80.376559364230047, 25.755621693593895 ], [ -80.376560708742616, 25.755614209022056 ], [ -80.376569497266956, 25.755615555488315 ], [ -80.376568152755112, 25.755623040060229 ], [ -80.376594518331942, 25.755627079454722 ], [ -80.376600617839529, 25.755643395061938 ], [ -80.376616850387393, 25.755653572558451 ], [ -80.376611472352437, 25.755683510843795 ], [ -80.376593895289133, 25.755680817918275 ], [ -80.37659523979967, 25.755673333347399 ], [ -80.376560085679202, 25.755667947487602 ], [ -80.376549329565165, 25.755727824046517 ], [ -80.376565562122678, 25.755738001548412 ], [ -80.3765588395501, 25.755775424391285 ], [ -80.376567628090541, 25.755776770857018 ], [ -80.376560905515859, 25.755814193695436 ], [ -80.376569694060237, 25.755815540160825 ], [ -80.376565660514856, 25.755837993861803 ], [ -80.376574449061678, 25.755839340326695 ], [ -80.376570415516426, 25.75586179402616 ], [ -80.376594092138149, 25.755880802549544 ], [ -80.376591403110282, 25.755895771681267 ], [ -80.376582614557549, 25.755894425218084 ], [ -80.376578581011856, 25.755916878913958 ], [ -80.376587369566778, 25.755918225377414 ], [ -80.376586025051822, 25.755925709942385 ], [ -80.376577236496161, 25.755924363478854 ], [ -80.376574547464102, 25.755939332608087 ], [ -80.376583336021213, 25.755940679071788 ], [ -80.37658199150556, 25.755948163636187 ], [ -80.376573202947725, 25.755946817172408 ], [ -80.376570513914274, 25.755961786300471 ], [ -80.376561725355245, 25.755960439835764 ], [ -80.376560380837446, 25.755967924399432 ], [ -80.376591501532076, 25.755995763944828 ], [ -80.376590157016295, 25.756003248508044 ], [ -80.376598945580028, 25.756004594970129 ] ], [ [ -80.376603405293153, 25.755728418265999 ], [ -80.376587172732997, 25.755718240769738 ], [ -80.37659865028985, 25.755704618093134 ], [ -80.376607438823839, 25.755705964555766 ], [ -80.376603405293153, 25.755728418265999 ] ] ] } },
{ "type": "Feature", "properties": { "hotspot_id": "fiu_hs_035", "area_m2": 232.12139781157884, "depth_max_m": 0.49988985061645508, "depth_mean_m": 0.23964634373735841, "building_frac": 0.0, "lots": null, "roads": null }, "geometry": { "type": "Polygon", "coordinates": [ [ [ -80.380336275302142, 25.757369223791084 ], [ -80.38034030795319, 25.757346770050855 ], [ -80.380349096709011, 25.757348116186964 ], [ -80.380346408276665, 25.757363085347471 ], [ -80.38036398579203, 25.757365777617743 ], [ -80.380365330006853, 25.757358293037427 ], [ -80.380382907521849, 25.757360985304516 ], [ -80.380384251734995, 25.757353500723813 ], [ -80.380403173461062, 25.757348708406663 ], [ -80.380405861883276, 25.757333739243993 ], [ -80.38043491656758, 25.757322808469453 ], [ -80.380438949191245, 25.757300354722073 ], [ -80.380430160438834, 25.757299008593463 ], [ -80.380431504646992, 25.7572915240107 ], [ -80.380459215108615, 25.757288077810855 ], [ -80.38046055931413, 25.757280593227463 ], [ -80.380478136816464, 25.75728328547893 ], [ -80.380482169427268, 25.757260831727059 ], [ -80.380501091128011, 25.757256039390487 ], [ -80.380512568278434, 25.757242416343463 ], [ -80.380549067469445, 25.757240316240772 ], [ -80.380560544610375, 25.757226693187722 ], [ -80.380551755863465, 25.757225347069173 ], [ -80.380553100060141, 25.757217862483081 ], [ -80.380526733823231, 25.757213824123113 ], [ -80.380525389624381, 25.757221308708953 ], [ -80.380480101695213, 25.757222062678704 ], [ -80.380478757492256, 25.757229547263741 ], [ -80.380363159603476, 25.757219532156572 ], [ -80.380361815390586, 25.757227016740138 ], [ -80.38033544915973, 25.757222978331285 ], [ -80.380334104944424, 25.757230462914404 ], [ -80.380325316200626, 25.757229116776521 ], [ -80.380322627767868, 25.757244085942038 ], [ -80.380313839022875, 25.757242739803221 ], [ -80.380296364178136, 25.757340039359004 ], [ -80.380320042005636, 25.757359046936397 ], [ -80.380318697786947, 25.757366531516123 ], [ -80.380336275302142, 25.757369223791084 ] ] ] } },
{ "type": "Feature", "properties": { "hotspot_id": "fiu_hs_036", "area_m2": 370.34255378985279, "depth_max_m": 0.48261451721191406, "depth_mean_m": 0.27914193484168992, "building_frac": 0.0, "lots": null, "roads": null }, "geometry": { "type": "Polygon", "coordinates": [ [ [ -80.384002586941435, 25.75289345244552 ], [ -80.384005274613287, 25.752878482978282 ], [ -80.384014062977869, 25.752879828820365 ], [ -80.384023469816981, 25.752827435678345 ], [ -80.384014681457515, 25.75282608983683 ], [ -80.384029463618603, 25.752743757738198 ], [ -80.384020675267408, 25.752742411896868 ], [ -80.38402470676327, 25.752719957684295 ], [ -80.384015918414519, 25.752718611842454 ], [ -80.38401994991051, 25.752696157628403 ], [ -80.384011161564217, 25.752694811786053 ], [ -80.384013849228523, 25.752679842309188 ], [ -80.383990171863417, 25.752660835300972 ], [ -80.383998234861167, 25.752615926864941 ], [ -80.384017155368511, 25.752611133811573 ], [ -80.384034006681517, 25.752567571208075 ], [ -80.384042795015418, 25.752568917049018 ], [ -80.384046826497638, 25.752546462823304 ], [ -80.384023149161379, 25.752527455814654 ], [ -80.384025836818509, 25.752512486329589 ], [ -80.38395418636793, 25.752509204309288 ], [ -80.383952842533418, 25.752516689051049 ], [ -80.383908900899698, 25.752509959799223 ], [ -80.38390755706132, 25.752517444540402 ], [ -80.383881192082129, 25.752513406979983 ], [ -80.383879848241349, 25.752520891720692 ], [ -80.383871059914753, 25.752519545865631 ], [ -80.383872403756286, 25.752512061125 ], [ -80.383827118285879, 25.752512816578939 ], [ -80.383805510094945, 25.752532579077968 ], [ -80.383893393375928, 25.752546037650063 ], [ -80.38389949402621, 25.752562352983283 ], [ -80.38390828235751, 25.752563698835754 ], [ -80.383901563158929, 25.752601122533228 ], [ -80.383910351494151, 25.752602468385355 ], [ -80.383915726850574, 25.752572529427422 ], [ -80.383943435685438, 25.752569082238026 ], [ -80.38393940417572, 25.752591536458077 ], [ -80.383948192510559, 25.752592882307002 ], [ -80.383934754137229, 25.752667729695425 ], [ -80.383943542479642, 25.752669075544429 ], [ -80.383934135609763, 25.752721468705325 ], [ -80.383942923957534, 25.752722814554151 ], [ -80.38393620476154, 25.752760238235091 ], [ -80.383944993113218, 25.752761584083579 ], [ -80.383940961595073, 25.752784038290056 ], [ -80.38394974994921, 25.752785384138019 ], [ -80.383944374591366, 25.752815323077623 ], [ -80.383953162948686, 25.752816668925181 ], [ -80.383950475269856, 25.752831638393957 ], [ -80.383941686911072, 25.752830292546246 ], [ -80.383936311547728, 25.752860231481169 ], [ -80.383961332794414, 25.752871753756523 ], [ -80.383959988954956, 25.752879238489818 ], [ -80.383977565683168, 25.752881930180955 ], [ -80.383976221844932, 25.752889414914247 ], [ -80.384002586941435, 25.75289345244552 ] ] ] } },
{ "type": "Feature", "properties": { "hotspot_id": "fiu_hs_037", "area_m2": 235.12620554871225, "depth_max_m": 0.47455239295959473, "depth_mean_m": 0.25487832748851835, "building_frac": 0.0, "lots": null, "roads": null }, "geometry": { "type": "Polygon", "coordinates": [ [ [ -80.372776787116067, 25.754157677849015 ], [ -80.372778131928797, 25.754150193292034 ], [ -80.372795708568461, 25.754152886882345 ], [ -80.372809876128557, 25.754124295445479 ], [ -80.372818664446157, 25.75412564223841 ], [ -80.372826733294687, 25.754080734885729 ], [ -80.372817944981463, 25.754079388093295 ], [ -80.372823324212149, 25.75404944985463 ], [ -80.372814535902108, 25.75404810306178 ], [ -80.372818570324895, 25.754025649380999 ], [ -80.372802338518596, 25.754015471232997 ], [ -80.372806372943018, 25.753993017550371 ], [ -80.372790141144165, 25.753982839399427 ], [ -80.372784042460339, 25.753966523480834 ], [ -80.372766465858348, 25.753963829886931 ], [ -80.372765121047493, 25.753971314448165 ], [ -80.372756332746164, 25.753969967650004 ], [ -80.372752298310019, 25.753992421332303 ], [ -80.372702977530537, 25.754015625567597 ], [ -80.372700287896166, 25.754030594685776 ], [ -80.372691499589905, 25.754029247882332 ], [ -80.372687465134447, 25.754051701557891 ], [ -80.372678676826268, 25.754050354753417 ], [ -80.372675987186668, 25.754065323869323 ], [ -80.372657065746637, 25.75407011481531 ], [ -80.372642898145486, 25.754098706236043 ], [ -80.372686839710539, 25.754105440264997 ], [ -80.372682805250392, 25.754127893934964 ], [ -80.372691593566387, 25.75412924073871 ], [ -80.372690248746608, 25.754136725295076 ], [ -80.372716613698429, 25.754140765702118 ], [ -80.372715268880611, 25.754148250258513 ], [ -80.372724057199136, 25.754149597059424 ], [ -80.372725402016243, 25.75414211250294 ], [ -80.372734190334327, 25.754143459303016 ], [ -80.372732845517959, 25.754150943859582 ], [ -80.372776787116067, 25.754157677849015 ] ] ] } },
{ "type": "Feature", "properties": { "hotspot_id": "fiu_hs_038", "area_m2": 65.354568316594623, "depth_max_m": 0.4743192195892334, "depth_mean_m": 0.27122315593149471, "building_frac": 0.0, "lots": null, "roads": null }, "geometry": { "type": "Polygon", "coordinates": [ [ [ -80.38023267270799, 25.757191855462914 ], [ -80.380234016931354, 25.757184370880204 ], [ -80.380242805669269, 25.757185717026069 ], [ -80.380250871000271, 25.75714080952519 ], [ -80.380242082266719, 25.757139463379819 ], [ -80.38024611493131, 25.757117009627006 ], [ -80.380221092962074, 25.757105486602676 ], [ -80.380222437185097, 25.757098002018076 ], [ -80.380196070999418, 25.757093963571855 ], [ -80.380194726774221, 25.757101448156206 ], [ -80.380177149316978, 25.757098755854781 ], [ -80.380175805090076, 25.75710624043878 ], [ -80.380158227632464, 25.757103548134165 ], [ -80.380154194946002, 25.757126001884494 ], [ -80.380170428180179, 25.757136178772811 ], [ -80.380167739723859, 25.757151147938675 ], [ -80.38017652845744, 25.757152494090334 ], [ -80.380175184229657, 25.757159978673069 ], [ -80.380192761699092, 25.757162670974314 ], [ -80.380191417472545, 25.757170155557002 ], [ -80.38020899494451, 25.757172847855376 ], [ -80.380207650719186, 25.75718033243805 ], [ -80.38023267270799, 25.757191855462914 ] ] ] } },
{ "type": "Feature", "properties": { "hotspot_id": "fiu_hs_039", "area_m2": 483.02284398714687, "depth_max_m": 0.47295701503753662, "depth_mean_m": 0.20040558952936674, "building_frac": 0.0, "lots": null, "roads": null }, "geometry": { "type": "Polygon", "coordinates": [ [ [ -80.372087330406018, 25.753421382582822 ], [ -80.372088675266255, 25.753413898017456 ], [ -80.372151537774585, 25.753415841438269 ], [ -80.372152882629251, 25.753408356871905 ], [ -80.372231976761384, 25.75342047851348 ], [ -80.372233321609286, 25.753412993946199 ], [ -80.372215745135037, 25.753410300253538 ], [ -80.372209646597781, 25.753393984271401 ], [ -80.372192070128079, 25.753391290574527 ], [ -80.372193414978923, 25.753383806007072 ], [ -80.372202203212908, 25.753385152855806 ], [ -80.372207582611082, 25.753355214583713 ], [ -80.372173774540286, 25.753342342617383 ], [ -80.372172429688405, 25.753349827185581 ], [ -80.3721636414584, 25.753348480334147 ], [ -80.372150099560756, 25.753323332924669 ], [ -80.372069660667307, 25.75331869578401 ], [ -80.372056118801169, 25.753293548359796 ], [ -80.372038542356293, 25.753290854635843 ], [ -80.372041232080875, 25.753275885499992 ], [ -80.372013522555591, 25.753279329476669 ], [ -80.372007424065032, 25.753263013475806 ], [ -80.371981059409521, 25.753258972875884 ], [ -80.371982404276338, 25.753251488308056 ], [ -80.37194590653931, 25.753253585398717 ], [ -80.37194725140904, 25.75324610083123 ], [ -80.371920886761387, 25.753242060215669 ], [ -80.371922231633079, 25.753234575648246 ], [ -80.371894522116165, 25.753238019593297 ], [ -80.37189586699003, 25.75323053502613 ], [ -80.371843137711252, 25.753222453761481 ], [ -80.37183703925632, 25.753206137747579 ], [ -80.371810674625749, 25.753202097103294 ], [ -80.371804576178263, 25.753185781086422 ], [ -80.371795787970342, 25.753184434202883 ], [ -80.371794443088646, 25.753191918769865 ], [ -80.371688984605868, 25.753175756107407 ], [ -80.371686294824286, 25.75319072523876 ], [ -80.371668718411357, 25.753188031450765 ], [ -80.371671408195837, 25.75317306231975 ], [ -80.371634910483991, 25.753175159300621 ], [ -80.371633565588724, 25.75318264386571 ], [ -80.371598412770396, 25.753177256268543 ], [ -80.371604511178958, 25.753193572298066 ], [ -80.371613299384862, 25.753194919197913 ], [ -80.371614644282062, 25.753187434633372 ], [ -80.371632220693215, 25.753190128430603 ], [ -80.371630875797479, 25.753197612995297 ], [ -80.371692393250129, 25.753207041262382 ], [ -80.371691048359267, 25.753214525827477 ], [ -80.371699836568595, 25.753215872719839 ], [ -80.371697146787639, 25.753230841849572 ], [ -80.371713378320663, 25.753241020197098 ], [ -80.371712033431066, 25.75324850476165 ], [ -80.371782339143039, 25.753259279863833 ], [ -80.371783684026795, 25.753251795298617 ], [ -80.371792472241282, 25.753253142182903 ], [ -80.371795162006663, 25.753238173051709 ], [ -80.371821526647352, 25.753242213699526 ], [ -80.371818836886348, 25.753257182831231 ], [ -80.371810048671051, 25.753255835949197 ], [ -80.371803324260895, 25.753293258774598 ], [ -80.371831033798813, 25.753289814854693 ], [ -80.371832378678874, 25.753282330289558 ], [ -80.371849955115735, 25.753285024048786 ], [ -80.37185129999412, 25.753277539483296 ], [ -80.371868876430597, 25.753280233239341 ], [ -80.37187022130729, 25.753272748673488 ], [ -80.371887797743369, 25.753275442426332 ], [ -80.371889142618386, 25.753267957860118 ], [ -80.371949315278172, 25.753284870537506 ], [ -80.371945280667049, 25.753307324236729 ], [ -80.371954068889579, 25.753308671106975 ], [ -80.371951379149138, 25.753323640238992 ], [ -80.371942590925158, 25.753322293368576 ], [ -80.371937211438606, 25.75335223162994 ], [ -80.371928423211983, 25.753350884758433 ], [ -80.371925733465872, 25.753365853887793 ], [ -80.371968329739246, 25.753380072803346 ], [ -80.371971019478508, 25.753365103673552 ], [ -80.371962231250095, 25.753363756805005 ], [ -80.371963576120109, 25.753356272239905 ], [ -80.371981152575785, 25.753358965976101 ], [ -80.371984561331303, 25.753390251103308 ], [ -80.372019714258641, 25.753395638564928 ], [ -80.372017024526727, 25.753410607694544 ], [ -80.372087330406018, 25.753421382582822 ] ] ] } },
{ "type": "Feature", "properties": { "hotspot_id": "fiu_hs_040", "area_m2": 63.852164446673157, "depth_max_m": 0.471061110496521, "depth_mean_m": 0.23605645123650046, "building_frac": 0.0, "lots": null, "roads": null }, "geometry": { "type": "Polygon", "coordinates": [ [ [ -80.381573338884508, 25.760035005809648 ], [ -80.381584816231921, 25.760021382762535 ], [ -80.381602394317724, 25.760024074798668 ], [ -80.381603738467646, 25.760016590264954 ], [ -80.381653060266046, 25.759993382203284 ], [ -80.381667225883319, 25.759964790074179 ], [ -80.381676014921666, 25.759966136085836 ], [ -80.381672602455893, 25.759934851929192 ], [ -80.3816361021711, 25.759936952412538 ], [ -80.381614491658809, 25.759956713988341 ], [ -80.381595569436598, 25.759961506488782 ], [ -80.381591536986562, 25.759983960092896 ], [ -80.381572614757204, 25.759988752588693 ], [ -80.381569926452656, 25.760003721656407 ], [ -80.381561137412163, 25.760002375635846 ], [ -80.38155710495144, 25.760024829235711 ], [ -80.381548315909043, 25.760023483214141 ], [ -80.381546971754275, 25.760030967746964 ], [ -80.381573338884508, 25.760035005809648 ] ] ] } },
{ "type": "Feature", "properties": { "hotspot_id": "fiu_hs_041", "area_m2": 295.22236032079991, "depth_max_m": 0.46728157997131348, "depth_mean_m": 0.21982603582717081, "building_frac": 0.0, "lots": null, "roads": null }, "geometry": { "type": "Polygon", "coordinates": [ [ [ -80.37610440147715, 25.754183064682898 ], [ -80.376105746006488, 25.754175580083029 ], [ -80.376114534379795, 25.754176926594273 ], [ -80.376117223436324, 25.754161957393769 ], [ -80.376099646692907, 25.75415926437088 ], [ -80.376102335751426, 25.754144295169937 ], [ -80.37612870086258, 25.754148334702631 ], [ -80.376130045389317, 25.754140850101635 ], [ -80.376138833759512, 25.754142196610939 ], [ -80.376137489233514, 25.754149681212031 ], [ -80.376146277604704, 25.754151027720653 ], [ -80.376151655704433, 25.7541210893148 ], [ -80.376170576964697, 25.754116297726998 ], [ -80.376184743419458, 25.754087705822208 ], [ -80.376193531785177, 25.75408905232705 ], [ -80.376196220825534, 25.754074083120368 ], [ -80.376223930437575, 25.754070638025993 ], [ -80.376231997538653, 25.754025730398546 ], [ -80.376267150981221, 25.754031116398355 ], [ -80.376268495494358, 25.754023631792766 ], [ -80.376277283854918, 25.754024978290744 ], [ -80.376279972879033, 25.754010009078808 ], [ -80.376263740674233, 25.753999831476342 ], [ -80.376267774212366, 25.753977377656916 ], [ -80.376250197501292, 25.753974684658175 ], [ -80.376251542015012, 25.753967200051463 ], [ -80.376162313962126, 25.753961219619079 ], [ -80.376163658483122, 25.753953735013202 ], [ -80.376146081779979, 25.753951041996473 ], [ -80.376147426302211, 25.753943557390588 ], [ -80.376128505077915, 25.753948348976717 ], [ -80.376129849601597, 25.753940864371003 ], [ -80.376121061251695, 25.753939517860058 ], [ -80.376123750299854, 25.753924548648165 ], [ -80.376106173603773, 25.753921855624373 ], [ -80.376102140026845, 25.753944309441415 ], [ -80.376093351677014, 25.753942962928125 ], [ -80.376092007150191, 25.753950447533338 ], [ -80.376100795500733, 25.753951794046706 ], [ -80.376095417394026, 25.753981732465917 ], [ -80.376112994101774, 25.753984425491034 ], [ -80.376108960523709, 25.754006879303912 ], [ -80.376091383811612, 25.754004186278294 ], [ -80.37608735022711, 25.754026640088906 ], [ -80.376096138585211, 25.754027986602349 ], [ -80.376093449529193, 25.754042955808625 ], [ -80.376084661169628, 25.754041609295015 ], [ -80.376081972111237, 25.754056578500347 ], [ -80.376073183750478, 25.754055231985827 ], [ -80.376067805628026, 25.7540851703938 ], [ -80.376076593991684, 25.754086516908657 ], [ -80.376069871337094, 25.754123939914685 ], [ -80.376078659704675, 25.754125286429211 ], [ -80.376074626111361, 25.754147740230753 ], [ -80.376090858321589, 25.754157917858301 ], [ -80.376088169260683, 25.754172887058296 ], [ -80.37610440147715, 25.754183064682898 ] ] ] } },
{ "type": "Feature", "properties": { "hotspot_id": "fiu_hs_042", "area_m2": 4030.9495814032121, "depth_max_m": 0.46275043487548828, "depth_mean_m": 0.29705658129600726, "building_frac": 0.018322460986559333, "lots": null, "roads": null }, "geometry": { "type": "Polygon", "coordinates": [ [ [ -80.383002392218629, 25.758162065774766 ], [ -80.383025345976321, 25.75813481919883 ], [ -80.383060501481637, 25.758140202808065 ], [ -80.3830564694901, 25.75816265659865 ], [ -80.383082836128466, 25.758166694298374 ], [ -80.383084180123689, 25.758159209701446 ], [ -80.383092969002959, 25.758160555599765 ], [ -80.383091625008461, 25.758168040196768 ], [ -80.383109202769262, 25.758170731991289 ], [ -80.383120679634445, 25.758157108692732 ], [ -80.383138257393938, 25.758159800482375 ], [ -80.383139601384329, 25.758152315884569 ], [ -80.383130812505172, 25.758150969990194 ], [ -80.383133500486721, 25.758136000794202 ], [ -80.383124711609284, 25.758134654899234 ], [ -80.383131431562802, 25.758097231906227 ], [ -80.383122642689287, 25.758095886010913 ], [ -80.383133394608805, 25.758036009212613 ], [ -80.383150972344438, 25.758038701001123 ], [ -80.383152316331902, 25.758031216400308 ], [ -80.383161105199378, 25.758032562293344 ], [ -80.38316379317213, 25.758017593090933 ], [ -80.383192847739323, 25.758006661561339 ], [ -80.383196879688796, 25.757984207754355 ], [ -80.383205668552264, 25.757985553643778 ], [ -80.383208356515979, 25.757970584437995 ], [ -80.383217145378268, 25.757971930326509 ], [ -80.383221177319939, 25.757949476516121 ], [ -80.383229966180295, 25.757950822403611 ], [ -80.383232654138794, 25.757935853195555 ], [ -80.383241442997971, 25.757937199082132 ], [ -80.383245474931826, 25.757914745268341 ], [ -80.383254263789084, 25.75791609115392 ], [ -80.383268428549371, 25.757887498616945 ], [ -80.383277217404256, 25.757888844500663 ], [ -80.383291382152677, 25.757860251958085 ], [ -80.383340702292898, 25.757837042929619 ], [ -80.38334339022903, 25.757822073713289 ], [ -80.38336231189453, 25.757817280859143 ], [ -80.383364999826384, 25.757802311641296 ], [ -80.383401499181971, 25.757800210530593 ], [ -80.383415044994294, 25.75782535610384 ], [ -80.383441411547821, 25.757829393716001 ], [ -80.383427865727313, 25.75780424814652 ], [ -80.383410288030149, 25.757801556403344 ], [ -80.383411631991848, 25.757794071793516 ], [ -80.383464365082219, 25.757802147013564 ], [ -80.383463021124882, 25.757809631623857 ], [ -80.383489387675894, 25.757813669223911 ], [ -80.383495488617257, 25.757829984309808 ], [ -80.383511722369079, 25.757840160648442 ], [ -80.383499626775972, 25.757907522131749 ], [ -80.383490837915801, 25.757906176267085 ], [ -80.383482774172379, 25.75795108391338 ], [ -80.383473985308115, 25.757949738047468 ], [ -80.383471297390344, 25.757964707261195 ], [ -80.3834625085249, 25.757963361394367 ], [ -80.383458476644336, 25.75798581521321 ], [ -80.38344968777696, 25.75798446934537 ], [ -80.383446999853987, 25.757999438556816 ], [ -80.383438210985418, 25.757998092688052 ], [ -80.383435523060072, 25.758013061898559 ], [ -80.383426734190323, 25.758011716028872 ], [ -80.383412569461569, 25.758040308576405 ], [ -80.383393647750736, 25.758045101436444 ], [ -80.383379483005811, 25.758073693976417 ], [ -80.383360561285954, 25.758078486829888 ], [ -80.383357873344906, 25.758093456034544 ], [ -80.383338951619621, 25.758098248883716 ], [ -80.383324786848306, 25.758126841411382 ], [ -80.383305865114025, 25.758131634253964 ], [ -80.383303177162006, 25.75814660345468 ], [ -80.383294388280902, 25.758145257574263 ], [ -80.383291700326509, 25.758160226774049 ], [ -80.38328291144424, 25.758158880892697 ], [ -80.383280223487475, 25.758173850091534 ], [ -80.383289012371222, 25.758175195973031 ], [ -80.383287668393223, 25.758182680572254 ], [ -80.38329645727795, 25.75818402645309 ], [ -80.383299145232257, 25.758169057254317 ], [ -80.383318066974979, 25.758164264413526 ], [ -80.383322098899654, 25.758141810612809 ], [ -80.383339676662274, 25.758144502368175 ], [ -80.383353841431614, 25.758115909840082 ], [ -80.383372763159869, 25.758111116988438 ], [ -80.383375451098928, 25.758096147784219 ], [ -80.383404505665752, 25.758085216197568 ], [ -80.3834071935986, 25.758070246991288 ], [ -80.38341598247392, 25.75807159286239 ], [ -80.383420014369293, 25.758049139051288 ], [ -80.383449068915013, 25.758038207450404 ], [ -80.383453100800381, 25.75801575363564 ], [ -80.38346188967094, 25.758017099503046 ], [ -80.383464577591909, 25.758002130292066 ], [ -80.383473366461274, 25.758003476158553 ], [ -80.383476054379884, 25.757988506946617 ], [ -80.383515241721668, 25.757971436584018 ], [ -80.383519273587041, 25.757948982761913 ], [ -80.38353819527029, 25.757944189877307 ], [ -80.38354222712853, 25.757921736052385 ], [ -80.383551015991031, 25.75792308191258 ], [ -80.383553703893938, 25.757908112694821 ], [ -80.383572625566501, 25.75790331980329 ], [ -80.383576657414054, 25.757880865974112 ], [ -80.383585446273003, 25.75788221183155 ], [ -80.383599610919916, 25.757853619245925 ], [ -80.383608399776492, 25.757854965101533 ], [ -80.383611087667504, 25.757839995879046 ], [ -80.383619876522886, 25.757841341733712 ], [ -80.383622564411539, 25.757826372510284 ], [ -80.383631353265727, 25.757827718364034 ], [ -80.383649549713027, 25.757776671927768 ], [ -80.38366847135201, 25.757771879016623 ], [ -80.383685323829013, 25.757728317179936 ], [ -80.383694112674348, 25.757729663028737 ], [ -80.383699488418557, 25.757699724566688 ], [ -80.383708277261249, 25.757701070414395 ], [ -80.383712309064805, 25.757678616565556 ], [ -80.383721097905578, 25.757679962412283 ], [ -80.38372378577202, 25.757664993178594 ], [ -80.383732574611585, 25.757666339024382 ], [ -80.383750770966557, 25.757615292544216 ], [ -80.383759559801589, 25.757616638387908 ], [ -80.383762247659519, 25.757601669150223 ], [ -80.383771036493343, 25.757603014992995 ], [ -80.383776412203559, 25.757573076514952 ], [ -80.383785201034755, 25.757574422356619 ], [ -80.383789232812802, 25.757551968495818 ], [ -80.383798021642079, 25.757553314336505 ], [ -80.383803397340046, 25.757523375852333 ], [ -80.383812186166651, 25.757524721691926 ], [ -80.383814874012799, 25.757509752448545 ], [ -80.383823662838239, 25.757511098287214 ], [ -80.383835758127987, 25.757443736681534 ], [ -80.383844546947131, 25.757445082518679 ], [ -80.383849922622602, 25.757415144021881 ], [ -80.383858711439089, 25.757416489857953 ], [ -80.383861399273997, 25.757401520608227 ], [ -80.383870188089304, 25.757402866443368 ], [ -80.38387959549911, 25.757350474062605 ], [ -80.3838883843096, 25.757351819896439 ], [ -80.38389241605104, 25.757329366015796 ], [ -80.383901204859583, 25.757330711848606 ], [ -80.383907924420427, 25.757293288709917 ], [ -80.383866668228592, 25.757271590284354 ], [ -80.383869356057687, 25.757256621027601 ], [ -80.383860567257031, 25.757255275191746 ], [ -80.383864599001171, 25.757232821305344 ], [ -80.383855810202974, 25.757231475469002 ], [ -80.38384970923623, 25.757215160373669 ], [ -80.383821998930799, 25.757218607487264 ], [ -80.383817967176427, 25.75724106137298 ], [ -80.383809178378129, 25.75723971553268 ], [ -80.383806490539271, 25.757254684788695 ], [ -80.383797701739795, 25.757253338947475 ], [ -80.383793669977607, 25.757275792829791 ], [ -80.383784881176197, 25.757274446987562 ], [ -80.383782193332152, 25.757289416241292 ], [ -80.383773404529549, 25.757288070398154 ], [ -80.383759240030528, 25.75731666305872 ], [ -80.383713952079972, 25.757317418451411 ], [ -80.383712608151356, 25.757324903076441 ], [ -80.383668664128635, 25.757318173824164 ], [ -80.383667320196139, 25.757325658448586 ], [ -80.383585533086887, 25.757328514992857 ], [ -80.383584189147143, 25.757335999615933 ], [ -80.383496301117034, 25.757322540983296 ], [ -80.383474691667416, 25.757342303112789 ], [ -80.383448325258698, 25.75733826550297 ], [ -80.383449669210052, 25.757330780881698 ], [ -80.383433435559638, 25.75732060451692 ], [ -80.383434779512001, 25.757313119895421 ], [ -80.383443568311918, 25.757314465767383 ], [ -80.383447600165439, 25.757292011901548 ], [ -80.383438811367725, 25.757290666029828 ], [ -80.383444187172131, 25.757260727539617 ], [ -80.383452975966946, 25.75726207341101 ], [ -80.383457007815664, 25.757239619541078 ], [ -80.383448219023037, 25.757238273669934 ], [ -80.383450906922505, 25.75722330442251 ], [ -80.38346982845303, 25.757218511539513 ], [ -80.383463727558933, 25.757202196420621 ], [ -80.383427228453542, 25.757204297557358 ], [ -80.383429916355539, 25.757189328308879 ], [ -80.383421127568369, 25.757187982435212 ], [ -80.383399518134937, 25.757207744557313 ], [ -80.383364362982363, 25.757202361048073 ], [ -80.383352886279852, 25.757215984414852 ], [ -80.383300153551957, 25.757207909122755 ], [ -80.383294052690147, 25.757191593993266 ], [ -80.383267686335031, 25.757187556335222 ], [ -80.383269030299488, 25.757180071712749 ], [ -80.383260241515714, 25.757178725825309 ], [ -80.383258897550519, 25.757186210447696 ], [ -80.38323253119863, 25.757182172780588 ], [ -80.383228499295114, 25.757204626645795 ], [ -80.383193344154279, 25.757199243078077 ], [ -80.383194688125272, 25.757191758456859 ], [ -80.383177110557924, 25.757189066668644 ], [ -80.383171734666789, 25.75721900515164 ], [ -80.383152813119878, 25.757223797979822 ], [ -80.383150125169564, 25.757238767219448 ], [ -80.38314133638174, 25.757237421322106 ], [ -80.383134616498282, 25.757274844417346 ], [ -80.383143405289758, 25.757276190315103 ], [ -80.383140717336246, 25.757291159552004 ], [ -80.383149506129442, 25.757292505449158 ], [ -80.383145474199608, 25.757314959303319 ], [ -80.3831630517912, 25.757317651095878 ], [ -80.383160363839764, 25.757332620331329 ], [ -80.383169152637407, 25.757333966226646 ], [ -80.383159744805241, 25.757386358545187 ], [ -80.383175978436086, 25.757396534951056 ], [ -80.383177322411555, 25.757389050334719 ], [ -80.383213821599782, 25.757386949287845 ], [ -80.383216509543772, 25.757371980053559 ], [ -80.383207720741581, 25.757370634162456 ], [ -80.383211752658056, 25.757348180309815 ], [ -80.383265829429405, 25.757348771025228 ], [ -80.383259109590526, 25.757386194115423 ], [ -80.383267898395047, 25.757387540002071 ], [ -80.383265210459356, 25.757402509236972 ], [ -80.383256421653371, 25.757401163350146 ], [ -80.383255077684439, 25.757408647967232 ], [ -80.383211133654882, 25.757401918521353 ], [ -80.383208445709059, 25.757416887754083 ], [ -80.383199656902491, 25.757415541862482 ], [ -80.383195624979848, 25.757437995709868 ], [ -80.383213202597616, 25.757440687492828 ], [ -80.383215890543354, 25.757425718261093 ], [ -80.383257146646756, 25.75744741693698 ], [ -80.383251770767103, 25.757477355399754 ], [ -80.383242981953828, 25.757476009512104 ], [ -80.383240294011159, 25.757490978742155 ], [ -80.383221372409352, 25.757495771578846 ], [ -80.383215996514522, 25.757525710035171 ], [ -80.383198418879644, 25.757523018253409 ], [ -80.383197074903919, 25.757530502866867 ], [ -80.383232230177668, 25.757535886427686 ], [ -80.383229542231334, 25.757550855654642 ], [ -80.383238331051913, 25.75755220154311 ], [ -80.38323698707913, 25.75755968615638 ], [ -80.383228198257825, 25.757558340267813 ], [ -80.383226854284089, 25.757565824880814 ], [ -80.383243087955904, 25.757576001270305 ], [ -80.383240400010209, 25.757590970495642 ], [ -80.383231611185721, 25.757589624607501 ], [ -80.383224891313802, 25.757627047667025 ], [ -80.383216102485932, 25.757625701777734 ], [ -80.383212070557846, 25.757648155610855 ], [ -80.383193148920626, 25.757652948439961 ], [ -80.38317629621379, 25.757696510206408 ], [ -80.383167507379724, 25.757695164313244 ], [ -80.383164819417459, 25.757710133530985 ], [ -80.383156030582199, 25.757708787636886 ], [ -80.383151998634943, 25.757731241461777 ], [ -80.383143209797751, 25.757729895566687 ], [ -80.383140521830313, 25.757744864782143 ], [ -80.383131732991941, 25.757743518886123 ], [ -80.383127701036855, 25.757765972707606 ], [ -80.383118912196565, 25.757764626810591 ], [ -80.383116224223912, 25.75777959602377 ], [ -80.383107435382442, 25.757778250125831 ], [ -80.38310340341954, 25.757800703943897 ], [ -80.383094614576152, 25.757799358044934 ], [ -80.383091926598269, 25.757814327255868 ], [ -80.383083137753701, 25.757812981355986 ], [ -80.383080449773445, 25.757827950565925 ], [ -80.383071660927698, 25.757826604665148 ], [ -80.383057496113111, 25.757855197180529 ], [ -80.38304870726499, 25.757853851277879 ], [ -80.383044675283571, 25.757876305088285 ], [ -80.383035886433518, 25.757874959184651 ], [ -80.383049432152632, 25.757900104800093 ], [ -80.383075798711786, 25.757904142504973 ], [ -80.383073110727494, 25.757919111710429 ], [ -80.383048088158418, 25.757907589402659 ], [ -80.383045400169294, 25.757922558607245 ], [ -80.383036611314594, 25.757921212703856 ], [ -80.383032579327008, 25.757943666509007 ], [ -80.383041368183882, 25.757945012412659 ], [ -80.383025240221642, 25.7580348276168 ], [ -80.38303402908754, 25.758036173520658 ], [ -80.383021933100778, 25.758103534906162 ], [ -80.3830131442283, 25.758102189001551 ], [ -80.383009112226389, 25.758124642792943 ], [ -80.383000323352007, 25.758123296887337 ], [ -80.382993603340609, 25.758160719868709 ], [ -80.383002392218629, 25.758162065774766 ] ], [ [ -80.38360963730193, 25.757747488818257 ], [ -80.383567037023042, 25.757733274917708 ], [ -80.383569724917393, 25.757718305690563 ], [ -80.383560936075099, 25.757716959831075 ], [ -80.383563623970005, 25.757701990603323 ], [ -80.383554835129431, 25.757700644743267 ], [ -80.383568999757031, 25.757672052145466 ], [ -80.383596710215585, 25.757668605104957 ], [ -80.383598054159336, 25.757661120489534 ], [ -80.383633209510023, 25.75766650391115 ], [ -80.383631865569171, 25.757673988526896 ], [ -80.383649443247592, 25.757676680233345 ], [ -80.383646755368105, 25.757691649464537 ], [ -80.383655544209162, 25.757692995316784 ], [ -80.383648824510104, 25.757730418391777 ], [ -80.383629902878994, 25.757735211299934 ], [ -80.383628558936792, 25.757742695914001 ], [ -80.383610981245809, 25.757740004204557 ], [ -80.38360963730193, 25.757747488818257 ] ], [ [ -80.383545321141412, 25.757653045334422 ], [ -80.383520298586191, 25.757641523131806 ], [ -80.383521642536053, 25.75763403851678 ], [ -80.383505408821208, 25.757623862173077 ], [ -80.383509440673137, 25.757601408326746 ], [ -80.383518229503053, 25.757602754191097 ], [ -80.383520917401739, 25.757587784959057 ], [ -80.383529706230476, 25.757589130822506 ], [ -80.383541182954332, 25.757575507452035 ], [ -80.383585127096111, 25.757582236753276 ], [ -80.383583783152446, 25.757589721370362 ], [ -80.383592571982348, 25.757591067228432 ], [ -80.383585852264233, 25.757628490311351 ], [ -80.383577063430707, 25.757627144452879 ], [ -80.383574375540391, 25.757642113684533 ], [ -80.383565586705657, 25.757640767825134 ], [ -80.383564242759434, 25.757648252440578 ], [ -80.383546665089327, 25.757645560719329 ], [ -80.383545321141412, 25.757653045334422 ] ], [ [ -80.383742600811416, 25.757560208520999 ], [ -80.383689867840829, 25.757552133437372 ], [ -80.383691211774874, 25.757544648818016 ], [ -80.383664845295399, 25.757540611266244 ], [ -80.383666189231391, 25.75753312664693 ], [ -80.383648611581222, 25.757530434942137 ], [ -80.38364995551845, 25.757522950322823 ], [ -80.383599910461271, 25.757499905952518 ], [ -80.383601254402194, 25.757492421333076 ], [ -80.383570130953316, 25.757464584039159 ], [ -80.383571474896243, 25.757457099419298 ], [ -80.383580263712659, 25.757458445278974 ], [ -80.383591015241862, 25.757398568312404 ], [ -80.383599804052736, 25.757399914170666 ], [ -80.383603835870218, 25.757377460304745 ], [ -80.383612624679159, 25.757378806161991 ], [ -80.383613968617126, 25.757371321539555 ], [ -80.383649123852692, 25.757376704960663 ], [ -80.383650467787533, 25.757369220337686 ], [ -80.38368562302449, 25.757374603746367 ], [ -80.383684279092577, 25.75738208836966 ], [ -80.383798533651969, 25.75739958436538 ], [ -80.383797189729293, 25.757407068989554 ], [ -80.383805978544174, 25.757408414830163 ], [ -80.383797915007733, 25.757453322571713 ], [ -80.383789126188489, 25.757451976730611 ], [ -80.383787782264221, 25.757459461353442 ], [ -80.383796571084204, 25.757460807194622 ], [ -80.383795227160419, 25.757468291817336 ], [ -80.383786438339712, 25.757466945976073 ], [ -80.383779718713782, 25.757504369086316 ], [ -80.383770929889693, 25.757503023243885 ], [ -80.383765554181892, 25.757532961728238 ], [ -80.383756765355173, 25.757531615884705 ], [ -80.383752733569736, 25.757554069745684 ], [ -80.383743944741084, 25.757552723901139 ], [ -80.383742600811416, 25.757560208520999 ] ], [ [ -80.383367988233161, 25.757433629055932 ], [ -80.383359199422486, 25.757432283178016 ], [ -80.383360543382892, 25.757424798560155 ], [ -80.383369332192842, 25.757426144437982 ], [ -80.383367988233161, 25.757433629055932 ] ], [ [ -80.383300984634587, 25.757354154565661 ], [ -80.38329219583288, 25.757352808681677 ], [ -80.383293539797791, 25.757345324062793 ], [ -80.383302328598774, 25.757346669946685 ], [ -80.383300984634587, 25.757354154565661 ] ], [ [ -80.383388147604251, 25.757321359766202 ], [ -80.383354336366011, 25.757308491634451 ], [ -80.383358368242099, 25.757286037771678 ], [ -80.383367157038123, 25.757287383650283 ], [ -80.383378633747753, 25.757273760284971 ], [ -80.383405000133877, 25.757277797913471 ], [ -80.383403656179524, 25.757285282535396 ], [ -80.383428678617861, 25.75729680477933 ], [ -80.383424646759266, 25.757319258644117 ], [ -80.383389491560479, 25.757313875145332 ], [ -80.383388147604251, 25.757321359766202 ] ], [ [ -80.383348235487148, 25.757292176513374 ], [ -80.383330657894987, 25.75728948475221 ], [ -80.383333345816055, 25.757274515510264 ], [ -80.383350923405317, 25.757277207271095 ], [ -80.383348235487148, 25.757292176513374 ] ] ] } },
{ "type": "Feature", "properties": { "hotspot_id": "fiu_hs_043", "area_m2": 2319.7115742391811, "depth_max_m": 0.45278620719909668, "depth_mean_m": 0.27251125987947294, "building_frac": 0.0002769874228810169, "lots": null, "roads": null }, "geometry": { "type": "Polygon", "coordinates": [ [ [ -80.372029781539425, 25.759118992570588 ], [ -80.372031126491891, 25.75911150814057 ], [ -80.372057492907885, 25.759115548653007 ], [ -80.372058837857935, 25.759108064222552 ], [ -80.372137937113948, 25.759120185718327 ], [ -80.372139282057205, 25.759112701286924 ], [ -80.372156859671165, 25.759115394944168 ], [ -80.372158204612731, 25.759107910512405 ], [ -80.3721845710335, 25.759111950992349 ], [ -80.372187260911574, 25.759096982127737 ], [ -80.372196049717573, 25.759098328952703 ], [ -80.372189950788709, 25.759082013262361 ], [ -80.372198739593259, 25.759083360087175 ], [ -80.372210218271391, 25.75906973804473 ], [ -80.372227795878914, 25.759072431690221 ], [ -80.37223927455112, 25.75905880964407 ], [ -80.372265640960876, 25.759062850103849 ], [ -80.372266985892352, 25.75905536566944 ], [ -80.372285908428537, 25.75905057487056 ], [ -80.372300076945379, 25.759021983945896 ], [ -80.372282499345744, 25.75901929031232 ], [ -80.372283844275117, 25.759011805876668 ], [ -80.372275055476436, 25.759010459058825 ], [ -80.37227774533595, 25.758995490187061 ], [ -80.372268956539003, 25.758994143368639 ], [ -80.372271646399042, 25.758979174496275 ], [ -80.372247969877677, 25.758960165164297 ], [ -80.37223442708995, 25.758935018211364 ], [ -80.372208060720041, 25.758930977741937 ], [ -80.372209405654402, 25.758923493305154 ], [ -80.372190483141438, 25.75892828409188 ], [ -80.372196582059715, 25.758944599790109 ], [ -80.372187793269106, 25.758943252964528 ], [ -80.37218375845886, 25.758965706272061 ], [ -80.372174969666332, 25.758964359445468 ], [ -80.37217362472839, 25.75897184388084 ], [ -80.372148603290341, 25.758960318961176 ], [ -80.372147258350211, 25.758967803396313 ], [ -80.372129680766108, 25.758965109736188 ], [ -80.372132370649041, 25.758950140866087 ], [ -80.372123581858858, 25.758948794035057 ], [ -80.37212223691678, 25.758956278470109 ], [ -80.372104659335747, 25.758953584805596 ], [ -80.372101969447996, 25.758968553674823 ], [ -80.372058025492862, 25.758961819499479 ], [ -80.372059370440496, 25.758954335065397 ], [ -80.372043137810664, 25.758944156956016 ], [ -80.372045827707709, 25.758929188087183 ], [ -80.372026905184583, 25.758933978843736 ], [ -80.372025560234491, 25.758941463277882 ], [ -80.371990405085384, 25.758936075912573 ], [ -80.371984306206045, 25.758919760201689 ], [ -80.371959284807701, 25.758908235234113 ], [ -80.37196331967273, 25.758885781931323 ], [ -80.37199103097015, 25.7588823380291 ], [ -80.371993720874201, 25.758867369158725 ], [ -80.371984932094421, 25.758866022315512 ], [ -80.371986277046844, 25.758858537880091 ], [ -80.371959910711325, 25.758854497346118 ], [ -80.371957220801903, 25.758869466216236 ], [ -80.371938298286835, 25.758874256957398 ], [ -80.371936953330092, 25.758881741391804 ], [ -80.371910586989884, 25.758877700845499 ], [ -80.371911931948816, 25.758870216411335 ], [ -80.37189569935164, 25.758860038276005 ], [ -80.371898389271252, 25.758845069407048 ], [ -80.37188960049518, 25.758843722555579 ], [ -80.371893635375059, 25.758821269250948 ], [ -80.371861170206813, 25.758800912968464 ], [ -80.371862515168786, 25.758793428533146 ], [ -80.371853726398442, 25.758792081678376 ], [ -80.371857761285128, 25.758769628371482 ], [ -80.371848972517228, 25.758768281516247 ], [ -80.371853007404056, 25.758745828207871 ], [ -80.371888162468508, 25.758751215623349 ], [ -80.371886817509377, 25.75875870006001 ], [ -80.371895606276894, 25.758760046912066 ], [ -80.371898296193464, 25.758745078038384 ], [ -80.371882063621015, 25.758734899896876 ], [ -80.371884753539121, 25.758719931022387 ], [ -80.371867176012728, 25.758717237315299 ], [ -80.371863141130845, 25.758739690626264 ], [ -80.371854352365858, 25.758738343771341 ], [ -80.371855697327447, 25.75873085933463 ], [ -80.371832020963168, 25.758711849892077 ], [ -80.37184143569992, 25.758659458828664 ], [ -80.371859013213964, 25.758662152540641 ], [ -80.37186511205212, 25.758678468272208 ], [ -80.371873900811266, 25.758679815126456 ], [ -80.371875245770283, 25.758672330688096 ], [ -80.371938112040482, 25.758674274207053 ], [ -80.371940801947176, 25.758659305328198 ], [ -80.371932013189038, 25.758657958479574 ], [ -80.371933358142769, 25.75865047403995 ], [ -80.371942146900153, 25.758651820888506 ], [ -80.371943491852932, 25.75864433644859 ], [ -80.371969858124558, 25.758648376989449 ], [ -80.371972548025028, 25.758633408108565 ], [ -80.371963759269008, 25.758632061262524 ], [ -80.37196510421964, 25.75862457682188 ], [ -80.371938737955389, 25.758620536279508 ], [ -80.371937393002582, 25.7586280207199 ], [ -80.371902237984457, 25.758622633319145 ], [ -80.37190089302851, 25.758630117759019 ], [ -80.371883315519597, 25.758627424053937 ], [ -80.371881970561958, 25.758634908493441 ], [ -80.371846815544473, 25.758629521073871 ], [ -80.371848160505024, 25.758622036634687 ], [ -80.371831927961139, 25.758611858481309 ], [ -80.37183596284514, 25.758589405162496 ], [ -80.371827174095628, 25.758588058304614 ], [ -80.371815695421034, 25.758601680325061 ], [ -80.371806906670599, 25.758600333465491 ], [ -80.371813005494772, 25.758616649203343 ], [ -80.371785294274261, 25.758620093060486 ], [ -80.371771751671574, 25.758594946019674 ], [ -80.371745385425129, 25.758590905427386 ], [ -80.371746730393753, 25.758583420988625 ], [ -80.371737941646202, 25.758582074123083 ], [ -80.371749420330289, 25.758568452110488 ], [ -80.371766997823286, 25.758571145838939 ], [ -80.371771032722009, 25.758548692519792 ], [ -80.371744666489491, 25.758544651926716 ], [ -80.371750046360006, 25.75851471416615 ], [ -80.371733813847356, 25.75850453599384 ], [ -80.371747982455915, 25.75847594509591 ], [ -80.371739193719108, 25.758474598230034 ], [ -80.371746544584539, 25.758383438054334 ], [ -80.371730312096588, 25.758373259877246 ], [ -80.371735691961476, 25.758343322101233 ], [ -80.371726903238141, 25.758341975233737 ], [ -80.371728248204533, 25.758334490789327 ], [ -80.371666727153865, 25.758325062696283 ], [ -80.371665382182385, 25.758332547140114 ], [ -80.37164780474032, 25.758329853392276 ], [ -80.371646459767149, 25.758337337835734 ], [ -80.3716288823247, 25.758334644084709 ], [ -80.371585657572965, 25.758374163227305 ], [ -80.371559291401411, 25.758370122584502 ], [ -80.371556601438527, 25.758385091467012 ], [ -80.371547812713757, 25.75838374458441 ], [ -80.371533644054878, 25.75841233546311 ], [ -80.371463334245306, 25.758401560366281 ], [ -80.371431588101046, 25.758427457447794 ], [ -80.371414010647129, 25.758424763660827 ], [ -80.371402531929775, 25.75843838564219 ], [ -80.371383609477363, 25.758443176287869 ], [ -80.371380919482263, 25.758458145162365 ], [ -80.371397151945402, 25.758468323391817 ], [ -80.37139580694874, 25.758475807828731 ], [ -80.371439750609682, 25.758482542297166 ], [ -80.371438405616445, 25.758490026734307 ], [ -80.371447194350168, 25.758491373625809 ], [ -80.371437779396075, 25.758543764680937 ], [ -80.371454011881653, 25.758553942898676 ], [ -80.371457420651041, 25.758585227530304 ], [ -80.371500019381827, 25.758599446405455 ], [ -80.37149867439193, 25.758606930840624 ], [ -80.371595350616744, 25.758621746543479 ], [ -80.371591315669718, 25.75864419985054 ], [ -80.371616336944456, 25.758655724917201 ], [ -80.371614991963597, 25.758663209352559 ], [ -80.371606203210092, 25.75866186247611 ], [ -80.371599478298776, 25.75869928464957 ], [ -80.371608267055933, 25.758700631526438 ], [ -80.371605577091259, 25.758715600394638 ], [ -80.371630598388236, 25.758727125455199 ], [ -80.371627908426547, 25.75874209432272 ], [ -80.371659028540194, 25.758769935116 ], [ -80.371657683561239, 25.758777419549222 ], [ -80.371675261093259, 25.758780113291568 ], [ -80.37167257113758, 25.75879508215775 ], [ -80.371681359905452, 25.758796429027957 ], [ -80.371678669950313, 25.75881139789352 ], [ -80.371687458719919, 25.758812744763141 ], [ -80.37168476876532, 25.758827713628101 ], [ -80.371715888927355, 25.758855554396661 ], [ -80.371714543951924, 25.758863038828611 ], [ -80.371723332727257, 25.758864385694942 ], [ -80.371721987752338, 25.758871870126761 ], [ -80.371730776528665, 25.758873216992413 ], [ -80.371729431554243, 25.758880701424136 ], [ -80.371738220331551, 25.75888204828912 ], [ -80.371735530383489, 25.758897017152133 ], [ -80.371751762968927, 25.758907195311554 ], [ -80.3717490730224, 25.75892216417374 ], [ -80.371780193238337, 25.758950004914556 ], [ -80.371778848266956, 25.758957489345097 ], [ -80.37180386965565, 25.758969014354765 ], [ -80.371807278565882, 25.759000298933806 ], [ -80.371823511178746, 25.759010477078593 ], [ -80.371822166210137, 25.759017961508277 ], [ -80.371813377417908, 25.759016614651031 ], [ -80.371810687478543, 25.759031583509664 ], [ -80.371826920097575, 25.759041761652909 ], [ -80.371825575128796, 25.759049246081894 ], [ -80.371843152720402, 25.75905193979327 ], [ -80.371844497687746, 25.759044455364098 ], [ -80.371897230464711, 25.759052536479537 ], [ -80.371895885501743, 25.759060020909192 ], [ -80.371913463097655, 25.759062714608469 ], [ -80.371912118135924, 25.759070199038078 ], [ -80.371964850934575, 25.759078280118217 ], [ -80.371977048710335, 25.759110911524765 ], [ -80.372029781539425, 25.759118992570588 ] ], [ [ -80.372136498820979, 25.759027678870272 ], [ -80.372083766036937, 25.759019597876826 ], [ -80.372085110983249, 25.759012113443752 ], [ -80.372076322187596, 25.759010766608935 ], [ -80.372079012081016, 25.75899579774239 ], [ -80.372087800875235, 25.758997144577041 ], [ -80.37208914582088, 25.758989660143378 ], [ -80.372115512202939, 25.758993700642513 ], [ -80.372114167259483, 25.759001185076428 ], [ -80.372141878587442, 25.758997741134845 ], [ -80.37214053364616, 25.759005225568998 ], [ -80.372149322442269, 25.759006572398356 ], [ -80.372146632560501, 25.759021541266232 ], [ -80.372137843762943, 25.759020194436712 ], [ -80.372136498820979, 25.759027678870272 ] ], [ [ -80.372023589419243, 25.75900268558421 ], [ -80.372014800625465, 25.759001338744106 ], [ -80.37201614557739, 25.758993854311495 ], [ -80.371989779199865, 25.758989813786911 ], [ -80.371983680316902, 25.758973498078753 ], [ -80.371966102736678, 25.758970804390714 ], [ -80.371968792647664, 25.758955835525178 ], [ -80.371977581436184, 25.758957182369404 ], [ -80.371978926390625, 25.758949697936252 ], [ -80.372022870333623, 25.758956432145606 ], [ -80.372021525382834, 25.75896391657918 ], [ -80.37203910296337, 25.758966610257811 ], [ -80.372037758013818, 25.758974094691336 ], [ -80.372046546805223, 25.758975441529607 ], [ -80.37204385690687, 25.758990410396258 ], [ -80.372024934370444, 25.758995201151521 ], [ -80.372023589419243, 25.75900268558421 ] ], [ [ -80.371865298132136, 25.758878451020053 ], [ -80.371830143018116, 25.758873063598923 ], [ -80.371831487983826, 25.758865579165704 ], [ -80.371822699206717, 25.758864232308621 ], [ -80.371824670159, 25.758803009979388 ], [ -80.371851036472819, 25.758807050548675 ], [ -80.371864579130943, 25.758832197562217 ], [ -80.371888255534742, 25.758851206990084 ], [ -80.371884220652106, 25.758873660292373 ], [ -80.371866643094933, 25.758870966586507 ], [ -80.371865298132136, 25.758878451020053 ] ], [ [ -80.371826015124114, 25.758795525544581 ], [ -80.371799648814914, 25.758791484968757 ], [ -80.371805028681791, 25.75876154722863 ], [ -80.371796239915511, 25.758760200368815 ], [ -80.371800274815456, 25.758737747061939 ], [ -80.371791486051634, 25.758736400201641 ], [ -80.371792831018553, 25.758728915765708 ], [ -80.371819197308639, 25.758732956344087 ], [ -80.371822606215161, 25.758764240945929 ], [ -80.371838838786132, 25.758774419095904 ], [ -80.371836148858534, 25.758789387966633 ], [ -80.371827360088986, 25.758788041109604 ], [ -80.371826015124114, 25.758795525544581 ] ], [ [ -80.371790767090516, 25.758690146722543 ], [ -80.371773189572963, 25.758687452999169 ], [ -80.371778569442498, 25.75865751525059 ], [ -80.371794801988628, 25.758667693410914 ], [ -80.371790767090516, 25.758690146722543 ] ], [ [ -80.371480285502358, 25.758457992106457 ], [ -80.371462708040838, 25.758455298328087 ], [ -80.371466743012093, 25.758432845012656 ], [ -80.371475531740529, 25.758434191901987 ], [ -80.37147822171876, 25.7584192230239 ], [ -80.371503242914514, 25.758430748126209 ], [ -80.371500552940205, 25.75844571700442 ], [ -80.371481630491544, 25.758450507668023 ], [ -80.371480285502358, 25.758457992106457 ] ] ] } },
{ "type": "Feature", "properties": { "hotspot_id": "fiu_hs_044", "area_m2": 108.17307859142531, "depth_max_m": 0.45081257820129395, "depth_mean_m": 0.27582208315531415, "building_frac": 0.0, "lots": null, "roads": null }, "geometry": { "type": "Polygon", "coordinates": [ [ [ -80.372513732271685, 25.753309845288758 ], [ -80.372515077093851, 25.753302360715164 ], [ -80.372532653555652, 25.753305054357622 ], [ -80.372533998376142, 25.753297569783676 ], [ -80.372552919656357, 25.753292778848639 ], [ -80.37256708715671, 25.753264187367535 ], [ -80.372575875384456, 25.753265534184891 ], [ -80.372578565016596, 25.753250565033792 ], [ -80.372569776790314, 25.753249218216627 ], [ -80.372563678198432, 25.753232902247195 ], [ -80.372546101750117, 25.753230208609406 ], [ -80.372547446568305, 25.753222724033545 ], [ -80.372467007746067, 25.753218087202004 ], [ -80.372465662921101, 25.75322557177698 ], [ -80.372456874699054, 25.753224224950067 ], [ -80.372454185046962, 25.753239194099212 ], [ -80.3724352637729, 25.753243985016901 ], [ -80.372428539630221, 25.753281407884572 ], [ -80.372462347714901, 25.753294279769651 ], [ -80.372461002888357, 25.753301764342734 ], [ -80.372513732271685, 25.753309845288758 ] ] ] } },
{ "type": "Feature", "properties": { "hotspot_id": "fiu_hs_045", "area_m2": 118.68990567642194, "depth_max_m": 0.43616724014282227, "depth_mean_m": 0.23646492294118374, "building_frac": 0.0, "lots": null, "roads": null }, "geometry": { "type": "Polygon", "coordinates": [ [ [ -80.379884008244787, 25.757976712039888 ], [ -80.379885352509916, 25.757969227480253 ], [ -80.379911718944257, 25.757973265994927 ], [ -80.379913063206956, 25.757965781434869 ], [ -80.379958351524778, 25.757965027716434 ], [ -80.379959695783356, 25.757957543155577 ], [ -80.379968484594514, 25.757958889321586 ], [ -80.37996507281548, 25.757927604910158 ], [ -80.37995628400752, 25.757926258743723 ], [ -80.3799576282657, 25.75791877418197 ], [ -80.379922473039471, 25.757913389508982 ], [ -80.379923817300337, 25.75790590494735 ], [ -80.37987108447345, 25.757897827915688 ], [ -80.379869740208207, 25.757905312476822 ], [ -80.379843373796206, 25.757901273950516 ], [ -80.379842029528547, 25.757908758511199 ], [ -80.379824451920442, 25.75790606615638 ], [ -80.379823107651092, 25.757913550716701 ], [ -80.379806874313417, 25.757903373798541 ], [ -80.379795396967012, 25.757916996738434 ], [ -80.379776475085237, 25.757921788935239 ], [ -80.379788675604757, 25.757954419534883 ], [ -80.379815042030202, 25.757958458074508 ], [ -80.379813697759246, 25.757965942633472 ], [ -80.379884008244787, 25.757976712039888 ] ] ] } },
{ "type": "Feature", "properties": { "hotspot_id": "fiu_hs_046", "area_m2": 350.0601015524868, "depth_max_m": 0.43589878082275391, "depth_mean_m": 0.24850938657834296, "building_frac": 0.0, "lots": null, "roads": null }, "geometry": { "type": "Polygon", "coordinates": [ [ [ -80.377046609734933, 25.756880684855602 ], [ -80.377047954225247, 25.756873200307162 ], [ -80.377100686176647, 25.756881278811605 ], [ -80.377102030662357, 25.756873794262482 ], [ -80.377137185299091, 25.756879179916631 ], [ -80.377138529781661, 25.756871695366968 ], [ -80.377156107100177, 25.756874388189342 ], [ -80.377157451581056, 25.756866903639342 ], [ -80.377201394878455, 25.756873635681632 ], [ -80.377202739355468, 25.756866151130993 ], [ -80.377220316674851, 25.756868843942438 ], [ -80.377221661150159, 25.756861359391458 ], [ -80.377230449809545, 25.75686270579596 ], [ -80.377233138758015, 25.756847736693231 ], [ -80.377241927416208, 25.756849083096824 ], [ -80.377244616362319, 25.75683411399314 ], [ -80.377253405019317, 25.756835460395813 ], [ -80.377258782905869, 25.756805522185786 ], [ -80.377287837807245, 25.75679459228158 ], [ -80.377290526743863, 25.756779623174118 ], [ -80.377272949440197, 25.756776930373892 ], [ -80.377266849728827, 25.756760614864909 ], [ -80.377233039604235, 25.756747744699197 ], [ -80.377235728548754, 25.756732775590951 ], [ -80.377156630740501, 25.756720657922198 ], [ -80.377145153137391, 25.756734280617369 ], [ -80.377127575847268, 25.756731587791926 ], [ -80.377126231365907, 25.756739072344747 ], [ -80.377072155011646, 25.756738478401914 ], [ -80.377060677393104, 25.756752101086882 ], [ -80.377051888747417, 25.756750754667387 ], [ -80.377050544259305, 25.756758239218783 ], [ -80.377059332905716, 25.75675958563836 ], [ -80.377055299442233, 25.7567820392916 ], [ -80.377028933497229, 25.75677800002989 ], [ -80.377019522059072, 25.756830391878918 ], [ -80.377010733406181, 25.756829045456257 ], [ -80.377005355433568, 25.756858983651107 ], [ -80.377046609734933, 25.756880684855602 ] ] ] } },
{ "type": "Feature", "properties": { "hotspot_id": "fiu_hs_047", "area_m2": 136.71875210812266, "depth_max_m": 0.43152797222137451, "depth_mean_m": 0.25886229630354995, "building_frac": 0.0, "lots": null, "roads": null }, "geometry": { "type": "Polygon", "coordinates": [ [ [ -80.372893596552856, 25.753306534526519 ], [ -80.372894941342565, 25.753299049947877 ], [ -80.372930094289259, 25.753304437100049 ], [ -80.372931439075842, 25.753296952520902 ], [ -80.372959148570658, 25.753293508297247 ], [ -80.372967217270798, 25.753248600815578 ], [ -80.372950985590975, 25.753238422666101 ], [ -80.372953675158314, 25.753223453503917 ], [ -80.372937443484716, 25.75321327535146 ], [ -80.372931344826981, 25.753196959401951 ], [ -80.372922556600642, 25.7531956126147 ], [ -80.372921211814869, 25.753203097196138 ], [ -80.372886058909316, 25.753197710039203 ], [ -80.372884714120389, 25.753205194620122 ], [ -80.37285834944187, 25.753201154244223 ], [ -80.372857004650527, 25.753208638824677 ], [ -80.372839428198077, 25.753205945236829 ], [ -80.372838083405043, 25.753213429816928 ], [ -80.372810373930761, 25.753216874008839 ], [ -80.372807684339179, 25.753231843167562 ], [ -80.372823916001181, 25.753242021339901 ], [ -80.372821226411148, 25.753256990497793 ], [ -80.372852344958432, 25.753284831412255 ], [ -80.372851000165284, 25.753292315990652 ], [ -80.372893596552856, 25.753306534526519 ] ] ] } },
{ "type": "Feature", "properties": { "hotspot_id": "fiu_hs_048", "area_m2": 189.3028875348628, "depth_max_m": 0.42785024642944336, "depth_mean_m": 0.23542564634292845, "building_frac": 0.0, "lots": null, "roads": null }, "geometry": { "type": "Polygon", "coordinates": [ [ [ -80.370644301992982, 25.759391170084278 ], [ -80.370645647067761, 25.759383685678806 ], [ -80.370654435878834, 25.75938503263421 ], [ -80.370659816172761, 25.759355095010037 ], [ -80.370668604981176, 25.759356441964343 ], [ -80.370673985268525, 25.759326504336737 ], [ -80.370711830629673, 25.759316923329468 ], [ -80.370718555966832, 25.759279501286954 ], [ -80.370709767165366, 25.75927815433657 ], [ -80.370719182632854, 25.759225763469484 ], [ -80.370702950108239, 25.759215585157428 ], [ -80.370696851448812, 25.759199269384631 ], [ -80.370660351207505, 25.759201365979969 ], [ -80.370659006136762, 25.759208850389957 ], [ -80.370650217343282, 25.759207503434187 ], [ -80.370647527199665, 25.759222472253377 ], [ -80.370618470667537, 25.759233400198966 ], [ -80.37061578051771, 25.75924836901611 ], [ -80.370606991720933, 25.759247022056826 ], [ -80.370604301568733, 25.759261990873032 ], [ -80.370595512770763, 25.759260643912814 ], [ -80.370584752146911, 25.759320519169204 ], [ -80.370593540950722, 25.759321866130065 ], [ -80.370588160636203, 25.75935180375393 ], [ -80.370579371829493, 25.759350456792724 ], [ -80.370576681669405, 25.759365425603324 ], [ -80.370603048094722, 25.759369466485168 ], [ -80.370601703016519, 25.759376950890417 ], [ -80.370644301992982, 25.759391170084278 ] ] ] } },
{ "type": "Feature", "properties": { "hotspot_id": "fiu_hs_049", "area_m2": 422.17548728146312, "depth_max_m": 0.42753458023071289, "depth_mean_m": 0.18969970920331961, "building_frac": 0.0, "lots": "East of PG2 Parking Lot", "roads": null }, "geometry": { "type": "Polygon", "coordinates": [ [ [ -80.371236936339614, 25.753329503513068 ], [ -80.371238281270962, 25.753322018956645 ], [ -80.37125585769752, 25.753324712817033 ], [ -80.371257202627177, 25.753317228260237 ], [ -80.371273434125158, 25.753327406674376 ], [ -80.371276123981332, 25.753312437560254 ], [ -80.371295045333426, 25.753307646856737 ], [ -80.371301769961434, 25.753270224066263 ], [ -80.371292981752759, 25.75326887714014 ], [ -80.371295671603818, 25.753253908022739 ], [ -80.371320691303012, 25.753265433357367 ], [ -80.371326789666085, 25.753281749398816 ], [ -80.371344366087285, 25.753284443244421 ], [ -80.371345711008786, 25.753276958685515 ], [ -80.371354499219066, 25.753278305607104 ], [ -80.371353154298291, 25.753285790166075 ], [ -80.371388307145025, 25.753291177845185 ], [ -80.371399785191414, 25.753277555644068 ], [ -80.371417361614022, 25.75328024947725 ], [ -80.371418706529226, 25.753272764917291 ], [ -80.371514031957659, 25.75329506550559 ], [ -80.371516721771826, 25.753280096383662 ], [ -80.371525509985034, 25.753281443290632 ], [ -80.371536988008842, 25.753267821073816 ], [ -80.371563352646561, 25.753271861787393 ], [ -80.371570077157415, 25.753234438975152 ], [ -80.371526136114127, 25.75322770445079 ], [ -80.37152479120877, 25.753235189013211 ], [ -80.37150721479189, 25.753232495198024 ], [ -80.371508559698711, 25.753225010635756 ], [ -80.371464618664859, 25.753218276084933 ], [ -80.371468653394857, 25.753195822398236 ], [ -80.371477441598898, 25.753197169309665 ], [ -80.371478786507723, 25.75318968474696 ], [ -80.371505151119266, 25.753193725476468 ], [ -80.37150649602566, 25.753186240913315 ], [ -80.371532860637473, 25.753190281635753 ], [ -80.371534205541451, 25.753182797072164 ], [ -80.371569358358059, 25.753188184691158 ], [ -80.371572048159493, 25.753173215562722 ], [ -80.371554471753555, 25.753170521755063 ], [ -80.371553126851509, 25.753178006319231 ], [ -80.371517974039975, 25.753172618694517 ], [ -80.371519318944962, 25.753165134130693 ], [ -80.371510530743478, 25.753163787222693 ], [ -80.37150918583778, 25.753171271786432 ], [ -80.371465244830787, 25.753164537234731 ], [ -80.371463899921196, 25.753172021797845 ], [ -80.371446323518839, 25.753169327971715 ], [ -80.37144497860757, 25.75317681253448 ], [ -80.371374673003075, 25.753166037199009 ], [ -80.37137601792017, 25.753158552636894 ], [ -80.371358441523199, 25.753155858795626 ], [ -80.37135709660464, 25.753163343357574 ], [ -80.371339520207286, 25.753160649513102 ], [ -80.37133817528705, 25.753168134074674 ], [ -80.371320598889326, 25.753165440227029 ], [ -80.37131656412285, 25.75318789391007 ], [ -80.371272623122323, 25.753181159276462 ], [ -80.371269933269573, 25.753196128396709 ], [ -80.371244913596783, 25.753184603047188 ], [ -80.371243568668106, 25.753192087606976 ], [ -80.371217204069083, 25.753188046810436 ], [ -80.371205726006082, 25.753201668995015 ], [ -80.371188149605686, 25.753198975125031 ], [ -80.371185459737987, 25.753213944242198 ], [ -80.371210479411317, 25.753225469605102 ], [ -80.371207789546602, 25.753240438721601 ], [ -80.371216577751113, 25.753241785655113 ], [ -80.371219267614364, 25.753226816538451 ], [ -80.371228055817681, 25.753228163471032 ], [ -80.371229400748248, 25.753220678912331 ], [ -80.37124563222514, 25.753230857333968 ], [ -80.371240252506453, 25.753260795567535 ], [ -80.371203754747825, 25.753262892394904 ], [ -80.371202409814444, 25.753270376952294 ], [ -80.37119362160729, 25.753269030017684 ], [ -80.371190931738369, 25.753283999131682 ], [ -80.371172010385692, 25.753288789816409 ], [ -80.371175418850058, 25.753320074977363 ], [ -80.371192995274299, 25.753322768848484 ], [ -80.3711943402093, 25.753315284292462 ], [ -80.371236936339614, 25.753329503513068 ] ], [ [ -80.371249759344664, 25.753308396773594 ], [ -80.37123218292156, 25.753305702912051 ], [ -80.371233527852951, 25.75329821835512 ], [ -80.371251104274592, 25.753300912216488 ], [ -80.371249759344664, 25.753308396773594 ] ] ] } },
{ "type": "Feature", "properties": { "hotspot_id": "fiu_hs_050", "area_m2": 61.598558642626777, "depth_max_m": 0.42674469947814941, "depth_mean_m": 0.26391755080804591, "building_frac": 0.0, "lots": null, "roads": null }, "geometry": { "type": "Polygon", "coordinates": [ [ [ -80.383310198661007, 25.75393330650186 ], [ -80.383311542572017, 25.753925821801968 ], [ -80.383329119489929, 25.753928513594953 ], [ -80.383340595766228, 25.753914890089433 ], [ -80.383358172682833, 25.753917581877573 ], [ -80.383356828775931, 25.753925066578269 ], [ -80.383400771075813, 25.753931796035783 ], [ -80.383402114979063, 25.753924311334679 ], [ -80.383419691899448, 25.753927003112214 ], [ -80.383421035801021, 25.753919518410719 ], [ -80.383429824260901, 25.753920864298284 ], [ -80.383436543761661, 25.75388344078754 ], [ -80.383427755305433, 25.753882094900405 ], [ -80.383429099205628, 25.753874610197759 ], [ -80.383376368478338, 25.753866534859537 ], [ -80.383375024573766, 25.753874019561682 ], [ -80.383366236119429, 25.753872673669235 ], [ -80.383367580024725, 25.753865188967172 ], [ -80.383358791571396, 25.753863843074061 ], [ -80.38334731530459, 25.753877466583823 ], [ -80.383338526850324, 25.753876120689036 ], [ -80.383334495125823, 25.753898574792739 ], [ -80.383343283582249, 25.753899920687761 ], [ -80.383341939674366, 25.753907405388698 ], [ -80.383323018850703, 25.753912198298291 ], [ -80.383321674940873, 25.753919682998649 ], [ -80.383293965655184, 25.753923130005933 ], [ -80.383292621742726, 25.753930614705663 ], [ -80.383310198661007, 25.75393330650186 ] ] ] } },
{ "type": "Feature", "properties": { "hotspot_id": "fiu_hs_051", "area_m2": 477.01322851165588, "depth_max_m": 0.42505991458892822, "depth_mean_m": 0.20399133877491388, "building_frac": 0.0, "lots": "GC/Bookstore Parking Lot", "roads": null }, "geometry": { "type": "Polygon", "coordinates": [ [ [ -80.370190091039049, 25.75498405388667 ], [ -80.370195471221592, 25.754954115870909 ], [ -80.370171796235766, 25.75493510581974 ], [ -80.370179866513055, 25.754890198789393 ], [ -80.370188654866979, 25.75489154580368 ], [ -80.370194035044335, 25.75486160777924 ], [ -80.370202823395616, 25.75486295479244 ], [ -80.370219681997582, 25.754819394761366 ], [ -80.370228470345026, 25.754820741772562 ], [ -80.370233850504462, 25.75479080373935 ], [ -80.370242638849263, 25.754792150749438 ], [ -80.370246673964232, 25.75476969722224 ], [ -80.370255462307128, 25.754771044231333 ], [ -80.370272320865297, 25.754727484179 ], [ -80.370291242577252, 25.754722693681479 ], [ -80.370305411045209, 25.754694102640869 ], [ -80.370324332748154, 25.75468931213673 ], [ -80.370327022807942, 25.754674343111787 ], [ -80.370344599477363, 25.754677037116316 ], [ -80.370330431024925, 25.754705628163869 ], [ -80.370355451011221, 25.754717153680385 ], [ -80.370356796039005, 25.754709669168246 ], [ -80.370374372716412, 25.7547123631674 ], [ -80.370378407794007, 25.754689909629366 ], [ -80.370387196130935, 25.754691256627552 ], [ -80.370389886180064, 25.754676287601047 ], [ -80.370407462851787, 25.754678981594822 ], [ -80.370411497919406, 25.75465652805314 ], [ -80.370376344585765, 25.754651140063562 ], [ -80.370380379660048, 25.754628686521105 ], [ -80.370419568048433, 25.754611620964493 ], [ -80.370423603109842, 25.754589167417549 ], [ -80.370414814782592, 25.754587820422035 ], [ -80.370416159803341, 25.754580335906073 ], [ -80.370424948129852, 25.754581682901517 ], [ -80.370436426494521, 25.754568060863349 ], [ -80.370418849844128, 25.754565366873596 ], [ -80.370421539884006, 25.754550397840323 ], [ -80.3704391165315, 25.754553091829749 ], [ -80.37044046154962, 25.754545607312668 ], [ -80.370414096580973, 25.754541566327642 ], [ -80.370402618216303, 25.754555188364428 ], [ -80.37038504156952, 25.754552494368792 ], [ -80.370363429849846, 25.754572253917633 ], [ -80.370345853200831, 25.754569559915435 ], [ -80.37034450817427, 25.754577044430725 ], [ -80.370305319786738, 25.754594109960614 ], [ -80.370303974756339, 25.75460159447481 ], [ -80.370286398103275, 25.754598900462693 ], [ -80.370280299842108, 25.754582584427439 ], [ -80.370245146546139, 25.754577196391804 ], [ -80.370242456475367, 25.754592165419179 ], [ -80.37023366815059, 25.754590818408225 ], [ -80.370226942965971, 25.754628240972881 ], [ -80.370218154637811, 25.75462689396074 ], [ -80.370211429443813, 25.75466431652012 ], [ -80.370202641112286, 25.754662969506807 ], [ -80.370206049284491, 25.754694254564143 ], [ -80.370187127574027, 25.754699045046422 ], [ -80.370184437489613, 25.754714014066529 ], [ -80.370193225825957, 25.754715361081185 ], [ -80.370187845657298, 25.754745299119424 ], [ -80.370168923934827, 25.754750089597621 ], [ -80.370139959893947, 25.754861010190044 ], [ -80.370131171543818, 25.754859663171462 ], [ -80.370127136395155, 25.754882116687764 ], [ -80.370118348043121, 25.754880769668169 ], [ -80.370110277735222, 25.754925676695041 ], [ -80.370119066091632, 25.754927023715123 ], [ -80.37011637598863, 25.754941992722689 ], [ -80.370132607654767, 25.754952171264573 ], [ -80.370131262604161, 25.75495965576803 ], [ -80.370157627685373, 25.754963696820194 ], [ -80.370156282636714, 25.754971181323715 ], [ -80.370175204407531, 25.754966390851187 ], [ -80.370172514312898, 25.754981359858355 ], [ -80.370190091039049, 25.75498405388667 ] ], [ [ -80.370374999560539, 25.754658624577306 ], [ -80.370366211227079, 25.754657277577941 ], [ -80.370367556253029, 25.754649793064271 ], [ -80.370376344585765, 25.754651140063562 ], [ -80.370374999560539, 25.754658624577306 ] ], [ [ -80.370376971428271, 25.754597401463084 ], [ -80.370368183100894, 25.754596054463633 ], [ -80.370370873150364, 25.754581085433127 ], [ -80.370379661476264, 25.754582432432422 ], [ -80.370376971428271, 25.754597401463084 ] ] ] } },
{ "type": "Feature", "properties": { "hotspot_id": "fiu_hs_052", "area_m2": 1275.5408850594206, "depth_max_m": 0.41051709651947021, "depth_mean_m": 0.21109127408624118, "building_frac": 0.025754475211357254, "lots": "W10 Parking Lot", "roads": null }, "geometry": { "type": "Polygon", "coordinates": [ [ [ -80.383395380097653, 25.757130206560081 ], [ -80.383396724050357, 25.7571227219346 ], [ -80.38340551283062, 25.757124067810622 ], [ -80.383408200733854, 25.757109098558907 ], [ -80.383450800684045, 25.757123312553219 ], [ -80.38344945673596, 25.757130797179371 ], [ -80.383467034299969, 25.757133488921589 ], [ -80.383469722193013, 25.757118519668722 ], [ -80.383487299755203, 25.757121211407583 ], [ -80.383491331588658, 25.757098757526318 ], [ -80.38350012036797, 25.757100103394357 ], [ -80.383502808254349, 25.757085134139039 ], [ -80.383494019476501, 25.757083788271174 ], [ -80.383500739192058, 25.757046365129913 ], [ -80.383491950418119, 25.757045019261685 ], [ -80.383494638304199, 25.757030050003973 ], [ -80.383485849531979, 25.757028704135166 ], [ -80.383501976837948, 25.756938888573615 ], [ -80.383510765601415, 25.75694023444143 ], [ -80.38351614135982, 25.756910295914356 ], [ -80.383524930120629, 25.75691164178108 ], [ -80.383536406756633, 25.75689801838201 ], [ -80.383553984276702, 25.756900710111342 ], [ -80.383555328212353, 25.756893225478372 ], [ -80.383590483252803, 25.756898608927635 ], [ -80.383589139320065, 25.756906093560939 ], [ -80.383597928081599, 25.75690743942145 ], [ -80.383598653250885, 25.756953693077953 ], [ -80.383607442017308, 25.756955038937456 ], [ -80.383604754152756, 25.756970008201655 ], [ -80.383613542920926, 25.756971354060564 ], [ -80.383610236300697, 25.75704006159944 ], [ -80.383619025075944, 25.757041407457589 ], [ -80.383614993277789, 25.757063861347927 ], [ -80.383623782055508, 25.757065207205567 ], [ -80.383617062390968, 25.757102630352637 ], [ -80.383625851172582, 25.75710397620993 ], [ -80.383621819373303, 25.757126430096086 ], [ -80.383707019373517, 25.757154857888004 ], [ -80.383708363300002, 25.757147373259034 ], [ -80.38372594087528, 25.757150064956868 ], [ -80.383727284800088, 25.757142580327553 ], [ -80.383781361448243, 25.757143170772416 ], [ -80.383786737126769, 25.757113232250404 ], [ -80.383805658615231, 25.757108439303988 ], [ -80.383811034283326, 25.757078500777403 ], [ -80.383802245501414, 25.757077154935811 ], [ -80.383796144555362, 25.757060839829357 ], [ -80.383778566995787, 25.757058148142754 ], [ -80.38378125483338, 25.75704317887817 ], [ -80.383798832390042, 25.757045870564458 ], [ -80.38380017630702, 25.757038385931722 ], [ -80.383783942670064, 25.75702820961283 ], [ -80.383786630505824, 25.757013240346712 ], [ -80.383804208056645, 25.757015932032321 ], [ -80.383805551972713, 25.757008447398803 ], [ -80.383814340747804, 25.757009793240389 ], [ -80.383817028577823, 25.756994823972594 ], [ -80.383799451030825, 25.756992132288996 ], [ -80.38380079494695, 25.756984647654981 ], [ -80.383775772548759, 25.756973125490177 ], [ -80.383778460384221, 25.756958156221653 ], [ -80.383787249153869, 25.756959502065776 ], [ -80.383783836052402, 25.756928217682312 ], [ -80.383811546267651, 25.756924770575814 ], [ -80.383814234095539, 25.756909801304094 ], [ -80.383805445330466, 25.756908455462057 ], [ -80.383806789244801, 25.756900970825978 ], [ -80.383815578009134, 25.756902316667922 ], [ -80.383816921922502, 25.756894832031573 ], [ -80.383808133158894, 25.756893486189711 ], [ -80.383810820986398, 25.756878516916601 ], [ -80.38378579861714, 25.756866994750371 ], [ -80.383788486447656, 25.756852025476594 ], [ -80.383807407879686, 25.756847232525903 ], [ -80.383808751792913, 25.756839747888353 ], [ -80.383799963034946, 25.756838402045567 ], [ -80.383805338688461, 25.756808463493762 ], [ -80.383796549933663, 25.756807117650538 ], [ -80.383808026513833, 25.756793494216698 ], [ -80.383774215417404, 25.756780626201468 ], [ -80.383771527586646, 25.756795595478255 ], [ -80.383735028657711, 25.756797696726849 ], [ -80.383732340819748, 25.756812666001835 ], [ -80.383697185805033, 25.756807282599556 ], [ -80.383691084897265, 25.756790967472959 ], [ -80.383673507394974, 25.756788275766105 ], [ -80.383676195242217, 25.756773306491539 ], [ -80.383651172920651, 25.756761784288756 ], [ -80.383653860770877, 25.7567468150135 ], [ -80.383645072024606, 25.756745469157089 ], [ -80.383647759875387, 25.756730499881225 ], [ -80.383675470033552, 25.756727052809246 ], [ -80.383678157878592, 25.75671208353172 ], [ -80.383659236468617, 25.756716876460679 ], [ -80.38366326823953, 25.756694422544026 ], [ -80.383672056980984, 25.756695768399094 ], [ -80.38367474482564, 25.756680799120193 ], [ -80.383665956085636, 25.756679453265285 ], [ -80.383667300008355, 25.756671968625611 ], [ -80.383676088747634, 25.75667331448043 ], [ -80.383678776590926, 25.756658345200368 ], [ -80.38365985519259, 25.756663138130246 ], [ -80.383661199115551, 25.756655653490284 ], [ -80.383643621641284, 25.756652961777167 ], [ -80.383642277716831, 25.756660446416976 ], [ -80.38362470024218, 25.756657754700683 ], [ -80.38362335631605, 25.756665239340126 ], [ -80.383589545296118, 25.756652371259019 ], [ -80.383588201367061, 25.756659855898121 ], [ -80.383579412630496, 25.756658510035724 ], [ -80.383580756560264, 25.756651025396703 ], [ -80.383563179089393, 25.75664833366983 ], [ -80.383561835158162, 25.75665581830868 ], [ -80.383553046422392, 25.756654472444023 ], [ -80.383555734286077, 25.756639503166266 ], [ -80.383520579351554, 25.75663411970072 ], [ -80.38352326722017, 25.75661915042285 ], [ -80.38349824496261, 25.756607628177267 ], [ -80.383474672914389, 25.756688613324133 ], [ -80.383483461652375, 25.756689959195334 ], [ -80.383476741956741, 25.756727382377584 ], [ -80.383485530698621, 25.756728728248458 ], [ -80.383482842820229, 25.756743697520147 ], [ -80.383507865114552, 25.756755219764518 ], [ -80.383498457546622, 25.756807612209744 ], [ -80.383514691109681, 25.756817788580751 ], [ -80.383503939599549, 25.75687766564911 ], [ -80.383486362085634, 25.756874973911025 ], [ -80.383483674202893, 25.756889943175839 ], [ -80.383474885444883, 25.756888597305498 ], [ -80.38347085361687, 25.756911051201005 ], [ -80.383462064856943, 25.756909705329665 ], [ -80.383458033024667, 25.756932159223201 ], [ -80.383439111555248, 25.756936952108354 ], [ -80.383431047874396, 25.756981859887979 ], [ -80.383422259107988, 25.756980514013538 ], [ -80.383418227262283, 25.757002967900469 ], [ -80.383409438493942, 25.757001622025008 ], [ -80.383406750594204, 25.757016591281836 ], [ -80.383415539364009, 25.75701793715746 ], [ -80.383408819614289, 25.757055360296537 ], [ -80.38338989811561, 25.757060153170773 ], [ -80.383384522304951, 25.7570900916771 ], [ -80.383366944752154, 25.757087399920415 ], [ -80.38336425684254, 25.757102369172074 ], [ -80.383381834398264, 25.757105060929085 ], [ -80.383393311081761, 25.757091437554298 ], [ -80.383410888636178, 25.757094129306424 ], [ -80.383409544685136, 25.75710161393275 ], [ -80.383400755907061, 25.757100268056991 ], [ -80.383398068002819, 25.757115237308927 ], [ -80.383389279223564, 25.757113891432237 ], [ -80.383386591316935, 25.757128860683217 ], [ -80.383395380097653, 25.757130206560081 ] ], [ [ -80.383651385853497, 25.75696176822359 ], [ -80.383616230784014, 25.756956384796197 ], [ -80.383617574715203, 25.756948900163728 ], [ -80.383608785949235, 25.756947554305057 ], [ -80.383615505605434, 25.756910131140199 ], [ -80.383606716843374, 25.756908785281205 ], [ -80.383609404705709, 25.756893816014063 ], [ -80.383663481199775, 25.756894406521351 ], [ -80.383662137273333, 25.756901891155692 ], [ -80.383670926035549, 25.756903237009997 ], [ -80.383665550330392, 25.756933175545825 ], [ -80.383674339095776, 25.7569345213997 ], [ -80.383671651243276, 25.756949490666603 ], [ -80.383652729781787, 25.756954283590773 ], [ -80.383651385853497, 25.75696176822359 ] ], [ [ -80.383620156145867, 25.756833938937739 ], [ -80.383595133814353, 25.756822416723541 ], [ -80.383597821676005, 25.756807447452623 ], [ -80.383634320612288, 25.756805346252751 ], [ -80.383620156145867, 25.756833938937739 ] ], [ [ -80.38373709781763, 25.756836465761719 ], [ -80.383710731548817, 25.756832428212682 ], [ -80.383713419391071, 25.756817458939235 ], [ -80.383739785655521, 25.756821496487781 ], [ -80.38373709781763, 25.756836465761719 ] ], [ [ -80.383791174277235, 25.756837056202016 ], [ -80.383764808005751, 25.756833018666825 ], [ -80.383766151922387, 25.756825534029517 ], [ -80.383792518191683, 25.756829571564435 ], [ -80.383791174277235, 25.756837056202016 ] ], [ [ -80.38362956364395, 25.756781546485747 ], [ -80.383620774894567, 25.756780200627404 ], [ -80.383622118822672, 25.756772715990717 ], [ -80.383630907571344, 25.756774061848976 ], [ -80.38362956364395, 25.756781546485747 ] ], [ [ -80.383609917042136, 25.75674008572388 ], [ -80.383601128297187, 25.756738739863678 ], [ -80.383602472226343, 25.756731255226256 ], [ -80.383611260970554, 25.756732601086362 ], [ -80.383609917042136, 25.75674008572388 ] ] ] } },
{ "type": "Feature", "properties": { "hotspot_id": "fiu_hs_053", "area_m2": 1838.1911341196451, "depth_max_m": 0.40841543674468994, "depth_mean_m": 0.22184765265822948, "building_frac": 0.0, "lots": "East of PAC Parking Lot", "roads": null }, "geometry": { "type": "Polygon", "coordinates": [ [ [ -80.36897496664929, 25.752952031996276 ], [ -80.368986445025882, 25.752938410049769 ], [ -80.369002676190462, 25.752948588834268 ], [ -80.369004021306509, 25.752941104298031 ], [ -80.369056750154826, 25.752949187024715 ], [ -80.369058095266269, 25.752941702487803 ], [ -80.369109479012849, 25.752957269724156 ], [ -80.369112169226753, 25.752942300649114 ], [ -80.369120957369248, 25.752943647762873 ], [ -80.369138443727806, 25.752846348755117 ], [ -80.36912965559479, 25.752845001642434 ], [ -80.369131000698417, 25.752837517102101 ], [ -80.369139788830708, 25.752838864214695 ], [ -80.369141133933368, 25.752831379674074 ], [ -80.369132345801816, 25.752830032561565 ], [ -80.369143106620754, 25.752770156230312 ], [ -80.369126875472887, 25.752759977462212 ], [ -80.369129565677781, 25.75274500837741 ], [ -80.36912077755504, 25.752743661263537 ], [ -80.36912481286285, 25.752721207635094 ], [ -80.369108581726167, 25.752711028862567 ], [ -80.369100421217397, 25.752655942824681 ], [ -80.369128130660158, 25.752652499625682 ], [ -80.369132165961901, 25.752630045990493 ], [ -80.36914095407343, 25.752631393103865 ], [ -80.369142299172822, 25.752623908558338 ], [ -80.369186239730894, 25.752630644113481 ], [ -80.369197718032652, 25.752617022129602 ], [ -80.369162565590415, 25.752611633690684 ], [ -80.369163910687661, 25.75260414914441 ], [ -80.369155122578505, 25.752602802032868 ], [ -80.369152432382336, 25.75261777112507 ], [ -80.369099703724302, 25.752609688438962 ], [ -80.369101048826877, 25.752602203893478 ], [ -80.369092260718887, 25.752600856776571 ], [ -80.369090915615573, 25.752608341321974 ], [ -80.369082127507127, 25.752606994204225 ], [ -80.369083472611152, 25.752599509658889 ], [ -80.368935419937259, 25.752569123998672 ], [ -80.36893407482107, 25.752576608542793 ], [ -80.368854981904917, 25.75256448433402 ], [ -80.368853636781949, 25.752571968877195 ], [ -80.368818484378878, 25.752566580319971 ], [ -80.368817139252755, 25.752574064862639 ], [ -80.368790774951094, 25.75257002343654 ], [ -80.368779296592322, 25.752583645377054 ], [ -80.368754277421203, 25.752572119399673 ], [ -80.368756967683893, 25.75255715031571 ], [ -80.368738046355062, 25.752561940563897 ], [ -80.368736701222161, 25.752569425105612 ], [ -80.368719125024185, 25.752566730808507 ], [ -80.368720470158536, 25.752559246266973 ], [ -80.368685317768737, 25.752553857664029 ], [ -80.368686662905802, 25.752546373122613 ], [ -80.368642722428277, 25.752539637352349 ], [ -80.368641377287574, 25.752547121893361 ], [ -80.368606224907481, 25.752541733263183 ], [ -80.368604879763623, 25.752549217803658 ], [ -80.368542017954582, 25.752547272210872 ], [ -80.368540672805196, 25.752554756750367 ], [ -80.368575825186468, 25.752560145402708 ], [ -80.36857448003974, 25.752567629942334 ], [ -80.368608287284218, 25.752580503122665 ], [ -80.368606942139962, 25.752587987662238 ], [ -80.368633306438539, 25.752592029135236 ], [ -80.368639404255234, 25.752608345370604 ], [ -80.368648192357014, 25.752609692526182 ], [ -80.368644156932405, 25.752632146143821 ], [ -80.368609004518106, 25.752626757516037 ], [ -80.368606314228032, 25.752641726592842 ], [ -80.36856237370894, 25.752634990790281 ], [ -80.368550895306214, 25.752648612702536 ], [ -80.368506954787904, 25.752641876876467 ], [ -80.368504264479995, 25.752656845949879 ], [ -80.368529283642417, 25.752668371984939 ], [ -80.368535381445071, 25.752684688222566 ], [ -80.368544169552905, 25.752686035386688 ], [ -80.368541479249984, 25.752701004458988 ], [ -80.368550267359538, 25.752702351622517 ], [ -80.368547577057157, 25.752717320694192 ], [ -80.368563808129949, 25.752727499555032 ], [ -80.368561117829088, 25.752742468625872 ], [ -80.368533408335693, 25.752745911671216 ], [ -80.368529372875443, 25.752768365274704 ], [ -80.368491530099817, 25.752777945677376 ], [ -80.368488839785101, 25.75279291474396 ], [ -80.36850641602129, 25.752795609078472 ], [ -80.368502380551874, 25.752818062677377 ], [ -80.368521301948775, 25.75281327247642 ], [ -80.36851995679352, 25.752820757009356 ], [ -80.36853753303626, 25.752823451338312 ], [ -80.368536187882242, 25.752830935871216 ], [ -80.368544976004742, 25.752832283034646 ], [ -80.368546321158021, 25.752824798501642 ], [ -80.368588916621277, 25.752839018840437 ], [ -80.368590261770933, 25.752831534307024 ], [ -80.368607838017979, 25.752834228623879 ], [ -80.368609183165944, 25.752826744090097 ], [ -80.368644335660349, 25.752832132714403 ], [ -80.368642990515312, 25.752839617248505 ], [ -80.368668009748063, 25.752851143243188 ], [ -80.368669354891139, 25.752843658709033 ], [ -80.368704507396046, 25.752849047312495 ], [ -80.368705852535982, 25.752841562777814 ], [ -80.368749793169528, 25.752848298514703 ], [ -80.36874844803323, 25.752855783049792 ], [ -80.368757236161457, 25.752857130194982 ], [ -80.368754545889644, 25.752872099264771 ], [ -80.368763334019604, 25.752873446409378 ], [ -80.368764679154907, 25.752865961874502 ], [ -80.368799831674593, 25.75287135044502 ], [ -80.368801176806741, 25.752863865909596 ], [ -80.368837674456827, 25.752861769931762 ], [ -80.368839019585621, 25.752854285395649 ], [ -80.368874172105166, 25.752859673940964 ], [ -80.368875517230819, 25.75285218940429 ], [ -80.368945822277055, 25.752862966457947 ], [ -80.368944477157257, 25.752870450995282 ], [ -80.368962053422962, 25.752873145251304 ], [ -80.368968151320303, 25.752889461452718 ], [ -80.368976939455294, 25.752890808579 ], [ -80.368977656885974, 25.752937062924495 ], [ -80.36896886874635, 25.752935715798476 ], [ -80.368966178508202, 25.752950684870079 ], [ -80.36897496664929, 25.752952031996276 ] ], [ [ -80.368643618406182, 25.752785878351261 ], [ -80.368590889694033, 25.752777795408733 ], [ -80.368594925138964, 25.752755341803493 ], [ -80.36861250137089, 25.752758036120191 ], [ -80.368613846517306, 25.752750551584569 ], [ -80.368631422748834, 25.752753245898081 ], [ -80.368632767893558, 25.752745761362092 ], [ -80.368783511025043, 25.752761178365795 ], [ -80.368782165892952, 25.752768662903406 ], [ -80.368745668280269, 25.752770758862191 ], [ -80.368744323144796, 25.752778243399067 ], [ -80.368709170665824, 25.752772854808018 ], [ -80.368707825527224, 25.752780339344355 ], [ -80.368644963550352, 25.752778393815866 ], [ -80.368643618406182, 25.752785878351261 ] ], [ [ -80.368671238513102, 25.752682441991507 ], [ -80.368636086076989, 25.752677053373855 ], [ -80.368637431220137, 25.752669568836009 ], [ -80.368628643112501, 25.75266822167978 ], [ -80.368631333399563, 25.752653252603665 ], [ -80.368640121505734, 25.752654599759722 ], [ -80.368641466648199, 25.752647115221261 ], [ -80.368667830966132, 25.752651156684646 ], [ -80.368673928793328, 25.752667472914951 ], [ -80.368682716901588, 25.752668820067306 ], [ -80.368671238513102, 25.752682441991507 ] ], [ [ -80.368734100421833, 25.752684387504519 ], [ -80.368690159871562, 25.752677651757455 ], [ -80.368694195286494, 25.75265519814122 ], [ -80.368783421502485, 25.752661185074022 ], [ -80.368784766632828, 25.752653700533859 ], [ -80.36883749528829, 25.752661783380198 ], [ -80.368838840414014, 25.752654298839381 ], [ -80.368856416633207, 25.752656993115274 ], [ -80.368857761757241, 25.752649508574056 ], [ -80.368884126085874, 25.752653549982011 ], [ -80.368885471207506, 25.752646065440342 ], [ -80.368946987978617, 25.752655495365129 ], [ -80.368944297745315, 25.752670464449405 ], [ -80.368935509632891, 25.752669117319403 ], [ -80.368934164515181, 25.752676601861147 ], [ -80.368836150162323, 25.752669267920869 ], [ -80.36883480503613, 25.752676752461333 ], [ -80.368763155020417, 25.752673459865093 ], [ -80.368761809887943, 25.752680944404489 ], [ -80.368735445556723, 25.752676902965565 ], [ -80.368734100421833, 25.752684387504519 ] ], [ [ -80.368734010955635, 25.75258439418846 ], [ -80.368725222855048, 25.752583047040115 ], [ -80.368726567989157, 25.752575562498869 ], [ -80.368735356089005, 25.752576909647143 ], [ -80.368734010955635, 25.75258439418846 ] ] ] } },
{ "type": "Feature", "properties": { "hotspot_id": "fiu_hs_054", "area_m2": 326.77284157654537, "depth_max_m": 0.40638232231140137, "depth_mean_m": 0.26413795208108837, "building_frac": 0.0, "lots": null, "roads": null }, "geometry": { "type": "Polygon", "coordinates": [ [ [ -80.378520793876021, 25.754807050764068 ], [ -80.378522138208851, 25.75479956614738 ], [ -80.37853971515483, 25.754802258751017 ], [ -80.378545092478006, 25.754772320281635 ], [ -80.378553880948488, 25.754773666582008 ], [ -80.378555225277978, 25.754766181964076 ], [ -80.378530204200985, 25.754754658443101 ], [ -80.378531548532209, 25.754747173825042 ], [ -80.378522760064726, 25.754745827522655 ], [ -80.378525448727942, 25.754730858286127 ], [ -80.378516660262179, 25.754729511983154 ], [ -80.378538892030249, 25.754656012091782 ], [ -80.378522659444016, 25.754645834866416 ], [ -80.378509115524167, 25.754620688396827 ], [ -80.378473961707883, 25.75461530317294 ], [ -80.378475306041778, 25.754607818552316 ], [ -80.378422575329836, 25.754599740694296 ], [ -80.378421230991577, 25.75460722531442 ], [ -80.37836850028495, 25.754599147428682 ], [ -80.378367155942087, 25.754606632048088 ], [ -80.378349579040588, 25.754603939413297 ], [ -80.378331380168504, 25.754654985423556 ], [ -80.378322591713328, 25.75465363910369 ], [ -80.378313181275246, 25.754706031422383 ], [ -80.378321969735524, 25.754707377742843 ], [ -80.378319281038316, 25.754722346975157 ], [ -80.37834564642516, 25.754726385932486 ], [ -80.378348335117991, 25.754711416699653 ], [ -80.378365912040991, 25.754714109333754 ], [ -80.378363223351073, 25.754729078566907 ], [ -80.378372011814434, 25.754730424882979 ], [ -80.378370667469866, 25.754737909499351 ], [ -80.378397032863745, 25.754741948443307 ], [ -80.378401065890202, 25.754719494592862 ], [ -80.378418642816428, 25.754722187217897 ], [ -80.378419987156661, 25.75471470260052 ], [ -80.378428775619454, 25.754716048911821 ], [ -80.37843146429779, 25.75470107967633 ], [ -80.378449041221273, 25.754703772296324 ], [ -80.378440975192262, 25.754748680001441 ], [ -80.378432186726016, 25.754747333691327 ], [ -80.378430842386337, 25.754754818308072 ], [ -80.378447074982063, 25.754764995544434 ], [ -80.378444386304437, 25.754779964777324 ], [ -80.378435597835022, 25.754778618467629 ], [ -80.378434253495129, 25.754786103083685 ], [ -80.378478195848615, 25.754792834624979 ], [ -80.378476851512133, 25.754800319241266 ], [ -80.378485639984376, 25.75480166554734 ], [ -80.378486984320134, 25.754794180930972 ], [ -80.378513349736252, 25.75479821984441 ], [ -80.378512005402698, 25.754805704461031 ], [ -80.378520793876021, 25.754807050764068 ] ], [ [ -80.378480884520869, 25.754777865391841 ], [ -80.378454519112339, 25.75477382646983 ], [ -80.378455863450313, 25.75476634185322 ], [ -80.378483573192199, 25.754762896157917 ], [ -80.378480884520869, 25.754777865391841 ] ] ] } },
{ "type": "Feature", "properties": { "hotspot_id": "fiu_hs_055", "area_m2": 146.48437726066609, "depth_max_m": 0.40378201007843018, "depth_mean_m": 0.25473619118714946, "building_frac": 0.0, "lots": null, "roads": null }, "geometry": { "type": "Polygon", "coordinates": [ [ [ -80.373271545929256, 25.756279200899726 ], [ -80.373272890732295, 25.756271716386397 ], [ -80.37326410219282, 25.756270369641395 ], [ -80.373266791799679, 25.756255400614315 ], [ -80.373258003261938, 25.756254053868695 ], [ -80.373271451289696, 25.756179208722525 ], [ -80.373280239820147, 25.756180555467296 ], [ -80.373282929421492, 25.756165586435561 ], [ -80.37329171795075, 25.756166933179408 ], [ -80.373293062750349, 25.756159448663169 ], [ -80.373310639808224, 25.756162142148444 ], [ -80.373322117931707, 25.756148519856364 ], [ -80.373349828311518, 25.756145075558521 ], [ -80.373353862693762, 25.756122622005382 ], [ -80.373337630437547, 25.756112444009222 ], [ -80.373340320027012, 25.756097474972755 ], [ -80.37323620257132, 25.75607382952532 ], [ -80.373229478553341, 25.756111252111012 ], [ -80.373245710796795, 25.756121430124267 ], [ -80.373243021190461, 25.756136399157121 ], [ -80.373215310809201, 25.756139843426304 ], [ -80.373203832670285, 25.756153465706838 ], [ -80.373195044143714, 25.756152118955413 ], [ -80.373192354527788, 25.756167087985503 ], [ -80.373236297170592, 25.756173821735846 ], [ -80.373242396091882, 25.75619013751394 ], [ -80.373251184622973, 25.756191484261159 ], [ -80.373247150211299, 25.756213937805381 ], [ -80.373191729397959, 25.756220826336808 ], [ -80.373190384588781, 25.756228310850279 ], [ -80.373216750191972, 25.756232351102465 ], [ -80.373215405384755, 25.756239835615979 ], [ -80.373246525114709, 25.756267676149086 ], [ -80.373245180309482, 25.756275160662153 ], [ -80.373271545929256, 25.756279200899726 ] ] ] } },
{ "type": "Feature", "properties": { "hotspot_id": "fiu_hs_056", "area_m2": 424.42909308271464, "depth_max_m": 0.40240681171417236, "depth_mean_m": 0.22285944845824116, "building_frac": 0.0, "lots": null, "roads": null }, "geometry": { "type": "Polygon", "coordinates": [ [ [ -80.375197092173266, 25.754659295742744 ], [ -80.375198436787272, 25.754651811165981 ], [ -80.375207225194345, 25.754653157752678 ], [ -80.375208569807384, 25.754645673175631 ], [ -80.375257890278462, 25.754622467785588 ], [ -80.375259234886727, 25.754614983207158 ], [ -80.375313309920301, 25.754615578106669 ], [ -80.375327476734924, 25.754586986364945 ], [ -80.375336265137477, 25.754588332940905 ], [ -80.375338954339355, 25.754573363780171 ], [ -80.375347742740729, 25.754574710355204 ], [ -80.37535043194022, 25.754559741193553 ], [ -80.375341643540324, 25.754558394618694 ], [ -80.375353121138815, 25.754544772031132 ], [ -80.37539840773043, 25.754544020311346 ], [ -80.375395718539593, 25.754558989475008 ], [ -80.375368008740864, 25.754562434341018 ], [ -80.375365319544272, 25.754577403503003 ], [ -80.37538155175173, 25.754587581228638 ], [ -80.375380207154308, 25.754595065809319 ], [ -80.375397783962939, 25.754597758951384 ], [ -80.375396439366767, 25.754605243532012 ], [ -80.375440381396672, 25.754611976374385 ], [ -80.375443070581511, 25.754597007212077 ], [ -80.375472124977875, 25.754586077744335 ], [ -80.37547884792275, 25.75454865483194 ], [ -80.375455171901947, 25.754529645972031 ], [ -80.375457861081742, 25.754514676805439 ], [ -80.375412574505773, 25.754515428551461 ], [ -80.375413919099202, 25.754507943968481 ], [ -80.375422707495161, 25.754509290537381 ], [ -80.375416608285377, 25.754492974801931 ], [ -80.37534630113899, 25.754482202224786 ], [ -80.375344956540189, 25.754489686807496 ], [ -80.375318591362571, 25.754485647078344 ], [ -80.375317246761355, 25.754493131660599 ], [ -80.37528343779617, 25.754480260762215 ], [ -80.375282093192041, 25.754487745344143 ], [ -80.375273304800388, 25.754486398763127 ], [ -80.375274649405256, 25.754478914181291 ], [ -80.375240840451781, 25.754466043268316 ], [ -80.375219229846664, 25.754485803842361 ], [ -80.375201653065943, 25.754483110668836 ], [ -80.375190175452005, 25.754496733242163 ], [ -80.375181387060863, 25.754495386653357 ], [ -80.3751786978345, 25.754510355813625 ], [ -80.375149643426667, 25.754521285201136 ], [ -80.375141575726204, 25.754566192673469 ], [ -80.375132787328852, 25.754564846080804 ], [ -80.375128753473334, 25.754587299814116 ], [ -80.375146330272699, 25.754589992999222 ], [ -80.375142296419497, 25.754612446731244 ], [ -80.375167317011091, 25.754623971081166 ], [ -80.375170726951495, 25.754655255977866 ], [ -80.375197092173266, 25.754659295742744 ] ] ] } },
{ "type": "Feature", "properties": { "hotspot_id": "fiu_hs_057", "area_m2": 92.397837963334283, "depth_max_m": 0.40075445175170898, "depth_mean_m": 0.21681690991409425, "building_frac": 0.0, "lots": null, "roads": null }, "geometry": { "type": "Polygon", "coordinates": [ [ [ -80.373407977210775, 25.756876900845214 ], [ -80.373409322011341, 25.756869416344202 ], [ -80.373418110613017, 25.756870763074271 ], [ -80.373426179407218, 25.75682585606376 ], [ -80.373452545200763, 25.756829896247933 ], [ -80.373451200404475, 25.756837380750422 ], [ -80.37346877760298, 25.756840074202927 ], [ -80.373467432807956, 25.756847558705395 ], [ -80.373476221408325, 25.75684890543058 ], [ -80.373477566202652, 25.756841420928037 ], [ -80.373486354802566, 25.756842767652394 ], [ -80.373485010008991, 25.756850252155012 ], [ -80.373520164414316, 25.756855639045224 ], [ -80.373521509204977, 25.756848154542269 ], [ -80.373530297806255, 25.756849501262842 ], [ -80.373532987385445, 25.756834532256196 ], [ -80.37354177598553, 25.756835878975856 ], [ -80.373544465562347, 25.756820909968237 ], [ -80.373573520931387, 25.75680998111326 ], [ -80.373577555286957, 25.756787527598483 ], [ -80.373538366541069, 25.756804594240524 ], [ -80.3735343321747, 25.756827047752555 ], [ -80.37352554357561, 25.756825701032213 ], [ -80.373524198785631, 25.756833185535772 ], [ -80.373489044389061, 25.756827798646572 ], [ -80.373482945377603, 25.756811482915928 ], [ -80.373465368184398, 25.756808789465602 ], [ -80.373466712979024, 25.756801304962245 ], [ -80.373386270828277, 25.756796668901703 ], [ -80.373384926026873, 25.756804153404126 ], [ -80.373376137432373, 25.756802806670937 ], [ -80.37337344782739, 25.756817775675003 ], [ -80.373364659231711, 25.756816428940887 ], [ -80.373361969624355, 25.756831397944026 ], [ -80.373353181027483, 25.756830051208976 ], [ -80.373349146612554, 25.756852504711954 ], [ -80.37336672381096, 25.756855198181757 ], [ -80.373372822803816, 25.756871513917055 ], [ -80.373407977210775, 25.756876900845214 ] ] ] } },
{ "type": "Feature", "properties": { "hotspot_id": "fiu_hs_058", "area_m2": 1532.4519467115588, "depth_max_m": 0.40056788921356201, "depth_mean_m": 0.22599954044117648, "building_frac": 0.0, "lots": null, "roads": null }, "geometry": { "type": "Polygon", "coordinates": [ [ [ -80.375586471535115, 25.754703575684569 ], [ -80.375587816116578, 25.754696091103778 ], [ -80.37564054662549, 25.754704170411959 ], [ -80.375644580355441, 25.754681716666873 ], [ -80.375653368772348, 25.754683063215342 ], [ -80.375656057923052, 25.754668094050832 ], [ -80.37569524530312, 25.75465102648721 ], [ -80.375697934445682, 25.754636057320091 ], [ -80.375715511272261, 25.754638750407558 ], [ -80.375719544980029, 25.754616296654888 ], [ -80.375693179747117, 25.754612257023322 ], [ -80.375694524318106, 25.754604772438974 ], [ -80.375685735908391, 25.754603425893684 ], [ -80.375688425051138, 25.754588456724544 ], [ -80.375732367095054, 25.75459518944259 ], [ -80.37573371166242, 25.754587704857318 ], [ -80.375751288480416, 25.754590397939069 ], [ -80.375749943914499, 25.7545978825245 ], [ -80.375767520735025, 25.754600575603401 ], [ -80.375774243555043, 25.754563152673441 ], [ -80.375793164931224, 25.754558361161742 ], [ -80.375795854054246, 25.754543391987664 ], [ -80.375822219271186, 25.754547431593799 ], [ -80.375823563830167, 25.754539947006219 ], [ -80.375832352235633, 25.754541293539997 ], [ -80.375835041351451, 25.754526324364107 ], [ -80.375851273603928, 25.754536502017274 ], [ -80.375845895376273, 25.754566440368198 ], [ -80.37586957149162, 25.754585449136009 ], [ -80.375855404853851, 25.754614040952479 ], [ -80.375872981680843, 25.754616734013229 ], [ -80.375875670792055, 25.75460176483983 ], [ -80.375893247617213, 25.754604457897226 ], [ -80.37590472513611, 25.754590835250116 ], [ -80.375932434922746, 25.754587390239877 ], [ -80.375935124022917, 25.754572421063532 ], [ -80.375954045392305, 25.754567629522391 ], [ -80.375956734488184, 25.754552660344547 ], [ -80.375965522896948, 25.754554006866908 ], [ -80.375966867443807, 25.754546522277622 ], [ -80.375993232669586, 25.754550561839906 ], [ -80.375994577214016, 25.754543077250162 ], [ -80.375978344943718, 25.7545328996198 ], [ -80.375981034034382, 25.7545179304397 ], [ -80.375964801770294, 25.754507752806397 ], [ -80.375967490862507, 25.754492783625448 ], [ -80.375932337253417, 25.754487397531118 ], [ -80.375933681802096, 25.754479912940667 ], [ -80.375916105000641, 25.754477219889132 ], [ -80.375918794100215, 25.754462250708034 ], [ -80.375910005701328, 25.754460904181283 ], [ -80.375912694801457, 25.754445934999559 ], [ -80.375903906404318, 25.754444588472236 ], [ -80.375906595504972, 25.754429619289905 ], [ -80.375870097371802, 25.754431717764618 ], [ -80.375863998084213, 25.754415402051709 ], [ -80.375846421297808, 25.754412708987722 ], [ -80.375851799515857, 25.754382770622243 ], [ -80.37584301112598, 25.754381424089448 ], [ -80.375845700235089, 25.754366454905725 ], [ -80.375836911846918, 25.754365108372319 ], [ -80.375838256401863, 25.754357623780251 ], [ -80.375809202126717, 25.754368553359267 ], [ -80.375807857569143, 25.754376037950713 ], [ -80.375781492404357, 25.754371998338694 ], [ -80.375784181523656, 25.754357029156136 ], [ -80.375775393137403, 25.75435568261744 ], [ -80.375776737697421, 25.754348198025966 ], [ -80.375785526082964, 25.754349544564551 ], [ -80.375789559759525, 25.754327090788649 ], [ -80.375798348143149, 25.75432843732624 ], [ -80.375799692700809, 25.754320952733806 ], [ -80.375824713295628, 25.754332476934479 ], [ -80.375836190789599, 25.754318854283333 ], [ -80.375853767556904, 25.754321547349853 ], [ -80.375855112109733, 25.754314062756517 ], [ -80.375863900493059, 25.754315409288566 ], [ -80.375866589596569, 25.754300440101161 ], [ -80.375875377978701, 25.754301786632301 ], [ -80.375879411630081, 25.754279332849496 ], [ -80.375836814286671, 25.754265115593309 ], [ -80.375850980874191, 25.754236523747885 ], [ -80.375834748677235, 25.754226346085034 ], [ -80.37582120559226, 25.754201199228351 ], [ -80.375777263738783, 25.754194466539879 ], [ -80.375779952853378, 25.75417949734905 ], [ -80.375753587748918, 25.754175457727381 ], [ -80.375754932308041, 25.754167973131914 ], [ -80.375746143941171, 25.754166626589935 ], [ -80.375748833060214, 25.75415165739858 ], [ -80.37573125633017, 25.754148964312673 ], [ -80.375725157088027, 25.754132648576974 ], [ -80.375663638553434, 25.754123222748351 ], [ -80.375660949420734, 25.754138191938814 ], [ -80.37563592890281, 25.754126667691263 ], [ -80.375624451402899, 25.754140290328358 ], [ -80.375606874678937, 25.754137597221106 ], [ -80.375605530107649, 25.754145081815341 ], [ -80.375596741745326, 25.754143735260516 ], [ -80.37559405260059, 25.754158704448272 ], [ -80.375585264237102, 25.75415735789251 ], [ -80.375574507643123, 25.754217234635057 ], [ -80.375590739808217, 25.754227412339279 ], [ -80.375588050659871, 25.754242381522918 ], [ -80.375604282831191, 25.754252559224188 ], [ -80.375602938257927, 25.754260043815687 ], [ -80.375629303380848, 25.754264083474862 ], [ -80.375627958809531, 25.754271568066422 ], [ -80.375636747185112, 25.754272914618053 ], [ -80.375631368900443, 25.754302852982654 ], [ -80.375640157279221, 25.754304199533845 ], [ -80.375636123565485, 25.754326653305533 ], [ -80.375661144140452, 25.754338177545769 ], [ -80.375649666616795, 25.754351800176586 ], [ -80.375658455000732, 25.754353146726022 ], [ -80.375655765860088, 25.754368115905478 ], [ -80.375636844517445, 25.754372907394782 ], [ -80.375638189089557, 25.754365422805524 ], [ -80.375629400704682, 25.754364076254408 ], [ -80.375617923172697, 25.754377698880567 ], [ -80.375609134786927, 25.754376352327778 ], [ -80.375592278945007, 25.754419913302637 ], [ -80.375627432506178, 25.754425299514288 ], [ -80.375633531750466, 25.754441615240733 ], [ -80.375642320143172, 25.75444296179116 ], [ -80.375639630997028, 25.754457930965977 ], [ -80.375630842602874, 25.754456584415365 ], [ -80.375628153454358, 25.754471553589216 ], [ -80.375594344451898, 25.754458682792094 ], [ -80.375592999874627, 25.754466167378595 ], [ -80.37557542308636, 25.754463474268753 ], [ -80.375576767665109, 25.754455989682413 ], [ -80.37556797927212, 25.75445464312644 ], [ -80.37557066843037, 25.754439673953357 ], [ -80.37557945682191, 25.75444102050918 ], [ -80.375580801399948, 25.754433535922253 ], [ -80.375563224618602, 25.754430842810049 ], [ -80.375551747067632, 25.754444465425959 ], [ -80.375542958676164, 25.754443118867794 ], [ -80.375540269513095, 25.754458088039982 ], [ -80.375531481120433, 25.754456741480901 ], [ -80.375528791954977, 25.754471710652162 ], [ -80.375520003561135, 25.754470364092143 ], [ -80.375503147656943, 25.754513925039507 ], [ -80.375511936054878, 25.754515271600745 ], [ -80.375506557712754, 25.754545209935916 ], [ -80.37553023374889, 25.754564218783084 ], [ -80.375526199995093, 25.754586672532 ], [ -80.375517411589783, 25.754585325972268 ], [ -80.375514722417975, 25.754600295137074 ], [ -80.375530954646976, 25.754610472838419 ], [ -80.375528265476717, 25.754625442002382 ], [ -80.375537053886219, 25.754626788561019 ], [ -80.37553570930146, 25.754634273142806 ], [ -80.375559385367922, 25.754653281977919 ], [ -80.375560106282123, 25.754699536020027 ], [ -80.375586471535115, 25.754703575684569 ] ], [ [ -80.375680981214913, 25.754579625593909 ], [ -80.375663404401237, 25.754576932500065 ], [ -80.375664748974202, 25.754569447915237 ], [ -80.37567353738018, 25.754570794462467 ], [ -80.375676226524007, 25.754555825292115 ], [ -80.375685014928791, 25.754557171838421 ], [ -80.375680981214913, 25.754579625593909 ] ], [ [ -80.375883738120166, 25.754556857314991 ], [ -80.375866161304828, 25.754554164255573 ], [ -80.375870194970162, 25.754531710491012 ], [ -80.375853962716377, 25.754521532840677 ], [ -80.375857996383317, 25.754499079074268 ], [ -80.375866784785217, 25.754500425605286 ], [ -80.375869473893928, 25.754485456426565 ], [ -80.375887050695596, 25.754488149486004 ], [ -80.375885706142824, 25.754495634075642 ], [ -80.375894494544795, 25.754496980604301 ], [ -80.37589180544002, 25.754511949783144 ], [ -80.37590059384371, 25.754513296311202 ], [ -80.375897904739475, 25.754528265489434 ], [ -80.375889116334307, 25.754526918961215 ], [ -80.375883738120166, 25.754556857314991 ] ], [ [ -80.37574581275851, 25.754520343581106 ], [ -80.37572823595471, 25.754517650497846 ], [ -80.375729580521252, 25.754510165910787 ], [ -80.375748501888438, 25.754505374406488 ], [ -80.37574581275851, 25.754520343581106 ] ] ] } },
{ "type": "Feature", "properties": { "hotspot_id": "fiu_hs_059", "area_m2": 1957.6322417323906, "depth_max_m": 0.39750957489013672, "depth_mean_m": 0.22447533655056839, "building_frac": 0.0, "lots": "North of University Towers Parking Lot", "roads": null }, "geometry": { "type": "Polygon", "coordinates": [ [ [ -80.375982011292834, 25.755517856010055 ], [ -80.375983355853066, 25.755510371443329 ], [ -80.376098950990709, 25.755520391524485 ], [ -80.376110428597471, 25.75550676889381 ], [ -80.376135449571152, 25.755518292975797 ], [ -80.376136794118295, 25.755510808407074 ], [ -80.376180736658412, 25.755517540914035 ], [ -80.376192214252086, 25.755503918274123 ], [ -80.376237501331445, 25.755503166187328 ], [ -80.376259111957808, 25.755483405462925 ], [ -80.376301709960927, 25.755497622489631 ], [ -80.376303054493576, 25.75549013791823 ], [ -80.376320631509785, 25.755492830895079 ], [ -80.376332109078518, 25.755479208238494 ], [ -80.376349686093405, 25.755481901210441 ], [ -80.376361163656213, 25.755468278550175 ], [ -80.376387529177023, 25.755472317999676 ], [ -80.37638887370197, 25.755464833426561 ], [ -80.376415239223007, 25.755468872869006 ], [ -80.376416583745538, 25.755461388295465 ], [ -80.37645308229385, 25.755459289633723 ], [ -80.376464559837643, 25.755445666960927 ], [ -80.376501058378267, 25.755443568282082 ], [ -80.376502402893081, 25.755436083706797 ], [ -80.376531457435291, 25.755425153968911 ], [ -80.376534146458965, 25.755410184816498 ], [ -80.376490203945494, 25.755403452458175 ], [ -80.376491548460635, 25.755395967882105 ], [ -80.376482759959472, 25.75539462140825 ], [ -80.376484104475111, 25.755387136832049 ], [ -80.376452984030351, 25.755359297200688 ], [ -80.376452262640171, 25.755313043261168 ], [ -80.376461051132694, 25.755314389737972 ], [ -80.376462395648957, 25.755306905160161 ], [ -80.376513782093483, 25.755322468582907 ], [ -80.376515126605355, 25.755314984004606 ], [ -80.376523915099028, 25.755316330476028 ], [ -80.376525259609949, 25.755308845897456 ], [ -80.376481317147906, 25.75530211353318 ], [ -80.376492073256188, 25.755242236900884 ], [ -80.376475840798889, 25.755232059371462 ], [ -80.376479874339381, 25.75520960563108 ], [ -80.376462297375028, 25.755206912679039 ], [ -80.376459608345343, 25.755221881839166 ], [ -80.3764508198621, 25.755220535361854 ], [ -80.376463018769627, 25.755253166633992 ], [ -80.376444097280213, 25.755257958258365 ], [ -80.376445441797046, 25.755250473679435 ], [ -80.376436653311174, 25.755249127201015 ], [ -80.376440686862495, 25.755226673463376 ], [ -80.37642310989591, 25.755223980504777 ], [ -80.376424454414021, 25.755216495925346 ], [ -80.376433242896454, 25.755217842404946 ], [ -80.376437276447191, 25.755195388665204 ], [ -80.376418354968848, 25.755200180285701 ], [ -80.3764210440049, 25.755185211125639 ], [ -80.37640346704724, 25.75518251816333 ], [ -80.376404811566374, 25.755175033583175 ], [ -80.376385890090646, 25.75517982519801 ], [ -80.376381856527459, 25.755202278936842 ], [ -80.376355491088034, 25.755198239482432 ], [ -80.376356835611517, 25.755190754903285 ], [ -80.376348047132979, 25.755189408417046 ], [ -80.376350736180697, 25.755174439258298 ], [ -80.376324370751078, 25.755170399795578 ], [ -80.376325715276778, 25.755162915216161 ], [ -80.376299349851763, 25.755158875746869 ], [ -80.376300694379424, 25.755151391167491 ], [ -80.376281772903098, 25.755156182763553 ], [ -80.376280428373761, 25.755163667342558 ], [ -80.376245274476759, 25.755158281366537 ], [ -80.376243929944252, 25.755165765945012 ], [ -80.376226352995928, 25.755163072952293 ], [ -80.376225008461745, 25.755170557530416 ], [ -80.376189854565382, 25.755165171535584 ], [ -80.376191199102479, 25.755157686957791 ], [ -80.376173622157381, 25.755154993956015 ], [ -80.376172277618835, 25.755162478533634 ], [ -80.376144567660035, 25.755165923602185 ], [ -80.376138468270398, 25.755149607943359 ], [ -80.376120891328526, 25.755146914932485 ], [ -80.376118202242452, 25.75516188408653 ], [ -80.376109413770465, 25.755160537579794 ], [ -80.376106724682018, 25.7551755067329 ], [ -80.376097936208836, 25.755174160225241 ], [ -80.376096591663526, 25.755181644801414 ], [ -80.376071570790927, 25.755170120697741 ], [ -80.376070226243428, 25.755177605273666 ], [ -80.376061437770616, 25.755176258762905 ], [ -80.37605740412458, 25.755198712489271 ], [ -80.376048615649836, 25.755197365977491 ], [ -80.376041892898243, 25.755234788850458 ], [ -80.376050681376626, 25.755236135362651 ], [ -80.376047992275829, 25.755251104510645 ], [ -80.376030415316407, 25.755248411485187 ], [ -80.37602638165913, 25.755270865205212 ], [ -80.376035170140895, 25.75527221171857 ], [ -80.376033825588749, 25.755279696291598 ], [ -80.376016248624026, 25.75527700326397 ], [ -80.376002705324922, 25.755251856514619 ], [ -80.375968895966935, 25.755238985872268 ], [ -80.375970240524012, 25.755231501299104 ], [ -80.375954008129199, 25.755221323687032 ], [ -80.375960730917257, 25.75518390081821 ], [ -80.375933020943407, 25.75518734582959 ], [ -80.375935710061839, 25.755172376681578 ], [ -80.375926921591613, 25.755171030159321 ], [ -80.375924232471704, 25.755185999307145 ], [ -80.375906655529121, 25.755183306259998 ], [ -80.375905310967369, 25.755190790833456 ], [ -80.375862713177384, 25.755176573628887 ], [ -80.375860024046361, 25.755191542774774 ], [ -80.375842447104645, 25.755188849716728 ], [ -80.375843791671713, 25.755181365144043 ], [ -80.375827559300845, 25.755171187510385 ], [ -80.375830248436785, 25.75515621836438 ], [ -80.375821459969785, 25.755154871833017 ], [ -80.375828182809272, 25.755117448965017 ], [ -80.375847104301997, 25.755112657451793 ], [ -80.37585113799787, 25.75509020372758 ], [ -80.375859926458844, 25.755091550256665 ], [ -80.37587140404662, 25.755077927634218 ], [ -80.375915346349643, 25.755084660263698 ], [ -80.375914001790136, 25.755092144839605 ], [ -80.375949155640313, 25.75509753092993 ], [ -80.375950500196907, 25.755090046353686 ], [ -80.375959288659402, 25.755091392874281 ], [ -80.37595525499114, 25.755113846602661 ], [ -80.375972831921288, 25.755116539642099 ], [ -80.375984309494811, 25.755102917008134 ], [ -80.376001886423666, 25.755105610042708 ], [ -80.376003230975883, 25.755098125465981 ], [ -80.375968077122153, 25.755092739394136 ], [ -80.375969421677055, 25.755085254817544 ], [ -80.375960633215016, 25.75508390829777 ], [ -80.375963322325589, 25.755068939144177 ], [ -80.375954533865283, 25.755067592623817 ], [ -80.375959912086586, 25.755037654314602 ], [ -80.375942335172624, 25.755034961272273 ], [ -80.375936235829684, 25.755018645594699 ], [ -80.375907181347927, 25.755029575178572 ], [ -80.37590852590705, 25.755022090601276 ], [ -80.37588216054354, 25.75501805102331 ], [ -80.375883505104625, 25.75501056644606 ], [ -80.375865928198422, 25.755007873390472 ], [ -80.375867272760743, 25.755000388813201 ], [ -80.375842251969914, 25.754988864647171 ], [ -80.375830774389257, 25.755002487270215 ], [ -80.375794276016038, 25.755004585714239 ], [ -80.375792931447435, 25.755012070290469 ], [ -80.375738856166322, 25.755011475643737 ], [ -80.375707112509971, 25.75503737432129 ], [ -80.375680747151122, 25.755033334691916 ], [ -80.375678057993468, 25.755048303839832 ], [ -80.375659136505377, 25.755053095322967 ], [ -80.375655102762082, 25.755075549042282 ], [ -80.375637525849868, 25.755072855948224 ], [ -80.37563080293252, 25.755110278809028 ], [ -80.375611881428483, 25.755115070282535 ], [ -80.375606503083716, 25.755145008566252 ], [ -80.375577448519067, 25.755155938052649 ], [ -80.375566691797374, 25.755215814605645 ], [ -80.375582924146244, 25.755225992279001 ], [ -80.37558023496598, 25.755240961415257 ], [ -80.375597811910083, 25.755243654517667 ], [ -80.375599156498879, 25.755236169949473 ], [ -80.375628211087403, 25.755225240459701 ], [ -80.375634310387426, 25.755241556144885 ], [ -80.375688385809596, 25.755242150846115 ], [ -80.375687041228346, 25.755249635415325 ], [ -80.375695829702764, 25.755250981957747 ], [ -80.375693140540989, 25.755265951095772 ], [ -80.375719505970281, 25.755269990719007 ], [ -80.375722195127665, 25.755255021580496 ], [ -80.375730983603177, 25.755256368119898 ], [ -80.375729639025323, 25.755263852689353 ], [ -80.375764792932955, 25.755269238839727 ], [ -80.375763448357802, 25.755276723409288 ], [ -80.375772236836113, 25.755278069945057 ], [ -80.375769547686545, 25.755293039083796 ], [ -80.37577833616659, 25.755294385618999 ], [ -80.375783714461889, 25.755264447340419 ], [ -80.375801291416948, 25.755267140407888 ], [ -80.375802635988748, 25.755259655837595 ], [ -80.375820212943424, 25.755262348901859 ], [ -80.375832411622298, 25.755294980244447 ], [ -80.375858777066711, 25.755299019831629 ], [ -80.375860121634091, 25.755291535261325 ], [ -80.375877698596909, 25.755294228315506 ], [ -80.375889176208432, 25.755280605699799 ], [ -80.375906753169957, 25.755283298749102 ], [ -80.375905408606684, 25.755290783320209 ], [ -80.375930429491873, 25.755302307459889 ], [ -80.375931774053186, 25.755294822888754 ], [ -80.375940562535888, 25.755296169410084 ], [ -80.375945940775978, 25.75526623112318 ], [ -80.375963517736366, 25.755268924162916 ], [ -80.375975716469426, 25.755301555487844 ], [ -80.375993293437816, 25.755304248522194 ], [ -80.375994637993799, 25.755296763950266 ], [ -80.375985849510215, 25.75529541743354 ], [ -80.375997327105097, 25.755281794805835 ], [ -80.376014904070175, 25.755284487836651 ], [ -80.37601355951611, 25.755291972409125 ], [ -80.376048713452448, 25.755297358462041 ], [ -80.376051402554538, 25.755282389316214 ], [ -80.376094000426434, 25.755296606437916 ], [ -80.376092655878921, 25.755304091011141 ], [ -80.376101444365034, 25.755305437518697 ], [ -80.376102788911808, 25.755297952945401 ], [ -80.376137942856019, 25.7553033389677 ], [ -80.376139287399653, 25.755295854393861 ], [ -80.376173096804521, 25.75530872497793 ], [ -80.376174441345256, 25.75530124040375 ], [ -80.37620080680729, 25.755305279903229 ], [ -80.376202151345595, 25.75529779532862 ], [ -80.376238649830995, 25.755295696741843 ], [ -80.376239994365932, 25.755288212166516 ], [ -80.376265015294308, 25.755299736224945 ], [ -80.376266359827056, 25.755292251649365 ], [ -80.376292725290625, 25.755296291125394 ], [ -80.376294069820958, 25.75528880654938 ], [ -80.376329223773226, 25.755294192506515 ], [ -80.376352178852528, 25.755266947172476 ], [ -80.376378544312431, 25.755270986626844 ], [ -80.376381954709728, 25.755302271419517 ], [ -80.376390743200105, 25.755303617902374 ], [ -80.376388054155242, 25.755318587056049 ], [ -80.376396842647324, 25.755319933538306 ], [ -80.376394153603016, 25.755334902691381 ], [ -80.376385365109471, 25.755333556208942 ], [ -80.376384020586229, 25.755341040785133 ], [ -80.376392809080514, 25.755342387267653 ], [ -80.376388775511629, 25.755364840995217 ], [ -80.376397564008357, 25.755366187477229 ], [ -80.376389496868782, 25.755411094927609 ], [ -80.376398285370144, 25.755412441409359 ], [ -80.376392907275417, 25.755442379706057 ], [ -80.376373985741395, 25.755447171314675 ], [ -80.376372641215454, 25.755454655888013 ], [ -80.376336142667157, 25.755456754521248 ], [ -80.376334798137833, 25.755464239093868 ], [ -80.376290855612595, 25.755457506651549 ], [ -80.376289511079406, 25.755464991223551 ], [ -80.376207725464226, 25.755467841920918 ], [ -80.37620638092379, 25.755475326491581 ], [ -80.376136072893502, 25.75546455448746 ], [ -80.376134728347012, 25.75547203905727 ], [ -80.376090785833213, 25.7554653065297 ], [ -80.376089441282843, 25.755472791098892 ], [ -80.375966402269881, 25.75545393991991 ], [ -80.375967746830455, 25.75544645535189 ], [ -80.375878517292975, 25.755440474701327 ], [ -80.375879861860838, 25.755432990134135 ], [ -80.375749379035554, 25.755405307599506 ], [ -80.375750723613891, 25.75539782303316 ], [ -80.375697992678084, 25.755389743799128 ], [ -80.375699337260571, 25.75538225923307 ], [ -80.37567297179848, 25.755378219606104 ], [ -80.375674316382927, 25.75537073504011 ], [ -80.375631718543019, 25.755356517748005 ], [ -80.375630373955161, 25.755364002313776 ], [ -80.375661494140644, 25.7553918421935 ], [ -80.37566014955479, 25.755399326758845 ], [ -80.375695303512416, 25.755404712930652 ], [ -80.375696648095357, 25.755397228364984 ], [ -80.375705436584724, 25.755398574905961 ], [ -80.375717635239837, 25.75543120624814 ], [ -80.375751444635043, 25.755444076965222 ], [ -80.375750100056052, 25.755451561530496 ], [ -80.375827851953659, 25.755471164894722 ], [ -80.375826507380765, 25.755478649460368 ], [ -80.375852872880074, 25.755482689046715 ], [ -80.375851528309155, 25.755490173612404 ], [ -80.375904259319427, 25.755498252765193 ], [ -80.375902914752658, 25.755505737331188 ], [ -80.375938068767823, 25.755511123418238 ], [ -80.375939413331693, 25.755503638851931 ], [ -80.375948201835428, 25.755504985371715 ], [ -80.375946857272282, 25.755512469938125 ], [ -80.375982011292834, 25.755517856010055 ] ], [ [ -80.375783714461889, 25.755264447340419 ], [ -80.375757349031332, 25.755260407733562 ], [ -80.375760038181966, 25.755245438593619 ], [ -80.375796536656168, 25.7552433401633 ], [ -80.375795192084112, 25.755250824733917 ], [ -80.37578640360816, 25.755249478199978 ], [ -80.375783714461889, 25.755264447340419 ] ] ] } },
{ "type": "Feature", "properties": { "hotspot_id": "fiu_hs_060", "area_m2": 383.86418861336813, "depth_max_m": 0.39497256278991699, "depth_mean_m": 0.23475208021190069, "building_frac": 0.0, "lots": null, "roads": "Southwest 14th Street" }, "geometry": { "type": "Polygon", "coordinates": [ [ [ -80.377054437957725, 25.755228417219524 ], [ -80.377065915377997, 25.755214794469705 ], [ -80.377083492362459, 25.755217487318575 ], [ -80.377084836824139, 25.755210002730369 ], [ -80.377102413808203, 25.755212695576041 ], [ -80.377113891218968, 25.755199072820215 ], [ -80.377131468201767, 25.755201765661031 ], [ -80.377132812659127, 25.755194281071809 ], [ -80.377171999986942, 25.755177212974171 ], [ -80.377173344440465, 25.755169728383859 ], [ -80.377190921419199, 25.755172421214748 ], [ -80.377202398810951, 25.755158798447329 ], [ -80.377228764277504, 25.755162837685248 ], [ -80.377250374596883, 25.755143076731425 ], [ -80.377267951572634, 25.755145769549394 ], [ -80.377269296017488, 25.755138284957063 ], [ -80.377286872992869, 25.755140977771855 ], [ -80.377288217436032, 25.755133493179155 ], [ -80.377314582898933, 25.755137532395405 ], [ -80.377326060266924, 25.755123909612688 ], [ -80.377343637241168, 25.755126602417892 ], [ -80.377344981679272, 25.755119117824137 ], [ -80.377371347140468, 25.755123157026006 ], [ -80.37737269157617, 25.755115672431781 ], [ -80.377390268550187, 25.755118365229109 ], [ -80.377391612984198, 25.75511088063455 ], [ -80.377417978445052, 25.755114919824592 ], [ -80.377419322876648, 25.755107435229586 ], [ -80.377526129158255, 25.755116107324476 ], [ -80.377527473580642, 25.755108622728077 ], [ -80.377553839047067, 25.755112661883345 ], [ -80.377555183467052, 25.755105177286499 ], [ -80.377625491383597, 25.755115948333259 ], [ -80.3776268357975, 25.755108463735553 ], [ -80.377644412777883, 25.75511115648953 ], [ -80.377645757190095, 25.755103671891469 ], [ -80.377698488133319, 25.755111750134706 ], [ -80.377709965438356, 25.755098127308045 ], [ -80.377727542419208, 25.7551008200479 ], [ -80.377728886824187, 25.755093335448493 ], [ -80.377757941100185, 25.755082405352486 ], [ -80.377761974305812, 25.755059951551232 ], [ -80.377630147029151, 25.755039755970124 ], [ -80.37762880261657, 25.755047240569489 ], [ -80.377584860200855, 25.755040508670895 ], [ -80.377583515784423, 25.755047993269653 ], [ -80.377539573371806, 25.755041261351717 ], [ -80.377538228951479, 25.755048745949882 ], [ -80.377520651986856, 25.755046053177246 ], [ -80.377519307564853, 25.755053537775037 ], [ -80.377437522373029, 25.755056389453536 ], [ -80.377436177943778, 25.755063874049984 ], [ -80.377418600979254, 25.755061181260039 ], [ -80.377417256548313, 25.755068665856154 ], [ -80.377390891101371, 25.755064626665334 ], [ -80.3773794137512, 25.755078249457828 ], [ -80.377353048303121, 25.755074210257423 ], [ -80.377341570945816, 25.755087833045302 ], [ -80.377315205496615, 25.755083793835336 ], [ -80.377303728132162, 25.755097416618565 ], [ -80.377277362681809, 25.755093377399017 ], [ -80.377274673794631, 25.755108346585811 ], [ -80.377248308342331, 25.75510430735897 ], [ -80.377246963896212, 25.755111791951819 ], [ -80.377229386927894, 25.755109099129971 ], [ -80.377228042480084, 25.755116583722479 ], [ -80.377191544092838, 25.755118682661351 ], [ -80.377159800826377, 25.755144581778271 ], [ -80.377142223854179, 25.755141888941825 ], [ -80.377139534942458, 25.755156858122788 ], [ -80.377121957968413, 25.755154165282967 ], [ -80.3771003476174, 25.755173926209132 ], [ -80.377071293229193, 25.755184856116315 ], [ -80.377067259841127, 25.755207309881659 ], [ -80.377039549903316, 25.755210755190738 ], [ -80.377045649464719, 25.755227070793005 ], [ -80.377054437957725, 25.755228417219524 ] ] ] } },
{ "type": "Feature", "properties": { "hotspot_id": "fiu_hs_061", "area_m2": 4056.4904471853501, "depth_max_m": 0.39450275897979736, "depth_mean_m": 0.2206389476634838, "building_frac": 0.0, "lots": null, "roads": null }, "geometry": { "type": "Polygon", "coordinates": [ [ [ -80.383874496539718, 25.756373008304731 ], [ -80.383875840439941, 25.756365523655106 ], [ -80.383893417863774, 25.756368215330983 ], [ -80.383896105660639, 25.756353246030816 ], [ -80.383852162110387, 25.756346516836285 ], [ -80.383853506012116, 25.756339032186318 ], [ -80.383844717303617, 25.756337686345216 ], [ -80.383843373401149, 25.75634517099509 ], [ -80.383825795983455, 25.756342479310455 ], [ -80.383827139887387, 25.756334994660751 ], [ -80.383809562472251, 25.756332302973288 ], [ -80.383813594187018, 25.75630984902347 ], [ -80.383804805482029, 25.75630850317885 ], [ -80.383810181101438, 25.756278564576707 ], [ -80.383801392399647, 25.756277218731658 ], [ -80.38380408020943, 25.756262249429589 ], [ -80.383821657610369, 25.756264941118609 ], [ -80.383823001513463, 25.756257456467125 ], [ -80.383831790213605, 25.756258802310423 ], [ -80.383830446311251, 25.756266286961985 ], [ -80.383865601117449, 25.756271670327926 ], [ -80.383866945016891, 25.756264185676017 ], [ -80.383875733718384, 25.756265531515528 ], [ -80.38387976541317, 25.756243077558398 ], [ -80.383888554112744, 25.756244423396893 ], [ -80.383900030605048, 25.756230799928581 ], [ -80.383917608002619, 25.756233491601481 ], [ -80.383916264107967, 25.756240976254769 ], [ -80.383941286315874, 25.756252498412042 ], [ -80.383948005777057, 25.756215075143363 ], [ -80.383991949268847, 25.756221804299777 ], [ -80.383993293156763, 25.756214319645039 ], [ -80.384002081855201, 25.756215665473977 ], [ -80.384000737968023, 25.756223150128779 ], [ -80.384009526667469, 25.756224495957039 ], [ -80.384006838893868, 25.756239465266262 ], [ -80.383987917603761, 25.756244258262811 ], [ -80.383985229825882, 25.756259227570538 ], [ -80.383994018528696, 25.75626057339996 ], [ -80.383989986862346, 25.756283027360336 ], [ -80.384013665204634, 25.756302034151247 ], [ -80.384012321317115, 25.756309518804169 ], [ -80.38398595519395, 25.756305481318943 ], [ -80.383976547959634, 25.756357873882255 ], [ -80.383985336672197, 25.756359219711999 ], [ -80.383981304999097, 25.756381673665029 ], [ -80.38401645986076, 25.756387056977474 ], [ -80.384019147637233, 25.756372087674965 ], [ -80.384048201553114, 25.756361155847092 ], [ -80.384069810632013, 25.756341393535958 ], [ -80.38409617676983, 25.756345430999264 ], [ -80.384097520650755, 25.756337946346097 ], [ -80.384116441955072, 25.756333153330793 ], [ -80.384110341002341, 25.756316838204665 ], [ -80.384083974872453, 25.756312800744624 ], [ -80.384086662635127, 25.756297831436864 ], [ -80.384105583931401, 25.756293038422964 ], [ -80.384106927810706, 25.756285553768443 ], [ -80.384115716518025, 25.756286899587348 ], [ -80.384118404274489, 25.756271930277531 ], [ -80.384127192980628, 25.756273276095538 ], [ -80.384131224611423, 25.756250822129111 ], [ -80.384140013315616, 25.756252167946105 ], [ -80.384146732692045, 25.756214744664412 ], [ -80.384155521392884, 25.756216090480237 ], [ -80.38415686526676, 25.756208605823222 ], [ -80.384148076566646, 25.756207260007482 ], [ -80.384161515300022, 25.756132413427569 ], [ -80.384152726607482, 25.756131067611896 ], [ -80.384163477583499, 25.756071190334659 ], [ -80.384172266270213, 25.756072536149663 ], [ -80.384173610140465, 25.756065051489049 ], [ -80.384164821454462, 25.756063705674112 ], [ -80.384171540805895, 25.756026282368548 ], [ -80.384162752123828, 25.756024936553281 ], [ -80.384166783734116, 25.756002482567855 ], [ -80.384157995054494, 25.756001136752072 ], [ -80.38416337053458, 25.755971198102454 ], [ -80.384154581858155, 25.755969852286256 ], [ -80.384157269598276, 25.755954882960435 ], [ -80.384148480923585, 25.755953537143665 ], [ -80.384153856403998, 25.755923598490025 ], [ -80.38414506773249, 25.755922252672807 ], [ -80.384153130950608, 25.755877344687025 ], [ -80.384144342283733, 25.75587599886957 ], [ -80.384147030022746, 25.755861029539592 ], [ -80.384130796563326, 25.7558508532376 ], [ -80.384132140433721, 25.755843368572279 ], [ -80.384123351770555, 25.755842022752883 ], [ -80.384126039512097, 25.755827053421843 ], [ -80.384117250850679, 25.755825707601844 ], [ -80.384110531491473, 25.755863130927565 ], [ -80.384101742826672, 25.755861785106394 ], [ -80.384099055079915, 25.755876754435157 ], [ -80.384107843746179, 25.755878100256488 ], [ -80.384106499873184, 25.75588558492068 ], [ -80.384080133873027, 25.755881547454155 ], [ -80.384085509372369, 25.755851608797293 ], [ -80.384066588170171, 25.755856401814171 ], [ -80.384061938069109, 25.755932594271904 ], [ -80.384043016848153, 25.755937387283247 ], [ -80.384036297448745, 25.755974810590921 ], [ -80.38401872009932, 25.755972118936111 ], [ -80.384020063981126, 25.755964634275131 ], [ -80.383988940941208, 25.755936796973625 ], [ -80.383999692005176, 25.755876919676755 ], [ -80.383976013780625, 25.755857912857113 ], [ -80.383984077079347, 25.755813004875456 ], [ -80.38396784364771, 25.755802828546202 ], [ -80.383970531414576, 25.755787859217374 ], [ -80.383952954104615, 25.755785167549739 ], [ -80.383954297989163, 25.755777682885199 ], [ -80.383945509335319, 25.755776337050328 ], [ -80.383942821564546, 25.755791306379045 ], [ -80.383934032909494, 25.755789960543254 ], [ -80.383942096223464, 25.755745052555245 ], [ -80.383997515892219, 25.755738158223831 ], [ -80.384008992301389, 25.755724534721576 ], [ -80.384026569600934, 25.75572722638017 ], [ -80.384029257355465, 25.75571225704623 ], [ -80.383992758883238, 25.755714358393423 ], [ -80.38399410276331, 25.755706873726691 ], [ -80.38397042458584, 25.75568786689556 ], [ -80.383971768467404, 25.75568038222848 ], [ -80.383962979823025, 25.755679036394685 ], [ -80.383961635940736, 25.755686521061666 ], [ -80.383935270007058, 25.755682483555503 ], [ -80.383932582237406, 25.755697452888398 ], [ -80.383915004946715, 25.755694761213494 ], [ -80.383912317173227, 25.755709730545291 ], [ -80.383903528526844, 25.755708384706537 ], [ -80.383899496862696, 25.755730838702483 ], [ -80.383880575676386, 25.755735631686999 ], [ -80.383879231786182, 25.755743116351567 ], [ -80.383888020435691, 25.755744462192254 ], [ -80.383883988765945, 25.755766916185038 ], [ -80.383892777417898, 25.75576826202521 ], [ -80.383888745748266, 25.755790716016506 ], [ -80.383862379786635, 25.755786678492985 ], [ -80.383857004215173, 25.755816617144323 ], [ -80.383848215558928, 25.755815271301316 ], [ -80.383846871664758, 25.755822755963568 ], [ -80.383855660321728, 25.755824101806663 ], [ -80.383854316428071, 25.755831586468837 ], [ -80.383845527770347, 25.755830240625659 ], [ -80.383842839980872, 25.755845209949229 ], [ -80.383823918766794, 25.755850002921569 ], [ -80.383822574870024, 25.755857487582713 ], [ -80.383813786210212, 25.755856141736928 ], [ -80.383812442312475, 25.755863626397783 ], [ -80.383777287672984, 25.75585824300676 ], [ -80.38377863157362, 25.755850758346224 ], [ -80.383752265599028, 25.755846720795269 ], [ -80.383753609501625, 25.755839236134786 ], [ -80.383684644161917, 25.75582098463962 ], [ -80.383673167689778, 25.755834608101537 ], [ -80.383655590379576, 25.755831916383485 ], [ -80.383652902557643, 25.755846885702006 ], [ -80.38362519267649, 25.755850332777513 ], [ -80.383621160934624, 25.755872786752505 ], [ -80.383594794960644, 25.755868749161476 ], [ -80.383596138877024, 25.755861264503576 ], [ -80.383587350220296, 25.755859918638453 ], [ -80.383591381970234, 25.755837464663884 ], [ -80.38358259331595, 25.755836118798271 ], [ -80.383589312898224, 25.755798695503824 ], [ -80.383571735597783, 25.75579600377117 ], [ -80.383573079515003, 25.755788519111864 ], [ -80.383511558977062, 25.755779098024291 ], [ -80.383510215054741, 25.755786582683005 ], [ -80.383483849111755, 25.755782545062448 ], [ -80.383485193036279, 25.755775060403991 ], [ -80.383476404389882, 25.755773714529035 ], [ -80.383475060464647, 25.755781199187417 ], [ -80.383466271817795, 25.75577985331164 ], [ -80.383468959669514, 25.755764883994814 ], [ -80.383452726306501, 25.755754707582774 ], [ -80.383455414159755, 25.755739738265138 ], [ -80.383429048233381, 25.755735700629952 ], [ -80.383430392161841, 25.755728215971068 ], [ -80.383421603520986, 25.755726870091245 ], [ -80.383420259591787, 25.755734354750036 ], [ -80.38338510502814, 25.755728971222815 ], [ -80.383386448960252, 25.755721486564376 ], [ -80.383368871681483, 25.755718794796408 ], [ -80.383367527747936, 25.755726279454681 ], [ -80.383314795913776, 25.755718204132119 ], [ -80.383310764098567, 25.755740658104308 ], [ -80.383319552739096, 25.755742003993547 ], [ -80.383312833046148, 25.755779427277069 ], [ -80.383321621690598, 25.755780773165959 ], [ -80.383318933813271, 25.755795742478167 ], [ -80.383327722459441, 25.755797088366471 ], [ -80.383325034582654, 25.755812057678096 ], [ -80.383333823230572, 25.755813403565824 ], [ -80.383331135354339, 25.755828372876799 ], [ -80.383339924003963, 25.755829718763927 ], [ -80.383338580066223, 25.755837203419198 ], [ -80.383329791415861, 25.755835857531984 ], [ -80.383327103538235, 25.755850826841829 ], [ -80.383344680842157, 25.755853518615812 ], [ -80.38333930508999, 25.755883457233804 ], [ -80.383330516434981, 25.755882111346853 ], [ -80.383325140676249, 25.755912049961381 ], [ -80.383333929334157, 25.755913395848676 ], [ -80.383305706555888, 25.756070573525726 ], [ -80.383314495229371, 25.756071919413973 ], [ -80.383311807341926, 25.756086888712268 ], [ -80.383328040750015, 25.756097065135862 ], [ -80.383325352864119, 25.756112034433304 ], [ -80.383334141542065, 25.756113380319714 ], [ -80.383330109713654, 25.756135834264654 ], [ -80.383321321033506, 25.756134488377992 ], [ -80.383318633145308, 25.75614945767348 ], [ -80.383289579208608, 25.756160389302689 ], [ -80.383282859470853, 25.756197812534833 ], [ -80.383328146847376, 25.756197057329214 ], [ -80.38332545895841, 25.756212026621913 ], [ -80.383353168965527, 25.756208579631064 ], [ -80.383349137137614, 25.756231033570021 ], [ -80.383357925827838, 25.756232379453884 ], [ -80.383352550056998, 25.756262318036768 ], [ -80.383318739231996, 25.756249449850294 ], [ -80.383316051339818, 25.75626441914029 ], [ -80.38333362872622, 25.75626711091266 ], [ -80.383339729531116, 25.756283426087414 ], [ -80.38337488431408, 25.756288809620685 ], [ -80.383381604019576, 25.756251386393313 ], [ -80.383372815327078, 25.756250040511532 ], [ -80.383375503209123, 25.756235071219365 ], [ -80.383393080591489, 25.756237762981819 ], [ -80.383397112408474, 25.756215309041647 ], [ -80.383413345850215, 25.756225485447644 ], [ -80.383412001912674, 25.756232970094548 ], [ -80.383455945372333, 25.756239699479465 ], [ -80.383467421931172, 25.756226076059196 ], [ -80.383493788006646, 25.75623011367831 ], [ -80.383492444075898, 25.756237598326155 ], [ -80.383527598849867, 25.756242981808043 ], [ -80.383533699689139, 25.756259296972534 ], [ -80.383542488385032, 25.756260642840541 ], [ -80.383545176238471, 25.756245673544445 ], [ -80.383553964933185, 25.756247019411528 ], [ -80.383557996709428, 25.75622456546569 ], [ -80.383549208016902, 25.756223219598862 ], [ -80.383550551942605, 25.756215734949951 ], [ -80.383569473250446, 25.756210942033384 ], [ -80.383573505021062, 25.756188488084383 ], [ -80.383582293710489, 25.756189833949268 ], [ -80.383583637632839, 25.756182349299131 ], [ -80.383566060255731, 25.756179657568765 ], [ -80.383570092025792, 25.756157203617683 ], [ -80.383589013319948, 25.756152410696632 ], [ -80.383587669398523, 25.756159895347555 ], [ -80.383605246772319, 25.756162587074414 ], [ -80.383603902852116, 25.756170071725293 ], [ -80.383647846294991, 25.756176801029614 ], [ -80.383646502378213, 25.756184285680703 ], [ -80.383655291068322, 25.756185631539381 ], [ -80.383666767589148, 25.756172008094559 ], [ -80.38369313365753, 25.756176045663281 ], [ -80.383691789744603, 25.756183530315031 ], [ -80.383709367126343, 25.756186222023878 ], [ -80.383715467995458, 25.756202537180524 ], [ -80.383741834075266, 25.756206574736382 ], [ -80.383740490166034, 25.756214059388004 ], [ -80.383749278860577, 25.756215405238528 ], [ -80.383746591042879, 25.756230374541385 ], [ -80.383764168435675, 25.756233066240505 ], [ -80.383770269318234, 25.756249381391491 ], [ -80.383786502809556, 25.756259557737543 ], [ -80.383783196351558, 25.756328265436373 ], [ -80.383808218566855, 25.756339787622821 ], [ -80.383814319465031, 25.756356102765697 ], [ -80.383874496539718, 25.756373008304731 ] ], [ [ -80.384088731938604, 25.756336600525827 ], [ -80.384079943226723, 25.756335254704808 ], [ -80.384082630990775, 25.756320285398225 ], [ -80.384091419701193, 25.75632163121907 ], [ -80.384088731938604, 25.756336600525827 ] ], [ [ -80.384107546257482, 25.756231815362149 ], [ -80.384089968854411, 25.756229123721678 ], [ -80.384091312734071, 25.756221639065839 ], [ -80.384110234013662, 25.756216846049949 ], [ -80.384107546257482, 25.756231815362149 ] ], [ [ -80.38403723665165, 25.756221048782134 ], [ -80.384012214440119, 25.756209526647055 ], [ -80.384016246097417, 25.7561870726806 ], [ -80.384042612186406, 25.75619111015958 ], [ -80.384043956069519, 25.756183625503468 ], [ -80.384052744765654, 25.756184971328196 ], [ -80.384048713117821, 25.756207425296235 ], [ -80.384057501816415, 25.756208771120459 ], [ -80.384056157934069, 25.756216255776167 ], [ -80.384038580535673, 25.756213564126785 ], [ -80.38403723665165, 25.756221048782134 ] ], [ [ -80.384017589982705, 25.756179588024722 ], [ -80.384008801287649, 25.756178242196974 ], [ -80.384010145173448, 25.756170757540996 ], [ -80.384018933867779, 25.756172103368677 ], [ -80.384017589982705, 25.756179588024722 ] ], [ [ -80.3841074392721, 25.756131823180581 ], [ -80.384091205767206, 25.756121646881056 ], [ -80.384093893522788, 25.756106677564059 ], [ -80.384110127025224, 25.756116853863652 ], [ -80.3841074392721, 25.756131823180581 ] ], [ [ -80.38404043599779, 25.756052348845174 ], [ -80.384022858632704, 25.756049657191731 ], [ -80.384025546397751, 25.756034687873111 ], [ -80.38404177987897, 25.75604486418581 ], [ -80.38404043599779, 25.756052348845174 ] ], [ [ -80.384026890279927, 25.756027203213534 ], [ -80.384000524240889, 25.756023165728418 ], [ -80.384023477129318, 25.755995918745924 ], [ -80.38403226580634, 25.755997264573203 ], [ -80.384026890279927, 25.756027203213534 ] ], [ [ -80.384013344569823, 25.756002057578105 ], [ -80.383997111099831, 25.755991881259533 ], [ -80.383999798867507, 25.755976911938877 ], [ -80.384008587542255, 25.755978257768266 ], [ -80.384007243659269, 25.755985742428784 ], [ -80.38401603233504, 25.755987088257491 ], [ -80.384013344569823, 25.756002057578105 ] ], [ [ -80.384017376217301, 25.755979603596892 ], [ -80.384008587542255, 25.755978257768266 ], [ -80.384009931425012, 25.75597077310757 ], [ -80.38401872009932, 25.755972118936111 ], [ -80.384017376217301, 25.755979603596892 ] ], [ [ -80.384097092755837, 25.755937977564439 ], [ -80.384088304083761, 25.755936631742436 ], [ -80.384089647959073, 25.755929147079719 ], [ -80.384098436630438, 25.755930492901633 ], [ -80.384097092755837, 25.755937977564439 ] ] ] } },
{ "type": "Feature", "properties": { "hotspot_id": "fiu_hs_062", "area_m2": 1203.4254993326967, "depth_max_m": 0.39428567886352539, "depth_mean_m": 0.22552977906035424, "building_frac": 0.0, "lots": "North of University Towers Parking Lot", "roads": null }, "geometry": { "type": "Polygon", "coordinates": [ [ [ -80.376600322544846, 25.755343417842905 ], [ -80.37661180005064, 25.755329795148707 ], [ -80.376636821039696, 25.755341319115225 ], [ -80.376639510042821, 25.755326349956096 ], [ -80.376630721546363, 25.75532500349459 ], [ -80.376632066048316, 25.755317518914804 ], [ -80.376658431536299, 25.755321558296835 ], [ -80.376662465034215, 25.755299104555629 ], [ -80.376671253528556, 25.755300451014527 ], [ -80.376673942524562, 25.755285481852585 ], [ -80.376690175014716, 25.755295659349049 ], [ -80.376686141524061, 25.755318113091576 ], [ -80.376712507014716, 25.755322152459733 ], [ -80.376713851509649, 25.755314667878849 ], [ -80.376732772996547, 25.755309876205732 ], [ -80.376735461982335, 25.755294907042625 ], [ -80.376744250477387, 25.75529625349531 ], [ -80.376750972934204, 25.755258830583724 ], [ -80.376759761425888, 25.755260177035257 ], [ -80.376761105915833, 25.755252692452274 ], [ -80.376744873425395, 25.755242514965623 ], [ -80.376751595877849, 25.755205092047643 ], [ -80.376760384364147, 25.755206438499346 ], [ -80.376771861827166, 25.755192815781399 ], [ -80.376799571769837, 25.755189370544205 ], [ -80.376808983163301, 25.75513697844389 ], [ -80.376800194683213, 25.75513563199603 ], [ -80.376801539167801, 25.7551281474096 ], [ -80.376757596775036, 25.755121415159458 ], [ -80.376758941263034, 25.755113930573216 ], [ -80.37675015278603, 25.755112584120994 ], [ -80.376752841762823, 25.755097614948109 ], [ -80.376761630238363, 25.755098961400162 ], [ -80.376765663699643, 25.755076507639128 ], [ -80.376794718090039, 25.755065577814499 ], [ -80.37680009602461, 25.755035639461173 ], [ -80.376791307554797, 25.755034293012137 ], [ -80.376795341005504, 25.755011839245356 ], [ -80.376786552538164, 25.755010492795837 ], [ -80.376789241505605, 25.754995523617165 ], [ -80.37676422059512, 25.754983999675126 ], [ -80.376765565080461, 25.754976515085559 ], [ -80.376749332640571, 25.754966337590751 ], [ -80.376752021613015, 25.754951368410964 ], [ -80.376735789179364, 25.754941190913193 ], [ -80.376746545069793, 25.7548813141861 ], [ -80.376728968163007, 25.754878621276809 ], [ -80.376733001622512, 25.75485616750144 ], [ -80.376724213171698, 25.754854821045921 ], [ -80.376735690594359, 25.7548411983169 ], [ -80.376726902145023, 25.75483985186154 ], [ -80.37672824663133, 25.75483236726906 ], [ -80.376693092839545, 25.754826981440388 ], [ -80.376686993371493, 25.754810665796604 ], [ -80.376651839590949, 25.754805279953462 ], [ -80.376645740132076, 25.754788964306119 ], [ -80.376619374804676, 25.754784924914073 ], [ -80.376607897371315, 25.754798547632539 ], [ -80.376588975987843, 25.754803339290412 ], [ -80.376587631490096, 25.754810823881776 ], [ -80.376596419934401, 25.754812170349155 ], [ -80.376591041944039, 25.754842108712939 ], [ -80.376599830391527, 25.754843455179891 ], [ -80.376591763403482, 25.754888362720266 ], [ -80.376574186500036, 25.754885669784613 ], [ -80.376571497499256, 25.754900638962827 ], [ -80.376562709046482, 25.754899292493711 ], [ -80.376561364545026, 25.754906777082443 ], [ -80.376570152998539, 25.754908123551669 ], [ -80.376563430491473, 25.754945546492856 ], [ -80.376554642034321, 25.754944200023225 ], [ -80.376551953028425, 25.754959169198187 ], [ -80.376534376112019, 25.754956476256332 ], [ -80.376530342597093, 25.754978930016815 ], [ -80.376502632710299, 25.754982375183797 ], [ -80.376497254677531, 25.755012313526603 ], [ -80.376506043140608, 25.755013660000845 ], [ -80.37650335412431, 25.755028629171257 ], [ -80.376494565659755, 25.755027282696833 ], [ -80.376493221150525, 25.755034767281664 ], [ -80.376502009615805, 25.755036113756162 ], [ -80.376499320598128, 25.755051082925405 ], [ -80.376508109065128, 25.755052429399285 ], [ -80.37650273102993, 25.755082367735774 ], [ -80.376511519500127, 25.755083714209238 ], [ -80.376508830482607, 25.755098683376477 ], [ -80.376517618954523, 25.755100029849352 ], [ -80.376504173860454, 25.75517487567469 ], [ -80.37651296233993, 25.755176222147657 ], [ -80.376510273319823, 25.755191191310562 ], [ -80.376519061801034, 25.755192537782932 ], [ -80.376517717291364, 25.755200022364171 ], [ -80.376508928809429, 25.755198675891716 ], [ -80.376506239787943, 25.755213645053466 ], [ -80.376522472245369, 25.755223822578664 ], [ -80.376518438715109, 25.755246276319738 ], [ -80.376536015689069, 25.75524896926186 ], [ -80.376524538182096, 25.75526259195108 ], [ -80.376533326670668, 25.755263938421916 ], [ -80.376530637651356, 25.755278907581197 ], [ -80.376555658615246, 25.755290431569314 ], [ -80.376544181105899, 25.755304054258939 ], [ -80.376552969598933, 25.755305400727931 ], [ -80.376551625090414, 25.755312885306953 ], [ -80.376579335079626, 25.755309440130368 ], [ -80.376575301559967, 25.755331893867599 ], [ -80.376600322544846, 25.755343417842905 ] ], [ [ -80.376632066048316, 25.755317518914804 ], [ -80.376605700562763, 25.755313479525995 ], [ -80.376608389570336, 25.755298510366391 ], [ -80.376625966557526, 25.755301203292703 ], [ -80.376632066048316, 25.755317518914804 ] ], [ [ -80.376666498530042, 25.755276650812675 ], [ -80.376631344564103, 25.755271264970464 ], [ -80.376634033566006, 25.755256295808177 ], [ -80.376617801089637, 25.755246118301592 ], [ -80.376629901597951, 25.755178757061451 ], [ -80.376638690079744, 25.75518010352366 ], [ -80.376636001080968, 25.755195072689663 ], [ -80.37664478956448, 25.755196419151261 ], [ -80.376642100566244, 25.755211388316674 ], [ -80.376659677537006, 25.755214081237963 ], [ -80.376658333039018, 25.75522156582052 ], [ -80.37667591001231, 25.755224258738956 ], [ -80.37668200950705, 25.755240574362091 ], [ -80.376690797995835, 25.755241920819582 ], [ -80.376685420011341, 25.75527185914769 ], [ -80.376667843028201, 25.755269166231269 ], [ -80.376666498530042, 25.755276650812675 ] ], [ [ -80.37654749319249, 25.755235346570768 ], [ -80.376538704706576, 25.755234000101019 ], [ -80.376540049214967, 25.755226515520281 ], [ -80.37654883770017, 25.755227861989965 ], [ -80.37654749319249, 25.755235346570768 ] ], [ [ -80.376639837626684, 25.754972633862103 ], [ -80.376614816742332, 25.754961109882895 ], [ -80.37661750573757, 25.754946140706391 ], [ -80.37660871727951, 25.754944794241414 ], [ -80.376612750772836, 25.754922340475417 ], [ -80.376631672180665, 25.754917548814969 ], [ -80.376634361171682, 25.754902579635967 ], [ -80.376662071028107, 25.754899134432648 ], [ -80.376655971560794, 25.754882818790726 ], [ -80.376682336919316, 25.754886858172178 ], [ -80.376680992428234, 25.754894342762771 ], [ -80.376689780882344, 25.754895689221815 ], [ -80.376684402918713, 25.754925627582598 ], [ -80.376646560103239, 25.754935210919104 ], [ -80.376639837626684, 25.754972633862103 ] ] ] } },
{ "type": "Feature", "properties": { "hotspot_id": "fiu_hs_063", "area_m2": 192.30769527361539, "depth_max_m": 0.39090883731842041, "depth_mean_m": 0.24163587391376495, "building_frac": 0.0, "lots": null, "roads": null }, "geometry": { "type": "Polygon", "coordinates": [ [ [ -80.384016696415131, 25.757240731146226 ], [ -80.384036236415653, 25.757182199914816 ], [ -80.384045025211691, 25.757183545735959 ], [ -80.384050400802735, 25.757153607203989 ], [ -80.384059189596115, 25.757154953024052 ], [ -80.384069940761378, 25.757095075950083 ], [ -80.384078729549202, 25.757096421768715 ], [ -80.384093512369475, 25.757014090770792 ], [ -80.384102301149539, 25.757015436587768 ], [ -80.384115740045715, 25.756940590204767 ], [ -80.384124528818745, 25.756941936020166 ], [ -80.38413124825459, 25.756904512820967 ], [ -80.384122459485198, 25.756903167005994 ], [ -80.38412111559775, 25.756910651646127 ], [ -80.384094749288977, 25.756906614196435 ], [ -80.384096093178599, 25.756899129556537 ], [ -80.384087304410286, 25.756897783738545 ], [ -80.384101468734812, 25.756869190994994 ], [ -80.38407375854851, 25.75687263818018 ], [ -80.384067039090596, 25.756910061379369 ], [ -80.384058250321615, 25.756908715558943 ], [ -80.384052874748235, 25.756938654114482 ], [ -80.384044085976626, 25.756937308292962 ], [ -80.384017208040149, 25.757087001022338 ], [ -80.384025996826352, 25.757088346845524 ], [ -80.384015245631915, 25.757148223916179 ], [ -80.384024034424215, 25.757149569739276 ], [ -80.384021346624777, 25.757164539005142 ], [ -80.384030135418797, 25.757165884827653 ], [ -80.384007907613821, 25.757239385322904 ], [ -80.384016696415131, 25.757240731146226 ] ], [ [ -80.384089373728187, 25.756936552754066 ], [ -80.384071796184514, 25.756933861116494 ], [ -80.384074483968291, 25.756918891838382 ], [ -80.384090717618733, 25.75692906811495 ], [ -80.384089373728187, 25.756936552754066 ] ] ] } },
{ "type": "Feature", "properties": { "hotspot_id": "fiu_hs_064", "area_m2": 560.39664325885678, "depth_max_m": 0.38607978820800781, "depth_mean_m": 0.23160595932211378, "building_frac": 0.0, "lots": "Arena Loading Area Parking Lot", "roads": null }, "geometry": { "type": "Polygon", "coordinates": [ [ [ -80.377658779560662, 25.757997303775561 ], [ -80.377660124015861, 25.757989819245502 ], [ -80.377677701574342, 25.757992511969281 ], [ -80.377689179259349, 25.757978889268831 ], [ -80.377706756816522, 25.757981581987746 ], [ -80.377709445718054, 25.757966612925443 ], [ -80.377718234495589, 25.757967959283583 ], [ -80.377719578945275, 25.757960474752039 ], [ -80.377745945277326, 25.757964513821733 ], [ -80.377762800731048, 25.757920952981507 ], [ -80.377780378278871, 25.757923645688333 ], [ -80.377783067166078, 25.757908676621355 ], [ -80.377791855938938, 25.757910022973469 ], [ -80.377793200381461, 25.757902538439605 ], [ -80.377809433485481, 25.757912715675431 ], [ -80.377813466807993, 25.757890262072763 ], [ -80.377797233707653, 25.757880084836842 ], [ -80.377798578149267, 25.75787260030221 ], [ -80.377807366918759, 25.757873946653135 ], [ -80.377810055799827, 25.757858977583119 ], [ -80.377828977775437, 25.757854185746933 ], [ -80.377830322213939, 25.757846701211271 ], [ -80.37782153344682, 25.757845354862162 ], [ -80.377832288952419, 25.75778547857049 ], [ -80.377813366991802, 25.757790270408325 ], [ -80.377814711430659, 25.757782785871346 ], [ -80.377797133909979, 25.757780093169174 ], [ -80.377799822789925, 25.757765124094973 ], [ -80.377791034031461, 25.757763777742923 ], [ -80.37779237847181, 25.75775629320562 ], [ -80.377801167229549, 25.757757639557596 ], [ -80.377803856108116, 25.757742670482223 ], [ -80.377724757311228, 25.757730553288773 ], [ -80.37772206841953, 25.757745522362647 ], [ -80.377713279664221, 25.757744176003882 ], [ -80.377714624110908, 25.757736691467134 ], [ -80.377705835356579, 25.75773534510769 ], [ -80.377708524250721, 25.757720376033756 ], [ -80.377699735498126, 25.757719029673723 ], [ -80.377695702154384, 25.757741483284057 ], [ -80.377632836425008, 25.757739543276678 ], [ -80.3776314919713, 25.757747027812318 ], [ -80.377622703217213, 25.757745681445797 ], [ -80.377620014307652, 25.757760650516293 ], [ -80.377592303585345, 25.757764095946463 ], [ -80.377572759157616, 25.757822625846643 ], [ -80.377555181636396, 25.757819933103498 ], [ -80.377549803788781, 25.757849871233155 ], [ -80.377580925464613, 25.757877710313956 ], [ -80.377572858699693, 25.757922617501116 ], [ -80.377599225013611, 25.757926656608877 ], [ -80.377605324867815, 25.75794297203808 ], [ -80.377639135507465, 25.757955842032956 ], [ -80.377633757680172, 25.757985780154158 ], [ -80.377658779560662, 25.757997303775561 ] ] ] } },
{ "type": "Feature", "properties": { "hotspot_id": "fiu_hs_065", "area_m2": 1823.9182973595155, "depth_max_m": 0.36762166023254395, "depth_mean_m": 0.20100128827417113, "building_frac": 0.0, "lots": "107th Avenue Entrance Apartments Parking Lot", "roads": null }, "geometry": { "type": "Polygon", "coordinates": [ [ [ -80.368665121221696, 25.759449281720634 ], [ -80.368666466466166, 25.759441797342401 ], [ -80.368694178068523, 25.759438354334012 ], [ -80.36871238353794, 25.759387310799074 ], [ -80.368687362436006, 25.759375785052992 ], [ -80.368684671952423, 25.759390753812941 ], [ -80.368667094389892, 25.759388059564966 ], [ -80.368669784876388, 25.759373090805365 ], [ -80.368678573656055, 25.759374437929555 ], [ -80.368675165846625, 25.759343153283819 ], [ -80.368701532177695, 25.759347194653124 ], [ -80.368704222657058, 25.759332225890699 ], [ -80.368721800209542, 25.759334920132801 ], [ -80.368733279460272, 25.75932129848902 ], [ -80.368742068235719, 25.759322645608002 ], [ -80.368740722999519, 25.759330129990026 ], [ -80.368767089329708, 25.759334171342733 ], [ -80.368764398860989, 25.759349140106707 ], [ -80.368755610082545, 25.759347792989743 ], [ -80.36875157437558, 25.759370246134019 ], [ -80.368732651577545, 25.759375036278172 ], [ -80.368729961101707, 25.759390005039325 ], [ -80.368747538666554, 25.759392699276532 ], [ -80.368759017920837, 25.759379077632339 ], [ -80.368767806702479, 25.759380424748908 ], [ -80.368766461467587, 25.759387909129924 ], [ -80.368785384266559, 25.759383118979727 ], [ -80.368789419965466, 25.759360665835047 ], [ -80.368824575088141, 25.75936605428662 ], [ -80.368825920317718, 25.759358569904343 ], [ -80.368834709098337, 25.759359917015281 ], [ -80.368837399555389, 25.759344948249961 ], [ -80.36886376589446, 25.759348989577692 ], [ -80.368861075441785, 25.759363958343496 ], [ -80.368879998230426, 25.759359168175564 ], [ -80.368893450467723, 25.759284324335113 ], [ -80.368868429371361, 25.759272798629301 ], [ -80.368869774595794, 25.759265314244228 ], [ -80.36887856336773, 25.759266661351809 ], [ -80.368883944260219, 25.759236723809295 ], [ -80.368875155491196, 25.759235376702055 ], [ -80.368879191160346, 25.759212923543377 ], [ -80.368870402393767, 25.759211576435625 ], [ -80.368866994522264, 25.759180291780162 ], [ -80.368903494797664, 25.759178195820756 ], [ -80.368904840017649, 25.759170711433001 ], [ -80.368922417543928, 25.759173405642208 ], [ -80.368923762762236, 25.759165921254109 ], [ -80.368950129051498, 25.759169962562005 ], [ -80.368951474267377, 25.759162478173433 ], [ -80.368986629320602, 25.759167866573026 ], [ -80.368998108508364, 25.759154244892503 ], [ -80.369031918352292, 25.759167117666028 ], [ -80.369026537514557, 25.759197055222845 ], [ -80.369052903817916, 25.759201096503993 ], [ -80.369055594232876, 25.759186127725489 ], [ -80.369064382999738, 25.759187474817523 ], [ -80.369067073412324, 25.759172506038066 ], [ -80.369075862177993, 25.75917385312918 ], [ -80.369078552588206, 25.759158884348757 ], [ -80.369087341352696, 25.759160231438958 ], [ -80.369088686556722, 25.759152747048386 ], [ -80.369177919405701, 25.759158733516308 ], [ -80.369179264601982, 25.759151249124503 ], [ -80.36920563089862, 25.759155290367133 ], [ -80.369206976092471, 25.75914780597488 ], [ -80.369243476346242, 25.759145709894671 ], [ -80.369244821536725, 25.759138225501719 ], [ -80.369253610301698, 25.759139572577794 ], [ -80.369254955491229, 25.759132088184543 ], [ -80.369246166726995, 25.759130741108553 ], [ -80.369254237863757, 25.75908583474553 ], [ -80.369263026623614, 25.759087181821027 ], [ -80.369264371811539, 25.759079697426408 ], [ -80.369314414004734, 25.759102748653067 ], [ -80.369315759188524, 25.759095264258175 ], [ -80.369369836942312, 25.759095862272464 ], [ -80.369372527299987, 25.759080893480682 ], [ -80.369390104822656, 25.759083587610778 ], [ -80.369391449999682, 25.759076103214426 ], [ -80.369463105266249, 25.75907939530666 ], [ -80.369464450436993, 25.759071910909263 ], [ -80.36949960548543, 25.759077299135154 ], [ -80.369500950653034, 25.759069814737238 ], [ -80.369536105702863, 25.759075202950694 ], [ -80.369534760538187, 25.759082687348947 ], [ -80.369543549302051, 25.759084034400509 ], [ -80.369536823478839, 25.759121456389312 ], [ -80.369545612246625, 25.759122803440533 ], [ -80.369544267082006, 25.759130287837799 ], [ -80.369553055850787, 25.759131634888341 ], [ -80.369554401014653, 25.759124150490994 ], [ -80.369633499939226, 25.759136273911114 ], [ -80.369634845096314, 25.759128789512832 ], [ -80.369661211407177, 25.759132830639011 ], [ -80.369662556561835, 25.759125346240282 ], [ -80.369725423107525, 25.759127291108125 ], [ -80.369724077958182, 25.759134775507643 ], [ -80.369732866730175, 25.759136122542802 ], [ -80.369727486133442, 25.759166060139222 ], [ -80.369745063684064, 25.759168754207948 ], [ -80.369761205445741, 25.75907894140741 ], [ -80.369752416679034, 25.759077594374418 ], [ -80.369755106970899, 25.759062625571776 ], [ -80.369782818410812, 25.759059182266117 ], [ -80.369781473267409, 25.759066666667984 ], [ -80.369790262033462, 25.759068013698535 ], [ -80.369786226604077, 25.759090466903213 ], [ -80.369795015372574, 25.759091813933264 ], [ -80.369793670229726, 25.759099298334512 ], [ -80.369784881460504, 25.75909795130438 ], [ -80.369783536316675, 25.759105435705347 ], [ -80.369792325086635, 25.759106782735564 ], [ -80.369788289656, 25.759129235937579 ], [ -80.369805867201094, 25.759131929996247 ], [ -80.369808557485499, 25.759116961194771 ], [ -80.369833578660916, 25.759128486677671 ], [ -80.369834923800809, 25.75912100227659 ], [ -80.369861290118536, 25.759125043351609 ], [ -80.369862635256027, 25.759117558950066 ], [ -80.369905233986827, 25.759131778461501 ], [ -80.369926846932486, 25.759112019293262 ], [ -80.369944424478405, 25.759114713328408 ], [ -80.36994711473865, 25.759099744522491 ], [ -80.3698855933429, 25.759090315387436 ], [ -80.369886938477777, 25.759082830984745 ], [ -80.369878149708768, 25.759081483962511 ], [ -80.369876804573153, 25.759088968365106 ], [ -80.369850438265544, 25.7590849272936 ], [ -80.369844339773707, 25.759068611463555 ], [ -80.369817973473701, 25.75906457038348 ], [ -80.369819318613963, 25.759057085981077 ], [ -80.369731430972124, 25.759043615665831 ], [ -80.369730085824585, 25.759051100067389 ], [ -80.369677353248065, 25.759043017841432 ], [ -80.369676008095922, 25.759050502242296 ], [ -80.369630719129901, 25.759051251433057 ], [ -80.369629373973652, 25.759058735833118 ], [ -80.369569197802136, 25.759041822107395 ], [ -80.369567852640785, 25.759049306506878 ], [ -80.369523908839696, 25.759042571251154 ], [ -80.369522563674465, 25.759050055650032 ], [ -80.369496197394852, 25.759046014487268 ], [ -80.369497542562257, 25.759038530088642 ], [ -80.369488753803665, 25.759037183032966 ], [ -80.369477274707364, 25.759050804773249 ], [ -80.369468485947849, 25.759049457715875 ], [ -80.369469831117684, 25.759041973317704 ], [ -80.369443464842931, 25.759037932141332 ], [ -80.369442119670907, 25.759045416539262 ], [ -80.369406964638785, 25.759040028293182 ], [ -80.369405619463606, 25.759047512690593 ], [ -80.369388041947715, 25.759044818562838 ], [ -80.369389387124329, 25.759037334165612 ], [ -80.369345443342922, 25.759030598833423 ], [ -80.369344098162671, 25.759038083230241 ], [ -80.369308943139472, 25.759032694950559 ], [ -80.369307597956066, 25.759040179346847 ], [ -80.36926365417952, 25.759033443979803 ], [ -80.369264999366564, 25.759025959583916 ], [ -80.369256210612789, 25.759024612508327 ], [ -80.36925486542502, 25.759032096904125 ], [ -80.369237287916818, 25.759029402750496 ], [ -80.369235942727371, 25.759036887145939 ], [ -80.369218365218799, 25.759034192989123 ], [ -80.369206886080903, 25.759047814699372 ], [ -80.36919809732585, 25.759046467618905 ], [ -80.369199442518692, 25.759038983224201 ], [ -80.369173076257283, 25.759034941978516 ], [ -80.369161597112296, 25.759048563683667 ], [ -80.369107519389047, 25.759047965559848 ], [ -80.369106174188232, 25.759055449953156 ], [ -80.36908859667993, 25.759052755774317 ], [ -80.369089941882208, 25.759045271381193 ], [ -80.369054786871743, 25.759039883014797 ], [ -80.369056132076707, 25.759032398621802 ], [ -80.369047343325491, 25.759031051528382 ], [ -80.369045998119802, 25.759038535921302 ], [ -80.369019631865612, 25.759034494636303 ], [ -80.369018286657507, 25.759041979028776 ], [ -80.368975688114006, 25.759027759146182 ], [ -80.368974342902263, 25.759035243538229 ], [ -80.368965554151998, 25.759033896437863 ], [ -80.368966899364494, 25.759026412045884 ], [ -80.368940533117581, 25.759022370740457 ], [ -80.368929053938132, 25.759035992420227 ], [ -80.368885110192721, 25.759029256891445 ], [ -80.368883764973219, 25.759036741282276 ], [ -80.36886618747549, 25.759034047065299 ], [ -80.368864842254297, 25.759041531455789 ], [ -80.368820898511046, 25.759034795899723 ], [ -80.368818208060716, 25.759049764679247 ], [ -80.36880063056239, 25.759047070451182 ], [ -80.368799285335413, 25.7590545548405 ], [ -80.36878305306513, 25.7590443762201 ], [ -80.368780362608035, 25.759059344998199 ], [ -80.368755341590671, 25.759047819256704 ], [ -80.368753996359814, 25.759055303645397 ], [ -80.368745207610942, 25.759053956526284 ], [ -80.368742517147112, 25.759068925302948 ], [ -80.368723594413538, 25.759073715449993 ], [ -80.368722249179584, 25.759081199837674 ], [ -80.368641805189796, 25.759076560101761 ], [ -80.368639114707619, 25.759091528874638 ], [ -80.368612748456243, 25.75908748748607 ], [ -80.368614093699634, 25.759080003099982 ], [ -80.368605304950435, 25.759078655969031 ], [ -80.368598578727557, 25.75911607789714 ], [ -80.368607367480379, 25.759117425028514 ], [ -80.368597950763814, 25.759169815720277 ], [ -80.368606739522022, 25.759171162851469 ], [ -80.368601358538982, 25.759201100385685 ], [ -80.368610147300387, 25.759202447516458 ], [ -80.368606111562883, 25.759224900665309 ], [ -80.368614900326747, 25.759226247795581 ], [ -80.368605483602977, 25.759278638470061 ], [ -80.368614272372199, 25.759279985600152 ], [ -80.36860754613771, 25.759317407505065 ], [ -80.36861633491084, 25.759318754634823 ], [ -80.36861095392203, 25.759348692155591 ], [ -80.368619742698357, 25.759350039284911 ], [ -80.368614361708794, 25.759379976802911 ], [ -80.368623150488304, 25.759381323931809 ], [ -80.368617769497988, 25.75941126144701 ], [ -80.368626558280681, 25.759412608575488 ], [ -80.368621177289597, 25.759442546087943 ], [ -80.368665121221696, 25.759449281720634 ] ], [ [ -80.368680636225321, 25.759413206951372 ], [ -80.368654269875393, 25.759409165577551 ], [ -80.368656960364717, 25.759394196819272 ], [ -80.368674537928158, 25.759396891068921 ], [ -80.368680636225321, 25.759413206951372 ] ], [ [ -80.36885766756771, 25.759332673702772 ], [ -80.368848878789478, 25.759331326593696 ], [ -80.368851569243219, 25.75931635782667 ], [ -80.368860358020001, 25.759317704935565 ], [ -80.36885766756771, 25.759332673702772 ] ], [ [ -80.368833991690465, 25.759313663606559 ], [ -80.368808970593548, 25.759302137887357 ], [ -80.368811661053215, 25.75928716911999 ], [ -80.368820449826444, 25.759288516232417 ], [ -80.368831929055801, 25.759274894575622 ], [ -80.368848161374373, 25.759285073180923 ], [ -80.368844125693968, 25.75930752633327 ], [ -80.368835336918465, 25.759306179222929 ], [ -80.368833991690465, 25.759313663606559 ] ], [ [ -80.36876637195769, 25.759287917929779 ], [ -80.368732562106175, 25.759275045073956 ], [ -80.368735252578034, 25.759260076307285 ], [ -80.368762964120322, 25.759256633278422 ], [ -80.36876637195769, 25.759287917929779 ] ], [ [ -80.368836592556406, 25.759198703610863 ], [ -80.368827803791916, 25.759197356499413 ], [ -80.368830494245145, 25.759182387726604 ], [ -80.368849416996312, 25.759177597561536 ], [ -80.368846726546437, 25.759192566335074 ], [ -80.368837937782402, 25.759191219224469 ], [ -80.368836592556406, 25.759198703610863 ] ], [ [ -80.368663507798686, 25.759156792468563 ], [ -80.368654719041047, 25.759155445342149 ], [ -80.368657409522513, 25.759140476571876 ], [ -80.368666198278717, 25.759141823698119 ], [ -80.368663507798686, 25.759156792468563 ] ], [ [ -80.368746642329597, 25.759146463414009 ], [ -80.368677677512807, 25.759128202052235 ], [ -80.368683058465322, 25.759098264507134 ], [ -80.3687459249699, 25.759100209973532 ], [ -80.368744579737452, 25.759107694360857 ], [ -80.368753368491681, 25.759109041479803 ], [ -80.368746642329597, 25.759146463414009 ] ], [ [ -80.369044742740613, 25.75914601159025 ], [ -80.369027165216039, 25.759143317401708 ], [ -80.369032546050278, 25.759113379839757 ], [ -80.369023757291316, 25.759112032744685 ], [ -80.369027792916782, 25.759089579571445 ], [ -80.369054159187911, 25.759093620853658 ], [ -80.369044742740613, 25.75914601159025 ] ] ] } },
{ "type": "Feature", "properties": { "hotspot_id": "fiu_hs_066", "area_m2": 147.98678112887973, "depth_max_m": 0.36083436012268066, "depth_mean_m": 0.20779589348032995, "building_frac": 0.0, "lots": null, "roads": null }, "geometry": { "type": "Polygon", "coordinates": [ [ [ -80.372638270176992, 25.754928586177421 ], [ -80.372640959849463, 25.754913617103295 ], [ -80.372649748243489, 25.754914963907311 ], [ -80.37265512758276, 25.754885025756415 ], [ -80.372663915974158, 25.75488637255933 ], [ -80.372678083695604, 25.754857781206816 ], [ -80.372686872084614, 25.754859128007865 ], [ -80.37270103979418, 25.754830536649742 ], [ -80.37273009460931, 25.754819607964262 ], [ -80.37273278426278, 25.754804638882597 ], [ -80.372751705857056, 25.754799847933782 ], [ -80.37275708515449, 25.754769909766672 ], [ -80.372748296773324, 25.754768562971222 ], [ -80.372752331246176, 25.75474610934409 ], [ -80.372734754489031, 25.75474341575141 ], [ -80.372736099314309, 25.754735931208806 ], [ -80.372692157429825, 25.754729197214292 ], [ -80.372660412976529, 25.754755094975089 ], [ -80.372642836220393, 25.754752401366769 ], [ -80.372640146553181, 25.754767370448572 ], [ -80.372631358174075, 25.754766023643114 ], [ -80.372623289162576, 25.754810930883316 ], [ -80.372632077546058, 25.754812277689251 ], [ -80.372626698203376, 25.754842215845841 ], [ -80.372635486590056, 25.754843562651381 ], [ -80.372632796918808, 25.754858531728665 ], [ -80.372641585307193, 25.75485987853358 ], [ -80.372638895636484, 25.754874847610253 ], [ -80.372647684026617, 25.754876194414596 ], [ -80.372643649520995, 25.754898648028401 ], [ -80.372624727899534, 25.754903438955846 ], [ -80.372620693386807, 25.75492589256681 ], [ -80.372638270176992, 25.754928586177421 ] ] ] } },
{ "type": "Feature", "properties": { "hotspot_id": "fiu_hs_067", "area_m2": 166.7668294960946, "depth_max_m": 0.35694527626037598, "depth_mean_m": 0.20655176661036037, "building_frac": 0.0, "lots": null, "roads": null }, "geometry": { "type": "Polygon", "coordinates": [ [ [ -80.382952242934067, 25.753563175795946 ], [ -80.382953586869931, 25.753555691091979 ], [ -80.382997528953965, 25.753562420729541 ], [ -80.382998872885949, 25.753554936024951 ], [ -80.383016449719989, 25.75355762787451 ], [ -80.383017793650296, 25.753550143169566 ], [ -80.383052947318689, 25.753555526859284 ], [ -80.383054291245855, 25.753548042153817 ], [ -80.383197593781219, 25.753554607376177 ], [ -80.383198937696022, 25.753547122668774 ], [ -80.383207726115202, 25.753548468576895 ], [ -80.383214445682157, 25.753511045036657 ], [ -80.383223234097954, 25.753512390943591 ], [ -80.383234710336282, 25.753498767431978 ], [ -80.383252287166314, 25.753501459241729 ], [ -80.383256318893615, 25.753479005113107 ], [ -80.383265107306855, 25.753480351016599 ], [ -80.383267795122435, 25.753465381596378 ], [ -80.383248874390034, 25.753470174499018 ], [ -80.383254250025217, 25.753440235657653 ], [ -80.383236673207392, 25.753437543847699 ], [ -80.383235329297491, 25.753445028558186 ], [ -80.383182598846105, 25.753436953109702 ], [ -80.383171122607763, 25.75345057661815 ], [ -80.383179911016853, 25.753451922529042 ], [ -80.383170503607218, 25.753504315490634 ], [ -80.38317929202168, 25.753505661401356 ], [ -80.383177948105825, 25.753513146109466 ], [ -80.383169159690638, 25.753511800198655 ], [ -80.383166471856796, 25.753526769614112 ], [ -80.383157683440444, 25.753525423702392 ], [ -80.383156339522444, 25.753532908409753 ], [ -80.383129974272777, 25.753528870669797 ], [ -80.38312863035236, 25.753536355376717 ], [ -80.383111053519144, 25.753533663546129 ], [ -80.38311239744101, 25.753526178839373 ], [ -80.383058323025949, 25.753525588036236 ], [ -80.383059666952192, 25.753518103330002 ], [ -80.382998148060835, 25.753508681867942 ], [ -80.38299680412949, 25.753516166573611 ], [ -80.38297178282572, 25.753504644087155 ], [ -80.382967751024438, 25.753527098202831 ], [ -80.382941385785202, 25.753523060414487 ], [ -80.382929909498159, 25.753536683892335 ], [ -80.382921121084436, 25.753535337960454 ], [ -80.382918433207564, 25.753550307368322 ], [ -80.382927221622751, 25.753551653300374 ], [ -80.382925877684698, 25.753559138004093 ], [ -80.382952242934067, 25.753563175795946 ] ] ] } },
{ "type": "Feature", "properties": { "hotspot_id": "fiu_hs_068", "area_m2": 404.89784278394347, "depth_max_m": 0.35552191734313965, "depth_mean_m": 0.22759968716934573, "building_frac": 0.0, "lots": null, "roads": null }, "geometry": { "type": "Polygon", "coordinates": [ [ [ -80.375880658569983, 25.754171855446426 ], [ -80.375883347666246, 25.754156886251806 ], [ -80.375892136034267, 25.754158232782114 ], [ -80.375893480581325, 25.754150748184422 ], [ -80.375953654617945, 25.754167658473079 ], [ -80.375954999159887, 25.754160173874812 ], [ -80.375963787529344, 25.754161520398991 ], [ -80.375966476611111, 25.75414655120171 ], [ -80.37597526497936, 25.754147897724941 ], [ -80.375979298598111, 25.754125443927325 ], [ -80.375970510232037, 25.754124097404329 ], [ -80.375973199311517, 25.754109128205094 ], [ -80.375964410947162, 25.754107781681515 ], [ -80.375968444566851, 25.754085327881459 ], [ -80.375977232929017, 25.754086674404807 ], [ -80.375979922006195, 25.754071705203636 ], [ -80.375971133645493, 25.754070358680458 ], [ -80.375972478184465, 25.754062874079676 ], [ -80.375981266544443, 25.754064220602761 ], [ -80.375982611082449, 25.754056736001701 ], [ -80.375973822723211, 25.75405538947868 ], [ -80.3759677234425, 25.754039073752519 ], [ -80.375941358371577, 25.754035034177178 ], [ -80.375949425613982, 25.753990126566819 ], [ -80.37594063726192, 25.753988780040693 ], [ -80.375944670882205, 25.753966326233151 ], [ -80.375927094183268, 25.753963633179122 ], [ -80.375928438724358, 25.753956148576368 ], [ -80.375875708638375, 25.753948069396642 ], [ -80.375877053183601, 25.753940584794204 ], [ -80.375824323111701, 25.753932505587745 ], [ -80.375822978562098, 25.753939990189686 ], [ -80.37577769228578, 25.753940742097743 ], [ -80.375775003178106, 25.753955711299835 ], [ -80.375766214832183, 25.753954364758652 ], [ -80.375756802943044, 25.754006756959203 ], [ -80.375765591294083, 25.754008103500954 ], [ -80.375764246738299, 25.754015588100355 ], [ -80.375790611795239, 25.754019627721309 ], [ -80.375796711041673, 25.754035943458977 ], [ -80.375812943199008, 25.754046121133957 ], [ -80.375807564988321, 25.754076059529211 ], [ -80.375798776629836, 25.754074712991322 ], [ -80.375796087521664, 25.754089682187615 ], [ -80.375767033329979, 25.754100611763974 ], [ -80.375765688772901, 25.754108096361179 ], [ -80.375783265495826, 25.754110789441558 ], [ -80.375789364747234, 25.754127105174938 ], [ -80.37581572983882, 25.754131144788058 ], [ -80.375818418944903, 25.754116175593207 ], [ -80.37582720730785, 25.754117522129231 ], [ -80.375833306567884, 25.754133837859687 ], [ -80.375824518203217, 25.754132491324253 ], [ -80.375823173650559, 25.754139975921468 ], [ -80.375831962015965, 25.754141322456981 ], [ -80.375830617463805, 25.754148807054083 ], [ -80.375880658569983, 25.754171855446426 ] ], [ [ -80.375847473135352, 25.754105246002897 ], [ -80.375829896411574, 25.75410255293345 ], [ -80.375831240963095, 25.754095068335257 ], [ -80.375848817685394, 25.754097761404537 ], [ -80.375847473135352, 25.754105246002897 ] ] ] } },
{ "type": "Feature", "properties": { "hotspot_id": "fiu_hs_069", "area_m2": 3538.1611122574941, "depth_max_m": 0.35192251205444336, "depth_mean_m": 0.23491112451897558, "building_frac": 0.0, "lots": null, "roads": null }, "geometry": { "type": "Polygon", "coordinates": [ [ [ -80.368762342895508, 25.755541967380609 ], [ -80.36876368807178, 25.755534482908807 ], [ -80.368781264865461, 25.755537177173043 ], [ -80.368785300388581, 25.755514723755947 ], [ -80.368804222351429, 25.755509933543756 ], [ -80.3688082578674, 25.755487480123811 ], [ -80.368817046260091, 25.755488827252719 ], [ -80.368822426941932, 25.755458889356429 ], [ -80.368831215331966, 25.755460236484247 ], [ -80.368833905670058, 25.755445267534757 ], [ -80.36886161600394, 25.755441824437852 ], [ -80.368862961170237, 25.755434339962378 ], [ -80.368892016663153, 25.755423412381415 ], [ -80.368896052152692, 25.755400958951931 ], [ -80.368914974084959, 25.755396168717631 ], [ -80.368917664406808, 25.75538119976293 ], [ -80.368945374717171, 25.755377756642762 ], [ -80.368951472785426, 25.755394072716172 ], [ -80.368942684400153, 25.755392725598369 ], [ -80.368941339241303, 25.755400210075855 ], [ -80.368958916013554, 25.755402904310898 ], [ -80.368956225698085, 25.755417873265621 ], [ -80.368965014086072, 25.755419220382176 ], [ -80.368966359243188, 25.755411735904833 ], [ -80.368992724406581, 25.755415777249699 ], [ -80.368995414715769, 25.755400808293899 ], [ -80.369023125029244, 25.75539736515303 ], [ -80.369027160484052, 25.755374911716551 ], [ -80.369046082403557, 25.755370121457752 ], [ -80.369048772702243, 25.755355152498375 ], [ -80.36905756108537, 25.755356499607309 ], [ -80.369062941677058, 25.755326561685944 ], [ -80.369054153296844, 25.755325214577361 ], [ -80.369063569328588, 25.755272823208056 ], [ -80.369082491224091, 25.755268032941014 ], [ -80.369086526657753, 25.755245579493035 ], [ -80.369095315030478, 25.755246926599188 ], [ -80.369098005316999, 25.755231957632724 ], [ -80.369125715573162, 25.755228514462406 ], [ -80.369129750993949, 25.755206061009932 ], [ -80.369138539363391, 25.755207408112557 ], [ -80.369139884502474, 25.755199923627913 ], [ -80.369131096133756, 25.755198576525359 ], [ -80.369133786412675, 25.755183607555704 ], [ -80.369142574779929, 25.755184954658084 ], [ -80.369145265056474, 25.755169985687449 ], [ -80.369180418522348, 25.755175374088743 ], [ -80.369184453926707, 25.755152920630351 ], [ -80.369175665562011, 25.755151573531418 ], [ -80.369181046100863, 25.755121635584519 ], [ -80.369172257739365, 25.755120288485148 ], [ -80.369174948008862, 25.755105319510687 ], [ -80.369166159649083, 25.755103972410737 ], [ -80.369168849919134, 25.75508900343565 ], [ -80.369160061561089, 25.755087656335114 ], [ -80.369161406696492, 25.755080171847371 ], [ -80.369143829982676, 25.755077477644168 ], [ -80.369150555663552, 25.755040055203388 ], [ -80.36915934401668, 25.755041402304943 ], [ -80.369164724554338, 25.75501146434847 ], [ -80.369173512904823, 25.755012811448946 ], [ -80.369174858037937, 25.755005326959267 ], [ -80.369166069688163, 25.75500397985887 ], [ -80.369170105088315, 25.754981526388889 ], [ -80.369189026915208, 25.75497673609787 ], [ -80.369199787958664, 25.75491686016651 ], [ -80.369190999617388, 25.754915513067861 ], [ -80.369197725265735, 25.754878090604837 ], [ -80.369188936928367, 25.754876743505875 ], [ -80.369203733342573, 25.754794414071032 ], [ -80.369187501813315, 25.754784235377571 ], [ -80.369181403743568, 25.754767919286735 ], [ -80.369092175358617, 25.754761932738862 ], [ -80.369090830222177, 25.754769417233234 ], [ -80.369064465248442, 25.754765375905258 ], [ -80.369052986645031, 25.754778997781887 ], [ -80.369035409994837, 25.754776303557591 ], [ -80.369032719711626, 25.754791272543951 ], [ -80.369023931385485, 25.754789925430508 ], [ -80.369022586242806, 25.75479740992332 ], [ -80.368942146163619, 25.754792770359444 ], [ -80.368930667537626, 25.754806392221251 ], [ -80.368921879211541, 25.754805045099165 ], [ -80.368916498603696, 25.754834983062462 ], [ -80.368871211806535, 25.754835731928914 ], [ -80.36886986665013, 25.754843216418635 ], [ -80.368852289992702, 25.754840522163629 ], [ -80.368850944834605, 25.754848006652988 ], [ -80.368824579848322, 25.754843965264563 ], [ -80.368821889527055, 25.754858934242218 ], [ -80.368804312867965, 25.754856239979144 ], [ -80.368798932216876, 25.754886177931425 ], [ -80.368772567221512, 25.75488213653016 ], [ -80.368771222055983, 25.754889621017494 ], [ -80.368762433724001, 25.754888273882141 ], [ -80.368765124056296, 25.754873304907434 ], [ -80.368756335726047, 25.754871957771503 ], [ -80.368760371224951, 25.754849504308233 ], [ -80.368769159553011, 25.754850851443933 ], [ -80.368771849883004, 25.754835882467276 ], [ -80.368763061556393, 25.754834535331746 ], [ -80.36876575188694, 25.754819566354485 ], [ -80.368748175237442, 25.754816872081495 ], [ -80.368749520403824, 25.754809387592747 ], [ -80.368730598589039, 25.754814177805468 ], [ -80.368729253420966, 25.754821662293867 ], [ -80.368704233618431, 25.754810136385768 ], [ -80.368701543277695, 25.754825105361871 ], [ -80.368673833132263, 25.754828548422374 ], [ -80.368671142785786, 25.7548435173968 ], [ -80.368653566134398, 25.754840823107845 ], [ -80.368658946832284, 25.754810885158879 ], [ -80.368642715363166, 25.754800706380014 ], [ -80.368646750887862, 25.754778252916143 ], [ -80.368629174250302, 25.75477555862247 ], [ -80.36862244836739, 25.754812981060432 ], [ -80.368613660045355, 25.754811633912063 ], [ -80.368609624510668, 25.754834087372249 ], [ -80.368600836186729, 25.754832740222852 ], [ -80.368594738222669, 25.754816424099769 ], [ -80.36855958493652, 25.754811035492271 ], [ -80.368558239753909, 25.754818519978532 ], [ -80.36854200829508, 25.754808341183999 ], [ -80.368550079394623, 25.75476343426352 ], [ -80.368523714447591, 25.754759392796917 ], [ -80.36852981239447, 25.754775708927152 ], [ -80.368494659128629, 25.754770320296796 ], [ -80.368483180436115, 25.75478394210965 ], [ -80.368465603802449, 25.754781247788095 ], [ -80.368469639371554, 25.754758794329788 ], [ -80.368460851057307, 25.754757447168117 ], [ -80.368463541437023, 25.754742478195123 ], [ -80.368445964812253, 25.754739783869862 ], [ -80.368442646402002, 25.7548084914045 ], [ -80.368469011360034, 25.75481253289124 ], [ -80.368480490058488, 25.754798911081195 ], [ -80.368523086469182, 25.75481313135861 ], [ -80.368520396097452, 25.754828100329831 ], [ -80.368475109300462, 25.75482884902199 ], [ -80.368471073729523, 25.754851302475515 ], [ -80.368479862053348, 25.754852649635918 ], [ -80.368474481291798, 25.75488258757159 ], [ -80.368455559446218, 25.754887377732636 ], [ -80.368454214253575, 25.754894862215728 ], [ -80.368463002581464, 25.754896209377378 ], [ -80.368458967004344, 25.754918662825659 ], [ -80.36846775533472, 25.754920009986794 ], [ -80.368463719757713, 25.75494246343359 ], [ -80.368472508090534, 25.754943810594227 ], [ -80.368468472513641, 25.754966264039528 ], [ -80.36847726084892, 25.754967611199653 ], [ -80.368474570464656, 25.754982580162373 ], [ -80.368509723814284, 25.75498796879598 ], [ -80.368511069003617, 25.754980484314391 ], [ -80.368547567540844, 25.754978388453438 ], [ -80.368548912726808, 25.754970903971131 ], [ -80.368557701063793, 25.754972251124368 ], [ -80.368556355878553, 25.75497973560676 ], [ -80.368591509232061, 25.754985124212471 ], [ -80.368590164049508, 25.75499260869503 ], [ -80.368616529069655, 25.754996650141617 ], [ -80.3686226270503, 25.755012966254121 ], [ -80.368631415392628, 25.755014313400878 ], [ -80.368628725033204, 25.755029282365438 ], [ -80.368637513377237, 25.755030629511616 ], [ -80.368634823018382, 25.75504559847554 ], [ -80.368643611364149, 25.755046945621121 ], [ -80.368640921005806, 25.755061914584441 ], [ -80.368649709353306, 25.75506326172945 ], [ -80.368647018995517, 25.75507823069217 ], [ -80.368673384044016, 25.755082272123097 ], [ -80.368676074397428, 25.755067303159883 ], [ -80.368703784618162, 25.755063860101373 ], [ -80.368706474965833, 25.7550488911365 ], [ -80.368732840008249, 25.75505293255258 ], [ -80.368731494836709, 25.755060417035356 ], [ -80.368722706488256, 25.755059069897332 ], [ -80.36872001614303, 25.755074038862151 ], [ -80.368711227793369, 25.755072691723207 ], [ -80.368707192271629, 25.755095145168728 ], [ -80.368715980623477, 25.755096492307917 ], [ -80.368707909578191, 25.755141399194223 ], [ -80.368725486291424, 25.755144093471323 ], [ -80.368721450770067, 25.755166546912339 ], [ -80.368712662411113, 25.755165199773916 ], [ -80.368698493348248, 25.755193790552713 ], [ -80.368659304365266, 25.755210855422529 ], [ -80.368657959185043, 25.755218339900608 ], [ -80.368682979097855, 25.75522986580512 ], [ -80.368681633919351, 25.75523735028306 ], [ -80.368672845553945, 25.755236003141537 ], [ -80.368663429292923, 25.755288394481163 ], [ -80.368687104047311, 25.755307404858151 ], [ -80.368668899409499, 25.755358449045946 ], [ -80.368677687787141, 25.755359796187282 ], [ -80.368674997425018, 25.755374765136697 ], [ -80.368698672205227, 25.755393775505826 ], [ -80.368697327025544, 25.755401259980125 ], [ -80.368770324439339, 25.755397068118722 ], [ -80.368768979265724, 25.755404552593852 ], [ -80.368786556033541, 25.755407246858304 ], [ -80.368785210861162, 25.755414731333428 ], [ -80.368810230846691, 25.755426257199822 ], [ -80.368808885676017, 25.755433741674803 ], [ -80.368800097288968, 25.755432394544975 ], [ -80.368796061773438, 25.75545484796848 ], [ -80.368771041781642, 25.755443322099666 ], [ -80.368769696607373, 25.75545080657373 ], [ -80.368760908219215, 25.755449459440637 ], [ -80.368762253394209, 25.755441974966651 ], [ -80.368744676620182, 25.755439280698354 ], [ -80.368740641090156, 25.755461734119205 ], [ -80.368749429479223, 25.755463081253996 ], [ -80.368741358417324, 25.755507988090923 ], [ -80.368722436451478, 25.755512778291592 ], [ -80.368721091272008, 25.755520262763383 ], [ -80.368703514483542, 25.755517568488717 ], [ -80.368700824121007, 25.755532537431368 ], [ -80.368762342895508, 25.755541967380609 ] ], [ [ -80.368741717833657, 25.755154272226115 ], [ -80.368732929475627, 25.755152925089355 ], [ -80.36873427464846, 25.755145440608747 ], [ -80.368743063005766, 25.755146787745421 ], [ -80.368741717833657, 25.755154272226115 ] ], [ [ -80.368756514714164, 25.755071942927717 ], [ -80.368738938014417, 25.755069248655285 ], [ -80.368759832888685, 25.755003235440082 ], [ -80.368768621232121, 25.755004582575165 ], [ -80.368767276064389, 25.755012067059546 ], [ -80.368794986264092, 25.755008623975897 ], [ -80.368798393947941, 25.755039909045692 ], [ -80.368789605600497, 25.755038561913292 ], [ -80.368786915267307, 25.755053530880822 ], [ -80.368757859883758, 25.75506445844487 ], [ -80.368756514714164, 25.755071942927717 ] ], [ [ -80.368610431091298, 25.754980334027898 ], [ -80.368566489401019, 25.754973598276838 ], [ -80.368567834585306, 25.754966113794154 ], [ -80.368550257912545, 25.754963419488611 ], [ -80.368555638653191, 25.754933481556627 ], [ -80.368564426986524, 25.754934828709452 ], [ -80.368567117354004, 25.754919859742113 ], [ -80.368593482351244, 25.754923901195539 ], [ -80.368592137169813, 25.754931385679548 ], [ -80.368617156992173, 25.754942911610488 ], [ -80.368610431091298, 25.754980334027898 ] ] ] } },
{ "type": "Feature", "properties": { "hotspot_id": "fiu_hs_070", "area_m2": 191.55649333938544, "depth_max_m": 0.35148465633392334, "depth_mean_m": 0.23600290335860907, "building_frac": 0.0, "lots": null, "roads": null }, "geometry": { "type": "Polygon", "coordinates": [ [ [ -80.371470495339821, 25.761025128536989 ], [ -80.371471840369182, 25.761017644159324 ], [ -80.371489418344211, 25.761020337914367 ], [ -80.371490763371895, 25.761012853536307 ], [ -80.371561075276958, 25.761023628525596 ], [ -80.371562420298574, 25.761016144146694 ], [ -80.371625288240864, 25.761018087842334 ], [ -80.371626633256909, 25.761010603462474 ], [ -80.371670578204871, 25.761017337778487 ], [ -80.371671923217036, 25.761009853397994 ], [ -80.371726002166696, 25.761010450170573 ], [ -80.371727347174044, 25.761002965789196 ], [ -80.371790215110536, 25.761004909384173 ], [ -80.371791560112328, 25.760997425001833 ], [ -80.371800349102585, 25.760998771852528 ], [ -80.371804384104408, 25.760976318704088 ], [ -80.371786806128526, 25.760973625002475 ], [ -80.371785461126692, 25.760981109385298 ], [ -80.371723938214515, 25.760971681405209 ], [ -80.371722593207352, 25.760979165787273 ], [ -80.371705015233417, 25.760976472071714 ], [ -80.371703670224562, 25.760983956453405 ], [ -80.371678648274525, 25.760972431492689 ], [ -80.371679993285341, 25.760964947111034 ], [ -80.371671204300313, 25.760963600249916 ], [ -80.371669859288772, 25.760971084631493 ], [ -80.371590758429136, 25.760958962846743 ], [ -80.371589413410803, 25.760966447227382 ], [ -80.371554257477271, 25.760961059747498 ], [ -80.371552912455812, 25.760968544127582 ], [ -80.371535334489209, 25.760965850382945 ], [ -80.371533989466045, 25.760973334762674 ], [ -80.371508967541317, 25.760961809760307 ], [ -80.371507622515978, 25.760969294139791 ], [ -80.371490044550612, 25.760966600387423 ], [ -80.371488699523582, 25.760974084766541 ], [ -80.371444754611247, 25.760967350371953 ], [ -80.371443409580351, 25.760974834750474 ], [ -80.371425831615852, 25.760972140987178 ], [ -80.371414352567129, 25.760985762860333 ], [ -80.371405563584091, 25.760984415976637 ], [ -80.371400183444663, 25.761014353485887 ], [ -80.371470495339821, 25.761025128536989 ] ] ] } },
{ "type": "Feature", "properties": { "hotspot_id": "fiu_hs_071", "area_m2": 356.8209189655945, "depth_max_m": 0.34986591339111328, "depth_mean_m": 0.2095423005756579, "building_frac": 0.0, "lots": null, "roads": null }, "geometry": { "type": "Polygon", "coordinates": [ [ [ -80.379436265144747, 25.753732179658801 ], [ -80.379437609383046, 25.753724695004752 ], [ -80.379455186141826, 25.753727387461172 ], [ -80.379469351463769, 25.753698795069091 ], [ -80.379478139840927, 25.753700141295074 ], [ -80.37948082830917, 25.753685171984156 ], [ -80.379526114421836, 25.753684418445776 ], [ -80.37952880288141, 25.753669449132857 ], [ -80.379511226131953, 25.753666756688514 ], [ -80.379509881900816, 25.753674241344896 ], [ -80.379493649383576, 25.753664064241157 ], [ -80.379494993615921, 25.753656579584732 ], [ -80.379503781989257, 25.75365792580871 ], [ -80.379506470451815, 25.753642956495138 ], [ -80.379524047196369, 25.753645648940488 ], [ -80.379535524026309, 25.753632025847182 ], [ -80.379553100769556, 25.753634718287682 ], [ -80.379550412315197, 25.753649687602863 ], [ -80.379559200688675, 25.753651033822141 ], [ -80.379590942706884, 25.753625133842935 ], [ -80.379618652043916, 25.753621687829572 ], [ -80.37962134048577, 25.753606718511293 ], [ -80.379586187007391, 25.753601333650124 ], [ -80.379587531230897, 25.753593848991017 ], [ -80.379552377759737, 25.753588464118067 ], [ -80.37954090093811, 25.753602087215139 ], [ -80.37952332420177, 25.753599394772291 ], [ -80.379524668430605, 25.753591910113954 ], [ -80.379553721985943, 25.753580979459116 ], [ -80.379556410437615, 25.753566010140592 ], [ -80.379573987168285, 25.753568702578068 ], [ -80.379575331392331, 25.753561217918371 ], [ -80.379591563900036, 25.753571395012528 ], [ -80.379590219677212, 25.753578879672215 ], [ -80.379634161514943, 25.753585610745528 ], [ -80.379628061586416, 25.75356929521217 ], [ -80.379610484853984, 25.753566602783927 ], [ -80.379611829074889, 25.753559118123665 ], [ -80.3795955965671, 25.7535489410323 ], [ -80.379598285010658, 25.753533971711164 ], [ -80.379563131562833, 25.75352858684089 ], [ -80.379557031651501, 25.753512271300341 ], [ -80.379520533987119, 25.75351437107593 ], [ -80.379521878214888, 25.753506886415607 ], [ -80.379504301498201, 25.753504193968691 ], [ -80.379502957268969, 25.753511678628843 ], [ -80.379448882887175, 25.753511085928913 ], [ -80.379446194418833, 25.753526055247224 ], [ -80.379437406059594, 25.753524709017761 ], [ -80.379434717588879, 25.753539678335141 ], [ -80.379425929228447, 25.75353833210476 ], [ -80.379423240755358, 25.753553301421153 ], [ -80.379414452393732, 25.75355195518986 ], [ -80.379413108156115, 25.753559439847709 ], [ -80.379421896518451, 25.753560786079088 ], [ -80.379419208043984, 25.753575755394333 ], [ -80.379436784772395, 25.753578447855173 ], [ -80.379450328797191, 25.753603594285398 ], [ -80.379415175330564, 25.753598209365759 ], [ -80.379413831092293, 25.753605694022497 ], [ -80.379387465992963, 25.75360165532458 ], [ -80.379386121752276, 25.753609139980892 ], [ -80.379377333385634, 25.753607793746667 ], [ -80.379394187192943, 25.753564232040127 ], [ -80.37937795470944, 25.753554054914602 ], [ -80.379380643190302, 25.753539085599392 ], [ -80.379363066471498, 25.753536393128634 ], [ -80.379364410713038, 25.753528908470919 ], [ -80.379355622354765, 25.753527562234478 ], [ -80.379343524166131, 25.753594924146256 ], [ -80.379317159073267, 25.753590885430178 ], [ -80.379313747696187, 25.753559600565808 ], [ -80.379294826727559, 25.753564392739964 ], [ -80.379292138231293, 25.753579362051717 ], [ -80.379300926593771, 25.753580708293349 ], [ -80.379299582346036, 25.753588192949024 ], [ -80.379290793982818, 25.753586846707307 ], [ -80.379288105485188, 25.753601816017902 ], [ -80.379311782085821, 25.753620824051598 ], [ -80.379310437838399, 25.75362830870646 ], [ -80.3793719564177, 25.753637732369612 ], [ -80.379370612175137, 25.753645217024872 ], [ -80.379379400545417, 25.753646563259508 ], [ -80.379384777511376, 25.753616624637001 ], [ -80.379428719352219, 25.753623355797259 ], [ -80.379421998162428, 25.753660779076977 ], [ -80.379447019044662, 25.753672302420924 ], [ -80.379444330571062, 25.753687271731543 ], [ -80.379425409582026, 25.753692063927787 ], [ -80.379420032625319, 25.753722002545299 ], [ -80.379436265144747, 25.753732179658801 ] ], [ [ -80.379484138035707, 25.753616463850342 ], [ -80.379457772929896, 25.753612425170576 ], [ -80.379459117164529, 25.753604940513416 ], [ -80.379486826500354, 25.753601494535317 ], [ -80.379484138035707, 25.753616463850342 ] ] ] } },
{ "type": "Feature", "properties": { "hotspot_id": "fiu_hs_072", "area_m2": 143.47956952029435, "depth_max_m": 0.34907078742980957, "depth_mean_m": 0.21654049139372342, "building_frac": 0.15935832294960686, "lots": "Public Safety Tower Parking Lot", "roads": null }, "geometry": { "type": "Polygon", "coordinates": [ [ [ -80.376269013974721, 25.755930975197916 ], [ -80.376270358516791, 25.755923490637194 ], [ -80.376287935618777, 25.75592618361593 ], [ -80.376290624699323, 25.755911214493562 ], [ -80.376274392141639, 25.755901036953862 ], [ -80.376277081223733, 25.755886067830669 ], [ -80.376304791404692, 25.755882622734237 ], [ -80.376306135942968, 25.755875138171913 ], [ -80.376297347396687, 25.755873791684269 ], [ -80.376300036474035, 25.755858822559176 ], [ -80.376291247929458, 25.755857476070947 ], [ -80.376296626084297, 25.755827537818778 ], [ -80.376252683380088, 25.755820805367879 ], [ -80.376255372463419, 25.755805836241453 ], [ -80.376237795386544, 25.755803143256145 ], [ -80.376236450843521, 25.755810627819287 ], [ -80.37624523938257, 25.755811974312412 ], [ -80.37624255029732, 25.755826943438279 ], [ -80.376260127379112, 25.755829636422579 ], [ -80.37627367084113, 25.755854783092193 ], [ -80.376222284127508, 25.755839219575694 ], [ -80.376223628672165, 25.755831735013412 ], [ -80.37619726305094, 25.755827695526509 ], [ -80.376198607597544, 25.755820210964288 ], [ -80.376163453442587, 25.755814824971477 ], [ -80.376151975803779, 25.755828447594805 ], [ -80.376106688555851, 25.755829199643181 ], [ -80.37610534400126, 25.755836684203981 ], [ -80.376077633826966, 25.755840129247193 ], [ -80.376076289269733, 25.755847613807369 ], [ -80.376085077810004, 25.755848960314001 ], [ -80.376082388696318, 25.755863929433939 ], [ -80.376143908496033, 25.755873354960418 ], [ -80.376155386141988, 25.7558597323399 ], [ -80.376172963227674, 25.755862425338808 ], [ -80.376179062673245, 25.755878740958899 ], [ -80.376205428308978, 25.755882780449827 ], [ -80.376202739214776, 25.755897749571318 ], [ -80.376218971763535, 25.755907927122422 ], [ -80.376217627217301, 25.755915411682853 ], [ -80.376269013974721, 25.755930975197916 ] ] ] } },
{ "type": "Feature", "properties": { "hotspot_id": "fiu_hs_073", "area_m2": 654.29688509030029, "depth_max_m": 0.34538924694061279, "depth_mean_m": 0.21286473235908798, "building_frac": 0.0, "lots": null, "roads": null }, "geometry": { "type": "Polygon", "coordinates": [ [ [ -80.37468391689697, 25.759425712217389 ], [ -80.374685261627775, 25.759418227759944 ], [ -80.374756917372153, 25.759421516162565 ], [ -80.374758262096677, 25.759414031704051 ], [ -80.37481368480357, 25.759407142398402 ], [ -80.374825163118146, 25.759393520078216 ], [ -80.37484274087079, 25.759396213274318 ], [ -80.37485421917944, 25.759382590950416 ], [ -80.374880585806849, 25.759386630736106 ], [ -80.374881930520274, 25.75937914627514 ], [ -80.374918430734638, 25.759377048183676 ], [ -80.374919775444695, 25.759369563722 ], [ -80.374982642281736, 25.759371505376777 ], [ -80.374983986986237, 25.759364020914159 ], [ -80.375023176593885, 25.759346953859467 ], [ -80.375024521294549, 25.759339469395723 ], [ -80.375068465666388, 25.759346202296282 ], [ -80.375069810363172, 25.759338717831938 ], [ -80.37505223261509, 25.759336024674155 ], [ -80.375053577313111, 25.759328540209751 ], [ -80.375062366186285, 25.759329886788937 ], [ -80.375065055580166, 25.759314917859424 ], [ -80.375056266708441, 25.759313571280394 ], [ -80.375057611405765, 25.759306086815453 ], [ -80.375040033664604, 25.759303393655287 ], [ -80.375037344266801, 25.759318362584693 ], [ -80.375028555395147, 25.759317016003322 ], [ -80.375032589493699, 25.759294562609178 ], [ -80.375058956102876, 25.759298602350288 ], [ -80.375060300799746, 25.759291117884931 ], [ -80.375089356797844, 25.759280188687178 ], [ -80.375094735572446, 25.75925025082126 ], [ -80.375078502535843, 25.759240073200179 ], [ -80.375072403061253, 25.759223757687966 ], [ -80.375029803448641, 25.759209540319588 ], [ -80.375031148146633, 25.759202055852533 ], [ -80.3750135704271, 25.759199362686971 ], [ -80.375014915126329, 25.759191878219859 ], [ -80.374979759693431, 25.759186491879994 ], [ -80.374968281429915, 25.759200114226335 ], [ -80.374931781290329, 25.759202212336657 ], [ -80.374920303017305, 25.759215834676969 ], [ -80.374911514157731, 25.759214488085171 ], [ -80.374907480031894, 25.75923694148025 ], [ -80.374898691170401, 25.759235594887436 ], [ -80.374902101194223, 25.759266879337638 ], [ -80.374858156874865, 25.759260146364348 ], [ -80.374856812161227, 25.759267630827786 ], [ -80.374848023297432, 25.759266284230776 ], [ -80.374845333868024, 25.759281253156921 ], [ -80.374836545003049, 25.759279906558987 ], [ -80.374833855571239, 25.759294875484187 ], [ -80.374825066705085, 25.759293528885323 ], [ -80.374822377270917, 25.759308497809581 ], [ -80.374813588403555, 25.759307151209807 ], [ -80.374809554248401, 25.759329604594488 ], [ -80.374818343117937, 25.759330951194524 ], [ -80.37481565368148, 25.759345920116829 ], [ -80.374806864810481, 25.759344573516643 ], [ -80.374805520091172, 25.75935205797742 ], [ -80.374814308962911, 25.759353404577695 ], [ -80.3748129642441, 25.759360889038362 ], [ -80.374795386499457, 25.759358195836892 ], [ -80.374783908184867, 25.759371818155291 ], [ -80.374757541566353, 25.759367778344636 ], [ -80.374746063244643, 25.759381400658398 ], [ -80.37470211887991, 25.759374667620907 ], [ -80.37470346360837, 25.759367183161999 ], [ -80.374712252480052, 25.759368529770924 ], [ -80.37471494193484, 25.759353560852382 ], [ -80.374751442142568, 25.759351462819975 ], [ -80.374752786866466, 25.759343978359897 ], [ -80.374771709329167, 25.759339187108313 ], [ -80.374775743494467, 25.759316733725793 ], [ -80.374784532362199, 25.759318080328754 ], [ -80.374792600682184, 25.759273173557983 ], [ -80.374756100508009, 25.759275271605524 ], [ -80.374754755785446, 25.759282756067265 ], [ -80.374719600332114, 25.759277369640092 ], [ -80.374718255606382, 25.75928485410131 ], [ -80.374700677879872, 25.759282160883014 ], [ -80.374689199560535, 25.759295783194101 ], [ -80.374671621832718, 25.759293089970939 ], [ -80.37467027710268, 25.759300574431165 ], [ -80.374635121647387, 25.759295187975447 ], [ -80.374633776914195, 25.759302672435137 ], [ -80.374616199186704, 25.759299979202577 ], [ -80.374614854451821, 25.759307463661919 ], [ -80.374588487860422, 25.759303423807147 ], [ -80.374584453647842, 25.759325877183247 ], [ -80.374575664782398, 25.759324530563227 ], [ -80.374572975304744, 25.759339499479502 ], [ -80.374564186438107, 25.759338152858557 ], [ -80.374562841698207, 25.759345637316315 ], [ -80.374571630565569, 25.759346983937341 ], [ -80.374568941086537, 25.759361952852455 ], [ -80.374593962956936, 25.759373477168996 ], [ -80.37459261821904, 25.759380961626331 ], [ -80.374601407090395, 25.75938230824466 ], [ -80.374602751827567, 25.759374823787251 ], [ -80.374646696184755, 25.759381556867158 ], [ -80.37464400671746, 25.759396525782609 ], [ -80.374625084235419, 25.759401317009843 ], [ -80.374622394763833, 25.759416285923773 ], [ -80.37468391689697, 25.759425712217389 ] ], [ [ -80.37485080916818, 25.759351306510027 ], [ -80.374842020296114, 25.759349959912871 ], [ -80.374835920857834, 25.759333644392292 ], [ -80.374871076340852, 25.75933903077879 ], [ -80.374869731627115, 25.759346515240555 ], [ -80.374852153883609, 25.75934382204866 ], [ -80.37485080916818, 25.759351306510027 ] ], [ [ -80.374954210313618, 25.759328696715492 ], [ -80.374936632571078, 25.759326003537861 ], [ -80.374937977278805, 25.759318519074768 ], [ -80.374955555019881, 25.759321212252217 ], [ -80.374954210313618, 25.759328696715492 ] ], [ [ -80.374990710505273, 25.759326598598047 ], [ -80.374955555019881, 25.759321212252217 ], [ -80.374956899725916, 25.759313727788747 ], [ -80.374965688596134, 25.759315074376257 ], [ -80.374967033301203, 25.75930758991251 ], [ -80.374993399911276, 25.759311629670258 ], [ -80.374990710505273, 25.759326598598047 ] ], [ [ -80.375002188781849, 25.759312976254652 ], [ -80.374993399911276, 25.759311629670258 ], [ -80.374994744613943, 25.759304145206045 ], [ -80.375003533483778, 25.759305491790364 ], [ -80.375002188781849, 25.759312976254652 ] ] ] } },
{ "type": "Feature", "properties": { "hotspot_id": "fiu_hs_074", "area_m2": 725.66106888640229, "depth_max_m": 0.3389209508895874, "depth_mean_m": 0.20563578161393634, "building_frac": 0.0, "lots": null, "roads": "Southwest 112th Avenue" }, "geometry": { "type": "Polygon", "coordinates": [ [ [ -80.375886298240033, 25.758564024665276 ], [ -80.375887642855091, 25.758556540171757 ], [ -80.375905220472703, 25.758559233193459 ], [ -80.375906565086055, 25.758551748699588 ], [ -80.375931586901117, 25.758563272720387 ], [ -80.375942343784146, 25.75850339676192 ], [ -80.375933554980236, 25.758502050254371 ], [ -80.375941622637257, 25.758457143277841 ], [ -80.375925389649154, 25.758446965764875 ], [ -80.375946279921948, 25.758380951794464 ], [ -80.375937491130244, 25.758379605286731 ], [ -80.375950937198567, 25.758304760292553 ], [ -80.375942148414424, 25.758303413784883 ], [ -80.375946182232624, 25.758280960283098 ], [ -80.375954971014593, 25.758282306790512 ], [ -80.375957660224131, 25.758267337788183 ], [ -80.37594887144364, 25.758265991280922 ], [ -80.375954249862872, 25.758236053274274 ], [ -80.37596303864045, 25.758237399781187 ], [ -80.375964383243954, 25.758229915278932 ], [ -80.375955594467086, 25.758228568772115 ], [ -80.375959628278423, 25.758206115264485 ], [ -80.375950839504029, 25.75820476875715 ], [ -80.375954873315479, 25.75818231524801 ], [ -80.375963662087699, 25.758183661755115 ], [ -80.375965006690322, 25.758176177251585 ], [ -80.375948773751475, 25.75816599973329 ], [ -80.375956841369813, 25.758121092707935 ], [ -80.37594805260396, 25.758119746200009 ], [ -80.375952086412227, 25.758097292684973 ], [ -80.375935853489452, 25.758087115162095 ], [ -80.375942576504784, 25.758049692632994 ], [ -80.375933787746291, 25.75804834612353 ], [ -80.375938445016104, 25.757972154542198 ], [ -80.375929656265455, 25.757970808032049 ], [ -80.375935034673162, 25.757940869998492 ], [ -80.375926245925683, 25.757939523487931 ], [ -80.37592759052778, 25.757932038979142 ], [ -80.375936379274521, 25.757933385489629 ], [ -80.375937723875637, 25.757925900980538 ], [ -80.375928935129636, 25.757924554470158 ], [ -80.375952514472843, 25.75784357136795 ], [ -80.375961303211099, 25.757844917876696 ], [ -80.37596399240617, 25.757829948853519 ], [ -80.375993047807953, 25.757819019350229 ], [ -80.375995736996799, 25.757804050325003 ], [ -80.376014659059621, 25.757799258821592 ], [ -80.376017348244176, 25.757784289794863 ], [ -80.376043714444933, 25.757788329302933 ], [ -80.376046403624201, 25.757773360274935 ], [ -80.376028826159668, 25.757770667270663 ], [ -80.376027481568698, 25.757778151784599 ], [ -80.37601124869623, 25.757767974263349 ], [ -80.376013937880401, 25.757753005235237 ], [ -80.376022726610529, 25.757754351739099 ], [ -80.376024071201542, 25.757746867224675 ], [ -80.376059226121853, 25.757752253232251 ], [ -80.376060570709726, 25.757744768717306 ], [ -80.376086936900606, 25.757748808214796 ], [ -80.376088281486062, 25.757741323699396 ], [ -80.376159935913847, 25.757744611142503 ], [ -80.376161280493008, 25.757737126626061 ], [ -80.37623159034699, 25.757747898535698 ], [ -80.376232934920097, 25.757740414018382 ], [ -80.376241723652313, 25.757741760503606 ], [ -80.376240379079931, 25.757749245020989 ], [ -80.376249167813185, 25.757750591505541 ], [ -80.376246478669188, 25.757765560539909 ], [ -80.376218767891416, 25.75776900560016 ], [ -80.376207290005624, 25.75778262814562 ], [ -80.376261366997397, 25.757783222540983 ], [ -80.376260022426067, 25.757790707057659 ], [ -80.376286388639926, 25.757794746503453 ], [ -80.376285044070528, 25.757802231020193 ], [ -80.376303966117177, 25.757797439463541 ], [ -80.376302621549257, 25.75780492398043 ], [ -80.376328987769341, 25.757808963415151 ], [ -80.376327643203382, 25.75781644793209 ], [ -80.376336431944679, 25.757817794408894 ], [ -80.376333742813529, 25.757832763442373 ], [ -80.376342531556546, 25.75783410991858 ], [ -80.376362700006936, 25.757721842147351 ], [ -80.376353911274833, 25.757720495672377 ], [ -80.376347811668751, 25.757704180157521 ], [ -80.37629507929222, 25.757696101288264 ], [ -80.376293734725095, 25.757703585807427 ], [ -80.376258579809885, 25.75769819987913 ], [ -80.376259924379923, 25.757690715360308 ], [ -80.376251135652524, 25.757689368876417 ], [ -80.376249791081747, 25.757696853395167 ], [ -80.376232213626309, 25.757694160424965 ], [ -80.376220735752383, 25.757707782975167 ], [ -80.376185580839987, 25.757702397022012 ], [ -80.376184236263427, 25.757709881539611 ], [ -80.376157870079751, 25.757705842066535 ], [ -80.376156525500775, 25.757713326583687 ], [ -80.376103793136352, 25.757705247616638 ], [ -80.376102448552786, 25.75771273213309 ], [ -80.376049716193705, 25.757704653138319 ], [ -80.376048371605506, 25.757712137654096 ], [ -80.375996983844317, 25.757696574116334 ], [ -80.375995639251769, 25.757704058631603 ], [ -80.375978061802684, 25.757701365618061 ], [ -80.375976717208431, 25.757708850132961 ], [ -80.375932773586783, 25.757702117585456 ], [ -80.375931428988665, 25.757709602099748 ], [ -80.375913851540417, 25.757706909075281 ], [ -80.375902373615432, 25.757720531589417 ], [ -80.375893584890534, 25.757719185075128 ], [ -80.375890895686865, 25.757734154101673 ], [ -80.375882106960773, 25.757732807586464 ], [ -80.375879417754732, 25.757747776612067 ], [ -80.375888206482273, 25.757749123127454 ], [ -80.375881483466785, 25.757786545688511 ], [ -80.375897716327657, 25.757796723229621 ], [ -80.375901126651698, 25.757828007788788 ], [ -80.375909915387609, 25.757829354301965 ], [ -80.375904536978169, 25.757859292344758 ], [ -80.375913325717264, 25.757860638857519 ], [ -80.375897190475698, 25.757950452968213 ], [ -80.375905979223816, 25.757951799481205 ], [ -80.375897911595004, 25.757996706526537 ], [ -80.37590670034777, 25.757998053039284 ], [ -80.375901321926889, 25.758027991065969 ], [ -80.375910110682824, 25.758029337578289 ], [ -80.375895320014521, 25.758111667136507 ], [ -80.375904108778755, 25.758113013648973 ], [ -80.375902764171911, 25.758120498153179 ], [ -80.375883842033716, 25.75812528963117 ], [ -80.375879808206705, 25.758147743141567 ], [ -80.375871019439373, 25.758146396627154 ], [ -80.375868330218765, 25.758161365632933 ], [ -80.375892007308806, 25.758180374179883 ], [ -80.375889318090728, 25.758195343184617 ], [ -80.375905551028126, 25.75820552071136 ], [ -80.37590420641996, 25.758213005213399 ], [ -80.375895417645722, 25.75821165870137 ], [ -80.375892728427274, 25.758226627704712 ], [ -80.375901517202976, 25.758227974216915 ], [ -80.37589748337578, 25.758250427720704 ], [ -80.375906272153927, 25.758251774232416 ], [ -80.375894794156494, 25.758265396722265 ], [ -80.375903582936104, 25.758266743234142 ], [ -80.375896859887533, 25.758304165735066 ], [ -80.375905648671065, 25.758305512246576 ], [ -80.375901614841339, 25.758327965745046 ], [ -80.37591040362733, 25.758329312256066 ], [ -80.375904401703039, 25.75841298824756 ], [ -80.375920634682416, 25.758423165764924 ], [ -80.375912567017792, 25.75846807274462 ], [ -80.375921355817979, 25.758469419254098 ], [ -80.375913288149462, 25.758514326227278 ], [ -80.375894365926939, 25.758519117701244 ], [ -80.375890332084523, 25.758541571184139 ], [ -80.375872754470905, 25.758538878159712 ], [ -80.375870065238558, 25.758553847147009 ], [ -80.375886298240033, 25.758564024665276 ] ] ] } },
{ "type": "Feature", "properties": { "hotspot_id": "fiu_hs_075", "area_m2": 143.47956952085926, "depth_max_m": 0.33715295791625977, "depth_mean_m": 0.23313696097329026, "building_frac": 0.0, "lots": null, "roads": null }, "geometry": { "type": "Polygon", "coordinates": [ [ [ -80.36925343017252, 25.758939589990121 ], [ -80.369254775359011, 25.758932105592145 ], [ -80.369298719084142, 25.75893884096514 ], [ -80.369300064266739, 25.758931356566563 ], [ -80.369371719411689, 25.75893464872393 ], [ -80.369373064588004, 25.758927164324291 ], [ -80.369427142238621, 25.758927762308812 ], [ -80.369428487410104, 25.758920277908288 ], [ -80.369446064902306, 25.758922972030195 ], [ -80.369447410072112, 25.75891548762932 ], [ -80.369438621326609, 25.758914140568841 ], [ -80.369432522923191, 25.758897824705588 ], [ -80.369406156693472, 25.758893783517827 ], [ -80.36940750186622, 25.758886299116796 ], [ -80.369249304551985, 25.75886205184873 ], [ -80.369250649737637, 25.758854567448989 ], [ -80.369233072265132, 25.758851873293132 ], [ -80.369221593153384, 25.758865495012866 ], [ -80.36921280441635, 25.758864147932886 ], [ -80.369206078468949, 25.758901569926053 ], [ -80.369214867209635, 25.758902917006445 ], [ -80.369212176830516, 25.758917885802507 ], [ -80.369220965572922, 25.75891923288231 ], [ -80.36921962038376, 25.758926717280143 ], [ -80.36925343017252, 25.758939589990121 ] ] ] } },
{ "type": "Feature", "properties": { "hotspot_id": "fiu_hs_076", "area_m2": 99.158655375804884, "depth_max_m": 0.32916367053985596, "depth_mean_m": 0.21888735800078421, "building_frac": 0.0, "lots": null, "roads": null }, "geometry": { "type": "Polygon", "coordinates": [ [ [ -80.371233911448982, 25.761035015692947 ], [ -80.371235256498665, 25.761027531318597 ], [ -80.37128933545624, 25.761028128320589 ], [ -80.371290680501104, 25.761020643945333 ], [ -80.371299469486019, 25.761021990838699 ], [ -80.371304849660248, 25.76099205333546 ], [ -80.371278482715113, 25.760988012654121 ], [ -80.37127982776029, 25.760980528278065 ], [ -80.371271038779838, 25.760979181382851 ], [ -80.371269693733936, 25.760986665758804 ], [ -80.37124332679204, 25.76098262506838 ], [ -80.371241981743722, 25.760990109443906 ], [ -80.37122440378235, 25.76098741564633 ], [ -80.371225748832117, 25.760979931270981 ], [ -80.371199381894257, 25.760975890569206 ], [ -80.371198036842301, 25.760983374944306 ], [ -80.371118936036737, 25.760971252797383 ], [ -80.371107456940507, 25.760984874636364 ], [ -80.371081090006612, 25.760980833904355 ], [ -80.371079744944481, 25.760988318277771 ], [ -80.371070955966331, 25.760986971365504 ], [ -80.371068265839924, 25.761001940111644 ], [ -80.371103421759983, 25.761007327756847 ], [ -80.371102076699344, 25.761014812129954 ], [ -80.371110865680777, 25.761016159039453 ], [ -80.371112210740677, 25.761008674666265 ], [ -80.371233911448982, 25.761035015692947 ] ] ] } },
{ "type": "Feature", "properties": { "hotspot_id": "fiu_hs_077", "area_m2": 61.598558643349406, "depth_max_m": 0.328582763671875, "depth_mean_m": 0.20080547797970655, "building_frac": 0.0, "lots": null, "roads": null }, "geometry": { "type": "Polygon", "coordinates": [ [ [ -80.37932427427242, 25.75460712939385 ], [ -80.379328307055474, 25.754584675497497 ], [ -80.379337095519162, 25.754586021731765 ], [ -80.379347849591369, 25.75452614466565 ], [ -80.379356638049515, 25.754527490898504 ], [ -80.37937080353268, 25.7544988985922 ], [ -80.379379591988453, 25.75450024482322 ], [ -80.379380936243336, 25.754492760188057 ], [ -80.37935457087903, 25.754488721493015 ], [ -80.379355915135875, 25.754481236857909 ], [ -80.379338338229161, 25.754478544390921 ], [ -80.37934443816701, 25.754494859894656 ], [ -80.379353226621959, 25.754496206127929 ], [ -80.379351882364659, 25.754503690762668 ], [ -80.379343093908972, 25.754502344529303 ], [ -80.379339061133493, 25.75452479843204 ], [ -80.379311351500363, 25.754528244360305 ], [ -80.379310007238985, 25.75453572899373 ], [ -80.379301218780739, 25.754534382756937 ], [ -80.379298530255866, 25.75454935202302 ], [ -80.379280953337258, 25.754546659546826 ], [ -80.379279609073009, 25.754554144179405 ], [ -80.379270820613385, 25.754552797940097 ], [ -80.379266787817102, 25.754575251836425 ], [ -80.379247866626926, 25.754580043986596 ], [ -80.379245178091551, 25.754595013249133 ], [ -80.379300597403002, 25.754588121422213 ], [ -80.379297908876381, 25.754603090685748 ], [ -80.37932427427242, 25.75460712939385 ] ] ] } },
{ "type": "Feature", "properties": { "hotspot_id": "fiu_hs_078", "area_m2": 200.57091655518343, "depth_max_m": 0.32347798347473145, "depth_mean_m": 0.18833177545097438, "building_frac": 0.0, "lots": "W2 Parking Lot", "roads": null }, "geometry": { "type": "Polygon", "coordinates": [ [ [ -80.382032872989356, 25.753453133818869 ], [ -80.38203421700193, 25.753445649124298 ], [ -80.382060582176194, 25.753449687146055 ], [ -80.382061926186353, 25.753442202451055 ], [ -80.38209097937613, 25.75343127107465 ], [ -80.382096355403917, 25.75340133229011 ], [ -80.382105143791563, 25.753402678293003 ], [ -80.382106487797216, 25.753395193596297 ], [ -80.382132852959643, 25.753399231600202 ], [ -80.382144329352428, 25.753385608205328 ], [ -80.382161906126342, 25.753388300202285 ], [ -80.382163250126922, 25.753380815504514 ], [ -80.382172038513559, 25.753382161501783 ], [ -80.382174726512588, 25.753367192105472 ], [ -80.382148361357864, 25.753363154111895 ], [ -80.382149705359225, 25.753355669413697 ], [ -80.382140916975587, 25.753354323414413 ], [ -80.382138228971186, 25.753369292810433 ], [ -80.382103075433491, 25.75336390880506 ], [ -80.382104419438718, 25.753356424107491 ], [ -80.382060477526309, 25.753349694084157 ], [ -80.38205913351743, 25.753357178781332 ], [ -80.38204155675291, 25.753354486766547 ], [ -80.382040212742339, 25.753361971463367 ], [ -80.38199627083209, 25.753355241412745 ], [ -80.381984794420276, 25.753368864792414 ], [ -80.381967217655685, 25.753366172765041 ], [ -80.381965873638606, 25.753373657460596 ], [ -80.381932064129728, 25.753360788701176 ], [ -80.381930720109736, 25.753368273396418 ], [ -80.381921931728201, 25.753366927378469 ], [ -80.381923275748917, 25.753359442683333 ], [ -80.381914487368377, 25.753358096664723 ], [ -80.381903010943503, 25.753371720035123 ], [ -80.38187664579992, 25.753367681971991 ], [ -80.381873957750045, 25.753382651360507 ], [ -80.381865169367927, 25.753381305337793 ], [ -80.381862481315679, 25.75339627472534 ], [ -80.381853692932367, 25.753394928701713 ], [ -80.381859793262507, 25.753411244112144 ], [ -80.381887502442922, 25.75340779748549 ], [ -80.381884814393658, 25.753422766872383 ], [ -80.381912523576716, 25.753419320239114 ], [ -80.381911179554166, 25.753426804932712 ], [ -80.381928756329188, 25.753429496969154 ], [ -80.38192741230786, 25.753436981662738 ], [ -80.381944989085397, 25.753439673696327 ], [ -80.381949021144322, 25.753417219614526 ], [ -80.381985518710195, 25.753415118976971 ], [ -80.381984174693926, 25.75342260367162 ], [ -80.381992963082013, 25.753423949684009 ], [ -80.381990275050242, 25.753438919072888 ], [ -80.382009195844645, 25.753434126401206 ], [ -80.382015296206404, 25.75345044180041 ], [ -80.382032872989356, 25.753453133818869 ] ] ] } },
{ "type": "Feature", "properties": { "hotspot_id": "fiu_hs_079", "area_m2": 160.00601208272383, "depth_max_m": 0.32039558887481689, "depth_mean_m": 0.20368828572018047, "building_frac": 0.0, "lots": null, "roads": null }, "geometry": { "type": "Polygon", "coordinates": [ [ [ -80.379679743874973, 25.754538531589429 ], [ -80.379685120793098, 25.754508593035531 ], [ -80.379693909254669, 25.754509939239654 ], [ -80.379696597710904, 25.754494969961371 ], [ -80.379715518858234, 25.754490177727426 ], [ -80.379718207310177, 25.754475208447634 ], [ -80.379757393814117, 25.754458139326719 ], [ -80.379761426479519, 25.754435685402846 ], [ -80.37974519379226, 25.754425508363237 ], [ -80.379749226459268, 25.754403054437542 ], [ -80.379740438007573, 25.754401708237687 ], [ -80.379734338002578, 25.754385392752635 ], [ -80.379716761103438, 25.754382700349488 ], [ -80.379710661104184, 25.754366384862038 ], [ -80.379685639989461, 25.754354861607474 ], [ -80.379682951535642, 25.754369830892095 ], [ -80.379674163088282, 25.754368484686445 ], [ -80.379667441946097, 25.754405907894157 ], [ -80.379658653495355, 25.754404561687355 ], [ -80.379654620805113, 25.754427015609377 ], [ -80.379680986164686, 25.754431054228341 ], [ -80.379684397706527, 25.754462338994486 ], [ -80.379655343875712, 25.754473269655815 ], [ -80.379656688106664, 25.754465785016393 ], [ -80.379639111193811, 25.754463092600673 ], [ -80.379641799657946, 25.754448123321616 ], [ -80.379633011203396, 25.754446777112776 ], [ -80.379634355435854, 25.75443929247303 ], [ -80.379616778528984, 25.754436600053268 ], [ -80.379605301606432, 25.754450223121047 ], [ -80.379596513152208, 25.754448876909105 ], [ -80.379595168916367, 25.754456361548112 ], [ -80.37960395737133, 25.754457707760132 ], [ -80.379599924664646, 25.754480161676273 ], [ -80.379581003513167, 25.754484953889136 ], [ -80.379587103496561, 25.754501269378149 ], [ -80.379559393880598, 25.754504715373461 ], [ -80.379558049640764, 25.754512200010652 ], [ -80.379610780404604, 25.754520277289064 ], [ -80.37961212464009, 25.754512792651358 ], [ -80.379629701562081, 25.754515485071277 ], [ -80.379631045795875, 25.754508000433212 ], [ -80.379658755410063, 25.754504554418631 ], [ -80.379656066947078, 25.75451952369546 ], [ -80.379679743874973, 25.754538531589429 ] ] ] } },
{ "type": "Feature", "properties": { "hotspot_id": "fiu_hs_080", "area_m2": 189.30288753468889, "depth_max_m": 0.31366705894470215, "depth_mean_m": 0.21941826835511222, "building_frac": 0.0, "lots": null, "roads": null }, "geometry": { "type": "Polygon", "coordinates": [ [ [ -80.37128935723247, 25.755198678651883 ], [ -80.371300835543664, 25.755185056543823 ], [ -80.371318412345246, 25.755187750377676 ], [ -80.371319757298124, 25.755180265864084 ], [ -80.371375177601294, 25.755173378318222 ], [ -80.37137849372958, 25.755104670768173 ], [ -80.371353473498473, 25.755093145514511 ], [ -80.371347375004575, 25.755076829567972 ], [ -80.371329798224323, 25.755074135738131 ], [ -80.371331143174501, 25.755066651221703 ], [ -80.371304778008323, 25.755062610471505 ], [ -80.371302088103377, 25.75507757950367 ], [ -80.371258146157857, 25.755070844904065 ], [ -80.371256801201412, 25.755078329419437 ], [ -80.371248012812387, 25.755076982497165 ], [ -80.371245322897323, 25.755091951527145 ], [ -80.371236534507119, 25.755090604603943 ], [ -80.371232499630622, 25.755113058147224 ], [ -80.3712237112385, 25.755111711223027 ], [ -80.371219676357754, 25.755134164764286 ], [ -80.371210887963713, 25.755132817839097 ], [ -80.371201473228851, 25.755185209428031 ], [ -80.371254203627785, 25.755193290971413 ], [ -80.37125554858622, 25.755185806458794 ], [ -80.371264336986258, 25.755187153379946 ], [ -80.371262992028548, 25.755194637892664 ], [ -80.37128935723247, 25.755198678651883 ] ] ] } },
{ "type": "Feature", "properties": { "hotspot_id": "fiu_hs_081", "area_m2": 779.74760818213508, "depth_max_m": 0.31347966194152832, "depth_mean_m": 0.20553706468644628, "building_frac": 0.0, "lots": null, "roads": null }, "geometry": { "type": "Polygon", "coordinates": [ [ [ -80.369750854462879, 25.755116687397695 ], [ -80.369752199548344, 25.755109202902922 ], [ -80.369771121370988, 25.755104412506803 ], [ -80.369775156620946, 25.75508195902022 ], [ -80.36976636825429, 25.755080611971426 ], [ -80.369783227114695, 25.7550370520418 ], [ -80.369792015477231, 25.755038399089347 ], [ -80.369803493999882, 25.755024777141447 ], [ -80.36982985908557, 25.755028818276759 ], [ -80.369831204162935, 25.755021333778856 ], [ -80.369822415801522, 25.755019986734595 ], [ -80.369827796111664, 25.754990048741437 ], [ -80.369852816113038, 25.755001574369814 ], [ -80.369846090734555, 25.755038996861042 ], [ -80.36987380090045, 25.755035553487161 ], [ -80.369885906555851, 25.754968192995435 ], [ -80.369894694913071, 25.754969540034498 ], [ -80.369902765335311, 25.754924633030758 ], [ -80.369911553688425, 25.754925980068581 ], [ -80.369934419827544, 25.754798743518577 ], [ -80.369925631486808, 25.754797396482171 ], [ -80.369926976552478, 25.754789911977568 ], [ -80.369890478126578, 25.754792008329026 ], [ -80.369889133057768, 25.754799492833104 ], [ -80.369880344717643, 25.754798145792847 ], [ -80.369874246518123, 25.754781829743802 ], [ -80.369856669842164, 25.754779135659824 ], [ -80.369858014913433, 25.754771651155689 ], [ -80.369805284896415, 25.754763568886119 ], [ -80.369803939820756, 25.754771053389746 ], [ -80.369759998143664, 25.754764318143884 ], [ -80.369758653064153, 25.754771802646911 ], [ -80.369749864728817, 25.754770455595388 ], [ -80.369751209809067, 25.754762971092447 ], [ -80.369742421474726, 25.754761624040256 ], [ -80.369741076393751, 25.754769108543101 ], [ -80.369688346389026, 25.754761026213533 ], [ -80.369687001303433, 25.754768510715724 ], [ -80.369660636302527, 25.754764469540486 ], [ -80.369659291214532, 25.754771954042202 ], [ -80.369650502880717, 25.754770606982202 ], [ -80.369647812702581, 25.754785575984904 ], [ -80.369639024367544, 25.75478422892397 ], [ -80.369636334187049, 25.754799197925738 ], [ -80.369627545850847, 25.754797850863877 ], [ -80.369626200759527, 25.754805335364381 ], [ -80.369598490656585, 25.7548087786741 ], [ -80.369593110279325, 25.754838716672406 ], [ -80.36962826364001, 25.754844104926349 ], [ -80.369634361798134, 25.75486042098677 ], [ -80.369650593393303, 25.754870599607315 ], [ -80.369646558121175, 25.754893053103984 ], [ -80.369618847991376, 25.754896496418219 ], [ -80.369614812709941, 25.754918949911833 ], [ -80.369649966104092, 25.754924338157004 ], [ -80.369648621012743, 25.754931822654811 ], [ -80.369657409362688, 25.754933169714288 ], [ -80.369653374089424, 25.754955623206808 ], [ -80.369662162441827, 25.754956970265777 ], [ -80.369659472259968, 25.754971939259992 ], [ -80.369684492234072, 25.754983464929939 ], [ -80.369681802055212, 25.754998433923465 ], [ -80.369698033681402, 25.755008612532102 ], [ -80.369695343504077, 25.755023581524792 ], [ -80.369704131863926, 25.755024928579903 ], [ -80.369702786775647, 25.75503241307603 ], [ -80.369720363497606, 25.755035107184138 ], [ -80.369717673323294, 25.75505007617619 ], [ -80.36974134824176, 25.755069086324912 ], [ -80.36973327772364, 25.755113993295502 ], [ -80.369750854462879, 25.755116687397695 ] ], [ [ -80.369697315854111, 25.754962358494129 ], [ -80.369688527500642, 25.75496101143818 ], [ -80.3696912176772, 25.754946042442704 ], [ -80.36970000602922, 25.754947389498483 ], [ -80.369697315854111, 25.754962358494129 ] ], [ [ -80.369858196411698, 25.754971636373309 ], [ -80.369849408054819, 25.75497028933113 ], [ -80.369853443278586, 25.754947835831977 ], [ -80.369871019988253, 25.75495052991505 ], [ -80.369868329842191, 25.754965498915031 ], [ -80.369859541485781, 25.7549641518737 ], [ -80.369858196411698, 25.754971636373309 ] ], [ [ -80.369727625571386, 25.754843953561068 ], [ -80.369710048887484, 25.754841259452569 ], [ -80.369712739056709, 25.754826290450865 ], [ -80.369730315737684, 25.754828984559044 ], [ -80.369727625571386, 25.754843953561068 ] ] ] } },
{ "type": "Feature", "properties": { "hotspot_id": "fiu_hs_082", "area_m2": 133.71394437060161, "depth_max_m": 0.30862689018249512, "depth_mean_m": 0.2145455606867758, "building_frac": 0.0, "lots": "Unnamed surface lot (way/1305134878)", "roads": null }, "geometry": { "type": "Polygon", "coordinates": [ [ [ -80.37975259317227, 25.757702797917801 ], [ -80.37978433659886, 25.757676898210232 ], [ -80.379801914159856, 25.757679590573836 ], [ -80.379804602694762, 25.75766462144253 ], [ -80.379795813915592, 25.757663275261265 ], [ -80.379798502451038, 25.757648306129319 ], [ -80.379789713673603, 25.757646959947476 ], [ -80.379793746477247, 25.757624506248344 ], [ -80.37981266829398, 25.757619714043866 ], [ -80.379824145598832, 25.757606091089247 ], [ -80.37980656805189, 25.757603398728826 ], [ -80.379800467812075, 25.757587083412592 ], [ -80.379782890269666, 25.757584391047956 ], [ -80.379771412961261, 25.757598013998873 ], [ -80.37975383541756, 25.75759532162936 ], [ -80.379755179687947, 25.757587837062452 ], [ -80.379746390917219, 25.757586490876637 ], [ -80.379749079458747, 25.757571521742353 ], [ -80.379715268657748, 25.757558652425136 ], [ -80.379709168438012, 25.757542337101182 ], [ -80.379674013377823, 25.75753695233692 ], [ -80.379662536058703, 25.757550575277744 ], [ -80.379693658298578, 25.757578413745897 ], [ -80.379688281195286, 25.757608352010124 ], [ -80.379697069967293, 25.757609698200813 ], [ -80.379694381415732, 25.757624667331914 ], [ -80.379703170189472, 25.757626013521996 ], [ -80.379700481638437, 25.757640982652504 ], [ -80.379709270413912, 25.757642328842 ], [ -80.379706581863417, 25.757657297971903 ], [ -80.379737704155119, 25.757685136417372 ], [ -80.379735015608162, 25.757700105545975 ], [ -80.37975259317227, 25.757702797917801 ] ] ] } },
{ "type": "Feature", "properties": { "hotspot_id": "fiu_hs_083", "area_m2": 184.79567592693115, "depth_max_m": 0.30757129192352295, "depth_mean_m": 0.19794609876182989, "building_frac": 0.0, "lots": "Parking Lot 9", "roads": null }, "geometry": { "type": "Polygon", "coordinates": [ [ [ -80.37891319232088, 25.758504769499424 ], [ -80.378915881032654, 25.758489800430308 ], [ -80.378924669881087, 25.758491146683212 ], [ -80.378931391652884, 25.758453724006586 ], [ -80.378922602808089, 25.758452377754089 ], [ -80.378933357636853, 25.758392501462072 ], [ -80.378924568798155, 25.758391155209498 ], [ -80.378923846080426, 25.758344901729949 ], [ -80.378906268413147, 25.758342209222025 ], [ -80.378911645828168, 25.758312271068004 ], [ -80.378902856997854, 25.758310924813223 ], [ -80.3789068900589, 25.758288471195925 ], [ -80.37889810123103, 25.758287124940637 ], [ -80.378903478645498, 25.758257186781854 ], [ -80.378894689820797, 25.758255840526147 ], [ -80.378897378528123, 25.758240871445754 ], [ -80.378881145237244, 25.758230694392079 ], [ -80.378886522654028, 25.758200756228838 ], [ -80.378877733835253, 25.758199409971443 ], [ -80.378880422543716, 25.758184440888815 ], [ -80.378871633726661, 25.758183094630834 ], [ -80.378878355497477, 25.758145671921298 ], [ -80.378869566684344, 25.758144325662972 ], [ -80.378872255392523, 25.758129356577964 ], [ -80.378863466581123, 25.758128010319048 ], [ -80.37886749964386, 25.758105556690328 ], [ -80.378851266381474, 25.758095379627594 ], [ -80.378837721835112, 25.758070233475074 ], [ -80.378818799868, 25.75807502549349 ], [ -80.378820144225472, 25.758067540950087 ], [ -80.378811355421064, 25.758066194686467 ], [ -80.378810011062868, 25.758073679229778 ], [ -80.378801222257977, 25.75807233296532 ], [ -80.378791811739063, 25.758124724762379 ], [ -80.378800600549042, 25.758126071027412 ], [ -80.378795223107531, 25.758156009193232 ], [ -80.378826345286996, 25.758183847870498 ], [ -80.378825000928273, 25.758191332411226 ], [ -80.378851367380534, 25.758195371194738 ], [ -80.378844645594413, 25.758232793896628 ], [ -80.378862223237903, 25.758235486416034 ], [ -80.378860878881454, 25.758242970956001 ], [ -80.378852090058842, 25.758241624696602 ], [ -80.378849401343786, 25.758256593775773 ], [ -80.378865634635773, 25.758266770833625 ], [ -80.378862945922265, 25.758281739911965 ], [ -80.378889312403444, 25.758285778684606 ], [ -80.37888662369339, 25.758300747762668 ], [ -80.378895412522439, 25.758302094018884 ], [ -80.378892723812925, 25.758317063096346 ], [ -80.378883934982397, 25.758315716839967 ], [ -80.378882590626574, 25.758323201378321 ], [ -80.378898823934733, 25.758333378428784 ], [ -80.378897479579891, 25.758340862966918 ], [ -80.378888690746933, 25.75833951671105 ], [ -80.378886002035102, 25.758354485786569 ], [ -80.378894790869538, 25.758355832042589 ], [ -80.378889413446075, 25.758385770191634 ], [ -80.378898202283693, 25.758387116447224 ], [ -80.378894169215883, 25.758409570057193 ], [ -80.378902958055946, 25.758410916312304 ], [ -80.378894891918506, 25.758455823527488 ], [ -80.37890368076323, 25.758457169782325 ], [ -80.378900992050362, 25.758472138852657 ], [ -80.378909780896805, 25.758473485106922 ], [ -80.378908436540755, 25.758480969641894 ], [ -80.378899647693586, 25.758479623387565 ], [ -80.37889695897934, 25.758494592456724 ], [ -80.37891319232088, 25.758504769499424 ] ] ] } },
{ "type": "Feature", "properties": { "hotspot_id": "fiu_hs_084", "area_m2": 462.74039175267467, "depth_max_m": 0.30406343936920166, "depth_mean_m": 0.20915653179218244, "building_frac": 0.0, "lots": null, "roads": null }, "geometry": { "type": "Polygon", "coordinates": [ [ [ -80.373087917919591, 25.755089780237441 ], [ -80.373090607520311, 25.755074811159197 ], [ -80.373118317570189, 25.755071366912013 ], [ -80.373132485173471, 25.755042775513616 ], [ -80.373158850417823, 25.755046815795787 ], [ -80.373169608761529, 25.754986939462562 ], [ -80.373178397171031, 25.754988286221103 ], [ -80.373177052379589, 25.754995770763514 ], [ -80.373212206023197, 25.755001157790471 ], [ -80.373233817207094, 25.754981397670083 ], [ -80.373251394027221, 25.754984091175491 ], [ -80.373248704456714, 25.754999060262229 ], [ -80.373283858106021, 25.755004447264632 ], [ -80.373285202888468, 25.754996962721037 ], [ -80.373302779713299, 25.754999656217539 ], [ -80.373305469274612, 25.754984687129401 ], [ -80.373314257685962, 25.754986033876364 ], [ -80.373315602465539, 25.754978549331906 ], [ -80.373333179287599, 25.754981242823369 ], [ -80.373335868843157, 25.754966273733594 ], [ -80.373310848394468, 25.754954748950819 ], [ -80.373313537953024, 25.754939779860337 ], [ -80.373322326360011, 25.754941126606806 ], [ -80.373326360693937, 25.754918672969399 ], [ -80.373291207076377, 25.754913285980056 ], [ -80.373287797795925, 25.754882001046564 ], [ -80.373268876213203, 25.754886792092712 ], [ -80.373274255339538, 25.754856853906762 ], [ -80.373265466941746, 25.754855507155842 ], [ -80.373266811723482, 25.754848022608968 ], [ -80.373237756965779, 25.754858951445016 ], [ -80.373235067396777, 25.754873920537303 ], [ -80.373243855795963, 25.754875267290746 ], [ -80.373237131873069, 25.754912690018525 ], [ -80.373201978263381, 25.754907302998593 ], [ -80.373203323051342, 25.754899818453744 ], [ -80.373185746249561, 25.754897124939408 ], [ -80.373184401460151, 25.754904609484083 ], [ -80.373175613058947, 25.754903262725701 ], [ -80.373172923477995, 25.754918231814266 ], [ -80.373137769870013, 25.754912844772495 ], [ -80.37312629187953, 25.754926467097139 ], [ -80.373107370278404, 25.754931258112919 ], [ -80.373104680684946, 25.754946227198367 ], [ -80.373060738666879, 25.754939493365722 ], [ -80.37306208346736, 25.754932008823495 ], [ -80.373044506663476, 25.75492931528531 ], [ -80.373043161861546, 25.754936799827362 ], [ -80.373025585057277, 25.754934106285983 ], [ -80.3730141070466, 25.754947728597202 ], [ -80.373005318643678, 25.75494638182445 ], [ -80.373002629032342, 25.754961350906544 ], [ -80.372993840628254, 25.754960004132883 ], [ -80.372991151014546, 25.754974973214026 ], [ -80.372982362609264, 25.754973626439437 ], [ -80.372976983376191, 25.755003564599079 ], [ -80.372968194968252, 25.755002217823385 ], [ -80.372965505348873, 25.755017186901867 ], [ -80.372956716939754, 25.755015840125271 ], [ -80.372951337695341, 25.75504577827958 ], [ -80.372960126107373, 25.755047125056521 ], [ -80.372958781296433, 25.755054609594687 ], [ -80.372992590141934, 25.755067481233514 ], [ -80.372991245333438, 25.755074965771616 ], [ -80.373087917919591, 25.755089780237441 ] ] ] } },
{ "type": "Feature", "properties": { "hotspot_id": "fiu_hs_085", "area_m2": 178.78606045004364, "depth_max_m": 0.30234336853027344, "depth_mean_m": 0.2212889855649291, "building_frac": 0.0, "lots": null, "roads": null }, "geometry": { "type": "Polygon", "coordinates": [ [ [ -80.374742403127414, 25.755581712996033 ], [ -80.374743747794341, 25.755574228446999 ], [ -80.374761324779513, 25.755576921689467 ], [ -80.374762669444735, 25.755569437140075 ], [ -80.374797823415449, 25.755574823615579 ], [ -80.374809301231267, 25.755561201132402 ], [ -80.37482687821587, 25.755563894363775 ], [ -80.374828222875308, 25.755556409813213 ], [ -80.374857277665839, 25.755545480552168 ], [ -80.374871444779131, 25.755516888957175 ], [ -80.374880233267817, 25.755518235568111 ], [ -80.374889645842316, 25.755465843697738 ], [ -80.374880857358747, 25.75546449708737 ], [ -80.374883546665146, 25.755449527979959 ], [ -80.374874758183296, 25.755448181369001 ], [ -80.374876102836879, 25.755440696815079 ], [ -80.374803105678581, 25.755444893007194 ], [ -80.374791627877002, 25.755458515494713 ], [ -80.374772706252074, 25.755463306808632 ], [ -80.374758539115277, 25.75549189839488 ], [ -80.374729484330175, 25.755502827629893 ], [ -80.374726794995865, 25.755517796730757 ], [ -80.374718006509582, 25.755516450106708 ], [ -80.374713972504225, 25.755538903756289 ], [ -80.374705184016022, 25.755537557131234 ], [ -80.374703839346381, 25.755545041680609 ], [ -80.374721416324505, 25.75554773493015 ], [ -80.374720071656071, 25.755555219479504 ], [ -80.374728860146277, 25.755556566103223 ], [ -80.374726170810206, 25.755571535201515 ], [ -80.374742403127414, 25.755581712996033 ] ] ] } },
{ "type": "Feature", "properties": { "hotspot_id": "fiu_hs_086", "area_m2": 211.08774364056421, "depth_max_m": 0.30148017406463623, "depth_mean_m": 0.21395412458643795, "building_frac": 0.0, "lots": null, "roads": null }, "geometry": { "type": "Polygon", "coordinates": [ [ [ -80.377783794520028, 25.76066966157148 ], [ -80.37778513900551, 25.760662177102908 ], [ -80.377811506152284, 25.760666216121347 ], [ -80.377812850635351, 25.760658731652335 ], [ -80.377856795881726, 25.760665463334213 ], [ -80.377858140360928, 25.760657978864572 ], [ -80.377937241814806, 25.760670095843551 ], [ -80.377938586287215, 25.760662611372993 ], [ -80.377992665065364, 25.76066320485317 ], [ -80.377994009532941, 25.76065572038172 ], [ -80.378090689111104, 25.760670529886827 ], [ -80.378092033570425, 25.760663045414265 ], [ -80.378127189785843, 25.760668430665824 ], [ -80.378128534242038, 25.76066094619274 ], [ -80.378198846679965, 25.760671716658894 ], [ -80.378200191130091, 25.760664232184936 ], [ -80.378226558296575, 25.760668271097032 ], [ -80.378227902744271, 25.760660786622637 ], [ -80.378244136408924, 25.760670963701305 ], [ -80.378245480855171, 25.760663479226739 ], [ -80.378254269911011, 25.760664825527662 ], [ -80.378256958801359, 25.760649856577789 ], [ -80.378284670408789, 25.760646411000042 ], [ -80.378286014851213, 25.760638926524379 ], [ -80.378315070893819, 25.760627996462379 ], [ -80.378317759772656, 25.760613027509187 ], [ -80.378228524821864, 25.760607048993851 ], [ -80.378217046876856, 25.760620671641455 ], [ -80.378199468775435, 25.760617979032141 ], [ -80.378198124325948, 25.760625463507175 ], [ -80.378145390023747, 25.760617385660552 ], [ -80.37814404556967, 25.760624870134873 ], [ -80.378126467469627, 25.760622177513117 ], [ -80.378125123013859, 25.760629661987085 ], [ -80.378053466156828, 25.760626375942255 ], [ -80.378052121694779, 25.760633860415176 ], [ -80.377962886740903, 25.760627881669905 ], [ -80.377961542271095, 25.760635366141596 ], [ -80.37790880798471, 25.760627288173996 ], [ -80.377907463510311, 25.76063477264503 ], [ -80.377872307321852, 25.760629387317838 ], [ -80.377870962844312, 25.760636871788311 ], [ -80.377816884083202, 25.76063627824411 ], [ -80.377815539600817, 25.760643762713727 ], [ -80.377780383414404, 25.760638377355271 ], [ -80.377758771861167, 25.760658138077655 ], [ -80.377783794520028, 25.76066966157148 ] ] ] } },
{ "type": "Feature", "properties": { "hotspot_id": "fiu_hs_087", "area_m2": 232.12139781140488, "depth_max_m": 0.29921257495880127, "depth_mean_m": 0.20797889981069226, "building_frac": 0.00011271059919004252, "lots": null, "roads": null }, "geometry": { "type": "Polygon", "coordinates": [ [ [ -80.382693742700539, 25.752639174491808 ], [ -80.38269508664429, 25.752631689769363 ], [ -80.382721451604439, 25.752635727632185 ], [ -80.382722795545774, 25.75262824290931 ], [ -80.382793102112203, 25.752639010509533 ], [ -80.382794446047498, 25.752631525785798 ], [ -80.382812022690331, 25.752634217678125 ], [ -80.382813366623935, 25.752626732954031 ], [ -80.382874884877268, 25.752636154552775 ], [ -80.382876847980086, 25.752574930808635 ], [ -80.382850483031049, 25.752570892984853 ], [ -80.382854514818405, 25.752548438805977 ], [ -80.382873435373668, 25.752543645961932 ], [ -80.382876123227376, 25.752528676507655 ], [ -80.382884911539605, 25.752530022447658 ], [ -80.382886255465394, 25.752522537720154 ], [ -80.382868678842641, 25.752519845839547 ], [ -80.382867334915403, 25.752527330566888 ], [ -80.382823393359587, 25.752520600851746 ], [ -80.382822049428469, 25.752528085578483 ], [ -80.382778107875737, 25.752521355843999 ], [ -80.382776763940754, 25.752528840570129 ], [ -80.382724034082017, 25.75252076486332 ], [ -80.38272269014243, 25.752528249588753 ], [ -80.382642251419568, 25.752523620701215 ], [ -80.382648351835726, 25.752539936109784 ], [ -80.382667272400397, 25.752535143303483 ], [ -80.382665928455751, 25.752542628027847 ], [ -80.382683505076855, 25.75254531994289 ], [ -80.382682161133417, 25.752552804667204 ], [ -80.38270852606928, 25.752556842534329 ], [ -80.382707182127817, 25.752564327258717 ], [ -80.382715970441026, 25.752565673212995 ], [ -80.382713282558868, 25.752580642661339 ], [ -80.382685573672035, 25.752584089519342 ], [ -80.382684229728198, 25.752591574242786 ], [ -80.3826666530978, 25.752588882328265 ], [ -80.382662621260522, 25.752611336496916 ], [ -80.382653832943546, 25.752609990538279 ], [ -80.382659933367876, 25.752626305941703 ], [ -80.382686298324785, 25.752630343813586 ], [ -80.382684954380309, 25.752637828535946 ], [ -80.382693742700539, 25.752639174491808 ] ] ] } },
{ "type": "Feature", "properties": { "hotspot_id": "fiu_hs_088", "area_m2": 137.46995404388309, "depth_max_m": 0.29839408397674561, "depth_mean_m": 0.2145022199453552, "building_frac": 0.0, "lots": null, "roads": null }, "geometry": { "type": "Polygon", "coordinates": [ [ [ -80.381345928451083, 25.752601936230612 ], [ -80.381357404861774, 25.752588312889213 ], [ -80.38136619315668, 25.752589658958676 ], [ -80.381364849100251, 25.75259714366474 ], [ -80.381417578879805, 25.752605220066105 ], [ -80.38142026698371, 25.752590250652784 ], [ -80.381429055279796, 25.752591596716872 ], [ -80.381433087431745, 25.752569142595171 ], [ -80.381459452315042, 25.752573180782129 ], [ -80.381460796363058, 25.75256569607425 ], [ -80.381479716998129, 25.752560903486717 ], [ -80.381485817200769, 25.752577218962283 ], [ -80.381494605496556, 25.752578565020819 ], [ -80.38151755826209, 25.752551318300991 ], [ -80.381492537427576, 25.752539795419743 ], [ -80.381491193382672, 25.752547280128624 ], [ -80.381447251922395, 25.752540549826247 ], [ -80.381445907873626, 25.752548034534531 ], [ -80.381401966416433, 25.752541304212837 ], [ -80.381400622363785, 25.75254878892051 ], [ -80.38135668090969, 25.75254205857949 ], [ -80.381355336853176, 25.752549543286563 ], [ -80.381311395402179, 25.752542812926219 ], [ -80.381310051341785, 25.752550297632681 ], [ -80.381266109893886, 25.75254356725301 ], [ -80.381264765829613, 25.752551051958871 ], [ -80.381220824384798, 25.752544321559874 ], [ -80.381219480316659, 25.752551806265117 ], [ -80.381175538874942, 25.752545075846808 ], [ -80.381174194802924, 25.752552560551443 ], [ -80.381130253364319, 25.752545830113817 ], [ -80.381128909288435, 25.752553314817835 ], [ -80.381120121000777, 25.752551968727946 ], [ -80.381118776923927, 25.752559453431708 ], [ -80.381172850730692, 25.752560045255887 ], [ -80.38117150665822, 25.752567529960135 ], [ -80.381180294948194, 25.752568876045547 ], [ -80.381181639019943, 25.752561391341228 ], [ -80.381218136248293, 25.752559290970169 ], [ -80.381216792179686, 25.752566775675021 ], [ -80.381269521927379, 25.752574852153025 ], [ -80.381268177862921, 25.75258233685819 ], [ -80.381320907624684, 25.752590413309473 ], [ -80.381319563564375, 25.752597898014944 ], [ -80.381345928451083, 25.752601936230612 ] ] ] } },
{ "type": "Feature", "properties": { "hotspot_id": "fiu_hs_089", "area_m2": 82.632212813290181, "depth_max_m": 0.29670679569244385, "depth_mean_m": 0.18627948760986329, "building_frac": 0.0, "lots": null, "roads": null }, "geometry": { "type": "Polygon", "coordinates": [ [ [ -80.376228881263998, 25.754294423972432 ], [ -80.376230225784425, 25.754286939373564 ], [ -80.376256590944323, 25.754290978871694 ], [ -80.376268068365817, 25.754277356170562 ], [ -80.376295778039221, 25.754273911059066 ], [ -80.376297122553638, 25.754266426458837 ], [ -80.376288334168564, 25.754265079963588 ], [ -80.376292367712608, 25.754242626161993 ], [ -80.376267347081992, 25.754231102071753 ], [ -80.37626869159817, 25.754223617470885 ], [ -80.376303845122237, 25.754229003454792 ], [ -80.376307878660654, 25.754206549650039 ], [ -80.376299090281421, 25.75420520315545 ], [ -80.376300434794487, 25.754197718553549 ], [ -80.376272725145327, 25.754201163667133 ], [ -80.376271380629845, 25.754208648268563 ], [ -80.376245015493993, 25.7542046087732 ], [ -80.376213272278832, 25.754230507672876 ], [ -80.376184218092476, 25.754241437362161 ], [ -80.376182873568823, 25.754248921961494 ], [ -80.376191661950656, 25.754250268465828 ], [ -80.376186283856669, 25.754280206861583 ], [ -80.376195072241671, 25.754281553365484 ], [ -80.376193727718331, 25.754289037964021 ], [ -80.376228881263998, 25.754294423972432 ] ] ] } },
{ "type": "Feature", "properties": { "hotspot_id": "fiu_hs_090", "area_m2": 65.354568316049424, "depth_max_m": 0.29491901397705078, "depth_mean_m": 0.20867251253676142, "building_frac": 0.0, "lots": null, "roads": null }, "geometry": { "type": "Polygon", "coordinates": [ [ [ -80.38393812695017, 25.754560111834351 ], [ -80.383954253339681, 25.754470295502003 ], [ -80.383945464816748, 25.754468949661561 ], [ -80.383949496411162, 25.754446495574367 ], [ -80.383940707890687, 25.754445149733424 ], [ -80.383943395620591, 25.754430180341156 ], [ -80.38393460710185, 25.754428834499617 ], [ -80.383931194046284, 25.754397549871115 ], [ -80.383913617015978, 25.75439485818492 ], [ -80.383896146729157, 25.75449215922665 ], [ -80.383904935253653, 25.754493505071189 ], [ -80.383900903645696, 25.75451595915332 ], [ -80.383917136831542, 25.754526135534476 ], [ -80.383913105225204, 25.75454858961476 ], [ -80.38393812695017, 25.754560111834351 ] ] ] } },
{ "type": "Feature", "properties": { "hotspot_id": "fiu_hs_091", "area_m2": 76.622597335591223, "depth_max_m": 0.29152894020080566, "depth_mean_m": 0.21225787144081265, "building_frac": 0.0, "lots": null, "roads": null }, "geometry": { "type": "Polygon", "coordinates": [ [ [ -80.375005567008571, 25.753714766046659 ], [ -80.375012290085635, 25.75367734306182 ], [ -80.374996058089351, 25.7536671652487 ], [ -80.37498251533097, 25.753642018237258 ], [ -80.374956150424666, 25.753637978404427 ], [ -80.374950051362148, 25.753621662596458 ], [ -80.374932474762744, 25.753618969369604 ], [ -80.374933819383386, 25.753611484771728 ], [ -80.374879744971011, 25.753610889670906 ], [ -80.374877055720319, 25.753625858865092 ], [ -80.374893287695144, 25.753636036698335 ], [ -80.374890598445987, 25.75365100589169 ], [ -80.374899386748112, 25.753652352508926 ], [ -80.374898042123917, 25.753659837105403 ], [ -80.374948082706396, 25.753682885986841 ], [ -80.374954181772807, 25.753699201791783 ], [ -80.374989335006148, 25.753704588233671 ], [ -80.374987990388831, 25.753712072830083 ], [ -80.375005567008571, 25.753714766046659 ] ] ] } },
{ "type": "Feature", "properties": { "hotspot_id": "fiu_hs_092", "area_m2": 178.03485851561993, "depth_max_m": 0.28921985626220703, "depth_mean_m": 0.19277408454991593, "building_frac": 0.0, "lots": "Unnamed surface lot (way/1305134878)", "roads": null }, "geometry": { "type": "Polygon", "coordinates": [ [ [ -80.379928887662004, 25.757575991603645 ], [ -80.379930231917157, 25.757568507033977 ], [ -80.379947809460887, 25.757571199373572 ], [ -80.379959286738426, 25.757557576401833 ], [ -80.379976864280863, 25.757560268736583 ], [ -80.379978208531682, 25.757552784165895 ], [ -80.379997130322892, 25.757547991926408 ], [ -80.379999818820465, 25.757533022783772 ], [ -80.380017396359236, 25.757535715111803 ], [ -80.380020084852987, 25.757520745968044 ], [ -80.380039006635002, 25.757515953720372 ], [ -80.380041695124447, 25.757500984575131 ], [ -80.380050483891139, 25.757502330736074 ], [ -80.380054516621414, 25.757479877016479 ], [ -80.380108593452661, 25.757480469390735 ], [ -80.380125447640694, 25.757436908096984 ], [ -80.380099081357656, 25.757432869630232 ], [ -80.380100425596098, 25.757425385054955 ], [ -80.380074059317678, 25.757421346581651 ], [ -80.380075403558081, 25.75741386200643 ], [ -80.380040248526882, 25.75740847736509 ], [ -80.380036215796224, 25.757430931089193 ], [ -80.380018638277875, 25.757428238763477 ], [ -80.380014605540779, 25.757450692485332 ], [ -80.379965284738091, 25.757473899947978 ], [ -80.379963940487386, 25.757481384520357 ], [ -80.379955151724118, 25.757480038351918 ], [ -80.379953807472447, 25.757487522924013 ], [ -80.379945018708739, 25.757486176754743 ], [ -80.379943674456101, 25.757493661326546 ], [ -80.379934885691924, 25.757492315156444 ], [ -80.379933541438319, 25.757499799727974 ], [ -80.379924752673688, 25.757498453557034 ], [ -80.379923408419131, 25.757505938128293 ], [ -80.379914619654031, 25.757504591956483 ], [ -80.379913275398536, 25.757512076527483 ], [ -80.379904486632967, 25.757510730354852 ], [ -80.379896421090749, 25.757555637776136 ], [ -80.379905209860681, 25.757556983949272 ], [ -80.379902521346224, 25.757571953088313 ], [ -80.379928887662004, 25.757575991603645 ] ] ] } },
{ "type": "Feature", "properties": { "hotspot_id": "fiu_hs_093", "area_m2": 90.895434094293051, "depth_max_m": 0.28788101673126221, "depth_mean_m": 0.19650971593935629, "building_frac": 0.0, "lots": null, "roads": null }, "geometry": { "type": "Polygon", "coordinates": [ [ [ -80.371256359579135, 25.755332052931259 ], [ -80.371257704539516, 25.755324568421898 ], [ -80.371292858196995, 25.755329956098919 ], [ -80.371314469894003, 25.755310196402132 ], [ -80.371358411963669, 25.755316930972594 ], [ -80.371359756915126, 25.755309446461535 ], [ -80.371377333743425, 25.755312140284254 ], [ -80.371378678693191, 25.755304655772843 ], [ -80.371387467107013, 25.755306002682982 ], [ -80.371392846900847, 25.755276064635034 ], [ -80.371384058489937, 25.755274717725229 ], [ -80.371385403438552, 25.75526723321283 ], [ -80.371323884574807, 25.755257804823536 ], [ -80.371322539621104, 25.755265289335352 ], [ -80.37126846421431, 25.755264692339953 ], [ -80.371246852518141, 25.755284452029908 ], [ -80.371227930737248, 25.755289242694669 ], [ -80.371225240812265, 25.755304211714108 ], [ -80.371251606047352, 25.755308252481584 ], [ -80.371250261086701, 25.75531573699125 ], [ -80.371232684261585, 25.755313043146856 ], [ -80.371229994336673, 25.75532801216529 ], [ -80.371256359579135, 25.755332052931259 ] ] ] } },
{ "type": "Feature", "properties": { "hotspot_id": "fiu_hs_094", "area_m2": 533.353373610728, "depth_max_m": 0.28318965435028076, "depth_mean_m": 0.19331058985750441, "building_frac": 0.0, "lots": null, "roads": "East Campus Circle" }, "geometry": { "type": "Polygon", "coordinates": [ [ [ -80.37082996271883, 25.756197268862479 ], [ -80.370831307728835, 25.756189784379142 ], [ -80.370840096222906, 25.756191131332251 ], [ -80.370842786240758, 25.756176162364799 ], [ -80.370833997748164, 25.756174815411828 ], [ -80.37083668776657, 25.756159846443776 ], [ -80.370820455795396, 25.756149668051744 ], [ -80.370817047347657, 25.756118383158526 ], [ -80.370800815386431, 25.756108204762068 ], [ -80.37080485041912, 25.756085751306248 ], [ -80.370796061936161, 25.756084404349668 ], [ -80.370798751958247, 25.756069435378322 ], [ -80.370789963477009, 25.756068088421124 ], [ -80.370793998510635, 25.756045634962906 ], [ -80.370768978088009, 25.756034109601377 ], [ -80.370771668113193, 25.756019140628354 ], [ -80.370762879637411, 25.756017793668661 ], [ -80.370768259687921, 25.755987855720608 ], [ -80.370787181644545, 25.755983065150954 ], [ -80.370785836633942, 25.755990549638604 ], [ -80.370812202054978, 25.755994590509911 ], [ -80.370818300513164, 25.756010906440917 ], [ -80.370835877465325, 25.756013600350155 ], [ -80.370849419401509, 25.756038747719003 ], [ -80.37086699636022, 25.756041441622703 ], [ -80.370873094831836, 25.756057757548039 ], [ -80.370899460277087, 25.756061798396139 ], [ -80.370898115274855, 25.756069282883399 ], [ -80.370906903757884, 25.756070629831335 ], [ -80.370910938761682, 25.756048176368697 ], [ -80.370894706802559, 25.756037997984819 ], [ -80.370897396806413, 25.756023029008691 ], [ -80.370888608328315, 25.756021682059739 ], [ -80.370891298332694, 25.756006713083011 ], [ -80.370882509856315, 25.756005366133461 ], [ -80.370885199861249, 25.755990397156125 ], [ -80.370868967915797, 25.755980218766311 ], [ -80.370865559457357, 25.75594893385794 ], [ -80.370841884058024, 25.755929924020659 ], [ -80.370844574067561, 25.755914955040819 ], [ -80.37081820866895, 25.755910914176798 ], [ -80.370806730187923, 25.755924536199768 ], [ -80.37078036478816, 25.755920495326166 ], [ -80.370781709798152, 25.755913010836913 ], [ -80.370764132867805, 25.755910316917568 ], [ -80.370758034426686, 25.755894000978181 ], [ -80.370740457500872, 25.755891307054615 ], [ -80.37073435906548, 25.755874991112861 ], [ -80.370716782144186, 25.755872297185096 ], [ -80.370718127158852, 25.755864812695549 ], [ -80.370668086443231, 25.75584176191591 ], [ -80.37066198802475, 25.755825445967304 ], [ -80.370635622661425, 25.755821405055332 ], [ -80.370636967682245, 25.755813920565647 ], [ -80.370603158894696, 25.75580104818323 ], [ -80.37060450391796, 25.75579356369348 ], [ -80.370561906694178, 25.755779344321702 ], [ -80.370575448515709, 25.75580449174522 ], [ -80.370591680394639, 25.755814670186961 ], [ -80.370588990345027, 25.755829639164926 ], [ -80.370606567253859, 25.755832333114892 ], [ -80.37061266566252, 25.755848649066419 ], [ -80.37062145411906, 25.755849996039689 ], [ -80.370614729003307, 25.755887418480924 ], [ -80.370528189444443, 25.755866464223185 ], [ -80.370525499382424, 25.755881433197043 ], [ -80.370541731269782, 25.755891611644216 ], [ -80.370540386239654, 25.755899096130833 ], [ -80.370557963160891, 25.755901790088487 ], [ -80.370564061565346, 25.755918106039349 ], [ -80.370581638491132, 25.75592079999279 ], [ -80.3705877369013, 25.755937115941254 ], [ -80.370605313831618, 25.755939809890496 ], [ -80.370618855690353, 25.755964957295561 ], [ -80.370635087603986, 25.755975135725333 ], [ -80.370632397556861, 25.755990104696849 ], [ -80.370649974499159, 25.755992798638022 ], [ -80.370656072927034, 25.756009114578717 ], [ -80.370673649873865, 25.756011808515698 ], [ -80.37067230485313, 25.756019293001213 ], [ -80.370703423698174, 25.756047134322717 ], [ -80.370702078679443, 25.75605461880777 ], [ -80.370737232595232, 25.756060006662189 ], [ -80.370735887579201, 25.756067491147391 ], [ -80.370753464540158, 25.756070185070222 ], [ -80.370749429495049, 25.756092638525118 ], [ -80.370767006461477, 25.75609533244544 ], [ -80.370764316433167, 25.756110301414747 ], [ -80.370780548390542, 25.756120479816875 ], [ -80.370773823321898, 25.756157902236559 ], [ -80.370765034832189, 25.756156555277634 ], [ -80.370763689817053, 25.7561640397609 ], [ -80.370772478307487, 25.756165386719907 ], [ -80.370769788277954, 25.756180355686041 ], [ -80.370778576770149, 25.756181702644469 ], [ -80.370777231755753, 25.75618918712733 ], [ -80.370786020248929, 25.756190534085086 ], [ -80.370787365262586, 25.756183049602136 ], [ -80.37082996271883, 25.756197268862479 ] ], [ [ -80.370691853481205, 25.755960764078541 ], [ -80.370674276544051, 25.755958070144246 ], [ -80.370679656621107, 25.755928132195205 ], [ -80.370718845531528, 25.755911066594617 ], [ -80.370724943966536, 25.755927382535443 ], [ -80.370716155500645, 25.755926035571356 ], [ -80.370712120452623, 25.755948489035017 ], [ -80.370693198499367, 25.755953279591406 ], [ -80.370691853481205, 25.755960764078541 ] ] ] } },
{ "type": "Feature", "properties": { "hotspot_id": "fiu_hs_095", "area_m2": 149.48918499719832, "depth_max_m": 0.28281104564666748, "depth_mean_m": 0.19895352310870759, "building_frac": 0.0, "lots": null, "roads": null }, "geometry": { "type": "Polygon", "coordinates": [ [ [ -80.383796187743926, 25.7551997571823 ], [ -80.383807664113974, 25.75518613367937 ], [ -80.383861739557176, 25.755186724085632 ], [ -80.383865771205976, 25.755164270052592 ], [ -80.38388469226993, 25.755159477062172 ], [ -80.383890067791697, 25.755129538347266 ], [ -80.383881279203734, 25.755128192504145 ], [ -80.383877866139997, 25.755096907942939 ], [ -80.383841367920056, 25.755099009240539 ], [ -80.383842711803595, 25.755091524561234 ], [ -80.383825134637021, 25.755088832865844 ], [ -80.38382782240636, 25.75507386350699 ], [ -80.383810245243779, 25.755071171808915 ], [ -80.383807557471528, 25.755086141167428 ], [ -80.3837899803071, 25.755083449465975 ], [ -80.383787292531011, 25.755098418823369 ], [ -80.383768371474915, 25.755103211796833 ], [ -80.383765683694534, 25.755118181152717 ], [ -80.383746762632981, 25.755122974121893 ], [ -80.383745418740773, 25.755130458799186 ], [ -80.383719052984077, 25.755126421230536 ], [ -80.38371977820249, 25.755172675146255 ], [ -80.383763721154864, 25.755179404422261 ], [ -80.383762377263224, 25.755186889098425 ], [ -80.383779954447519, 25.755189580803709 ], [ -80.383778610557101, 25.755197065479887 ], [ -80.383796187743926, 25.7551997571823 ] ] ] } },
{ "type": "Feature", "properties": { "hotspot_id": "fiu_hs_096", "area_m2": 81.129808944071513, "depth_max_m": 0.28191590309143066, "depth_mean_m": 0.18070054937292029, "building_frac": 0.0, "lots": null, "roads": null }, "geometry": { "type": "Polygon", "coordinates": [ [ [ -80.372537094839601, 25.75227518337817 ], [ -80.372539784448009, 25.752260214181302 ], [ -80.372557360701876, 25.752262907828392 ], [ -80.372561395108406, 25.752240454031117 ], [ -80.372570183233563, 25.752241800853284 ], [ -80.372571528034541, 25.752234316253727 ], [ -80.372562739910109, 25.752232969431642 ], [ -80.372568119114689, 25.752203031031787 ], [ -80.372585695357969, 25.752205724674539 ], [ -80.372589729754623, 25.752183270872109 ], [ -80.372572153515705, 25.752180577229854 ], [ -80.372560675794745, 25.752194199608919 ], [ -80.372543099554534, 25.7521915059618 ], [ -80.372541754751779, 25.752198990561997 ], [ -80.37248902603325, 25.752190909602003 ], [ -80.372486336418305, 25.752205878800829 ], [ -80.372458627248321, 25.752209322908993 ], [ -80.372454592816936, 25.752231776704434 ], [ -80.372463380939564, 25.75223312353576 ], [ -80.372460691318963, 25.752248092731918 ], [ -80.372469479443325, 25.752249439562661 ], [ -80.372468134633422, 25.752256924160509 ], [ -80.372503287136524, 25.752262311476223 ], [ -80.372501942329279, 25.752269796074238 ], [ -80.372529651516672, 25.752266351955065 ], [ -80.372528306711615, 25.752273836553318 ], [ -80.372537094839601, 25.75227518337817 ] ] ] } },
{ "type": "Feature", "properties": { "hotspot_id": "fiu_hs_097", "area_m2": 482.27164205376812, "depth_max_m": 0.28178417682647705, "depth_mean_m": 0.1955926247474932, "building_frac": 0.0, "lots": "North of University Towers Parking Lot", "roads": null }, "geometry": { "type": "Polygon", "coordinates": [ [ [ -80.376072194149927, 25.755116382150721 ], [ -80.376074883242467, 25.755101412995739 ], [ -80.376083671708002, 25.75510275950565 ], [ -80.376087705342897, 25.755080305771479 ], [ -80.376096493806514, 25.755081652280403 ], [ -80.376093804718266, 25.755096621436891 ], [ -80.376111381649238, 25.755099314452803 ], [ -80.37611748103032, 25.755115630115835 ], [ -80.37613505796584, 25.755118323127554 ], [ -80.376137747047693, 25.755103353971002 ], [ -80.376155323981365, 25.755106046979364 ], [ -80.376156668520494, 25.755098562400651 ], [ -80.376183033920825, 25.755102601907254 ], [ -80.376181689383884, 25.755110086486223 ], [ -80.376200610855733, 25.755105294907885 ], [ -80.37619792178451, 25.755120264065969 ], [ -80.376224287193267, 25.755124303561736 ], [ -80.376225631726797, 25.755116818982543 ], [ -80.376234420196184, 25.755118165479526 ], [ -80.376233075663393, 25.755125650058805 ], [ -80.376241864133775, 25.755126996555131 ], [ -80.376243208665855, 25.755119511975774 ], [ -80.376260785605979, 25.755122204965978 ], [ -80.376272263135547, 25.755108582300128 ], [ -80.376298628544205, 25.755112621777005 ], [ -80.376304006650869, 25.755082683454056 ], [ -80.376312795118054, 25.755084029944502 ], [ -80.376314139643426, 25.755076545363192 ], [ -80.376358081979717, 25.755083277803639 ], [ -80.376356737457982, 25.755090762385372 ], [ -80.376365525926786, 25.755092108871288 ], [ -80.376362836884098, 25.755107078034303 ], [ -80.37638920229648, 25.755111117487981 ], [ -80.37638785777699, 25.755118602069473 ], [ -80.376396646249049, 25.755119948552601 ], [ -80.376399335286351, 25.755104979389298 ], [ -80.376416912228365, 25.755107672352949 ], [ -80.376420945778221, 25.755085218606041 ], [ -80.376429734247452, 25.75508656508649 ], [ -80.376432423278089, 25.755071595920764 ], [ -80.376441211746126, 25.755072942400279 ], [ -80.376442556260372, 25.755065457817022 ], [ -80.37645878868301, 25.755075635357063 ], [ -80.376460133195806, 25.755068150773639 ], [ -80.376468921663914, 25.755069497250805 ], [ -80.376485777195469, 25.755025936221681 ], [ -80.376459411804248, 25.755021896791654 ], [ -80.376458067292106, 25.755029381376154 ], [ -80.376449278828161, 25.755028034897894 ], [ -80.376450623341029, 25.755020550313478 ], [ -80.376415469490922, 25.755015164393161 ], [ -80.376418158521801, 25.755000195224419 ], [ -80.37640937006141, 25.754998848742623 ], [ -80.376410714577233, 25.754991364158041 ], [ -80.37639313765871, 25.754988671192336 ], [ -80.376391793141408, 25.754996155776741 ], [ -80.376339062387927, 25.754988076860965 ], [ -80.376341751431013, 25.754973107692933 ], [ -80.376332962974502, 25.754971761204494 ], [ -80.376334307496435, 25.754964276620267 ], [ -80.37629646462608, 25.754973859826858 ], [ -80.376293775575249, 25.754988828993671 ], [ -80.376258621747454, 25.754983443019235 ], [ -80.376259966275896, 25.754975958436251 ], [ -80.37625117782035, 25.754974611940838 ], [ -80.37622956731748, 25.754994372695347 ], [ -80.376211990403903, 25.754991679698705 ], [ -80.376213334936452, 25.754984195116542 ], [ -80.376159259669663, 25.754983600690689 ], [ -80.376160604206589, 25.754976116109027 ], [ -80.376143027298781, 25.754973423100459 ], [ -80.376140338221788, 25.754988392263282 ], [ -80.376149126677021, 25.754989738768103 ], [ -80.376147782138915, 25.754997223349292 ], [ -80.376118727690582, 25.755008152993629 ], [ -80.376117383149591, 25.755015637574004 ], [ -80.376091017778407, 25.755011598049464 ], [ -80.376084295059115, 25.755049020947151 ], [ -80.376075506598937, 25.755047674437041 ], [ -80.376074162053669, 25.755055159015903 ], [ -80.376047796672609, 25.7550511194808 ], [ -80.376043763028832, 25.755073573215487 ], [ -80.37605999540672, 25.755083750818155 ], [ -80.376054617216738, 25.755113689128248 ], [ -80.376072194149927, 25.755116382150721 ] ], [ [ -80.376225631726797, 25.755116818982543 ], [ -80.37621684325768, 25.755115472484782 ], [ -80.376219532325507, 25.755100503325981 ], [ -80.376228320793174, 25.755101849823561 ], [ -80.376225631726797, 25.755116818982543 ] ], [ [ -80.376071472962423, 25.755070128173056 ], [ -80.37606268450034, 25.755068781661958 ], [ -80.376064029046802, 25.755061297083543 ], [ -80.37607281750816, 25.75506264359457 ], [ -80.376071472962423, 25.755070128173056 ] ] ] } },
{ "type": "Feature", "properties": { "hotspot_id": "fiu_hs_098", "area_m2": 260.66707132753379, "depth_max_m": 0.28124511241912842, "depth_mean_m": 0.19394446381230862, "building_frac": 0.0, "lots": null, "roads": "East Campus Circle" }, "geometry": { "type": "Polygon", "coordinates": [ [ [ -80.378617029330172, 25.755729276912891 ], [ -80.378619718007442, 25.755714307720346 ], [ -80.378628506573392, 25.755715654010345 ], [ -80.378629850910954, 25.755708169413712 ], [ -80.378613618119559, 25.755697992236481 ], [ -80.378616306796445, 25.755683023042568 ], [ -80.378607518233963, 25.755681676751394 ], [ -80.378611551249747, 25.755659222959309 ], [ -80.378602762689709, 25.755657876667637 ], [ -80.378605451367221, 25.755642907472119 ], [ -80.378589218590719, 25.75563273028893 ], [ -80.378585807393776, 25.755601445602093 ], [ -80.378569574627235, 25.755591268414481 ], [ -80.378566163438904, 25.755559983722865 ], [ -80.378549930682311, 25.755549806530819 ], [ -80.378546519502578, 25.755518521834482 ], [ -80.378528942412956, 25.755515829238064 ], [ -80.378531631098696, 25.755500860037774 ], [ -80.378507954159844, 25.755481851937386 ], [ -80.378510642848127, 25.755466882736027 ], [ -80.378501854308894, 25.755465536434905 ], [ -80.378503198653419, 25.755458051834022 ], [ -80.378472077543066, 25.755430212819498 ], [ -80.378474766235882, 25.755415243616632 ], [ -80.37844364514973, 25.755387404589751 ], [ -80.378446333846085, 25.755372435385596 ], [ -80.378430101138079, 25.755362258168653 ], [ -80.378424001309924, 25.755345942655392 ], [ -80.378406424258614, 25.755343250036589 ], [ -80.378400324436171, 25.755326934520955 ], [ -80.378382747389381, 25.755324241897949 ], [ -80.378386780446249, 25.755301788089323 ], [ -80.378377991925461, 25.755300441776935 ], [ -80.378371892111289, 25.755284126257408 ], [ -80.378354315073963, 25.755281433629193 ], [ -80.378357003782313, 25.755266464422355 ], [ -80.378330638232697, 25.755262425474843 ], [ -80.378329293876448, 25.755269910078113 ], [ -80.37829279545177, 25.755272009406561 ], [ -80.378291451092153, 25.75527949400912 ], [ -80.378256297025345, 25.755274108722059 ], [ -80.378253608299588, 25.755289077925891 ], [ -80.378271185335365, 25.755291770571258 ], [ -80.378277285131347, 25.755308086096356 ], [ -80.378311094854453, 25.755320955977457 ], [ -80.3783171946599, 25.755337271498703 ], [ -80.378334771707287, 25.755339964132787 ], [ -80.378340871518432, 25.755356279651636 ], [ -80.37834966004425, 25.755357625966962 ], [ -80.378335494089811, 25.755386218055175 ], [ -80.378344282618542, 25.755387564370828 ], [ -80.37834293826154, 25.755395048971312 ], [ -80.378361859676829, 25.755390256999871 ], [ -80.378364548387225, 25.755375287797989 ], [ -80.378382125443679, 25.75537798042367 ], [ -80.378394325091151, 25.755410611450653 ], [ -80.378411902155577, 25.755413304070956 ], [ -80.378425446169885, 25.755438450490399 ], [ -80.378443023240848, 25.755441143105152 ], [ -80.378440334541821, 25.755456112305957 ], [ -80.378449123079164, 25.755457458612355 ], [ -80.378447778730035, 25.755464943212562 ], [ -80.378465355806995, 25.755467635823269 ], [ -80.378478899844993, 25.755492782231382 ], [ -80.378495132582813, 25.755502959436463 ], [ -80.378492443890778, 25.755517928635719 ], [ -80.378523565038691, 25.755545767636349 ], [ -80.378520876350208, 25.75556073683434 ], [ -80.378537109105451, 25.755570914030596 ], [ -80.37853442041849, 25.755585883227742 ], [ -80.378550653179957, 25.755596060421084 ], [ -80.37854796449453, 25.755611029617377 ], [ -80.378564197262222, 25.755621206807767 ], [ -80.378561508578343, 25.755636176003247 ], [ -80.378585185570444, 25.755655184082023 ], [ -80.378588596769262, 25.755686468763592 ], [ -80.378604829555613, 25.755696645945143 ], [ -80.378608240763029, 25.755727930621976 ], [ -80.378617029330172, 25.755729276912891 ] ] ] } },
{ "type": "Feature", "properties": { "hotspot_id": "fiu_hs_099", "area_m2": 157.75240627737344, "depth_max_m": 0.28046345710754395, "depth_mean_m": 0.1902829851422991, "building_frac": 0.0, "lots": "Public Safety Tower Parking Lot", "roads": null }, "geometry": { "type": "Polygon", "coordinates": [ [ [ -80.376413566203894, 25.755830072973172 ], [ -80.376414910732095, 25.75582258840819 ], [ -80.376406122189408, 25.75582124192961 ], [ -80.376408811246577, 25.755806272799187 ], [ -80.376460197973984, 25.755821836224154 ], [ -80.376462887021944, 25.75580686709236 ], [ -80.376480464106493, 25.755809560039214 ], [ -80.376500008814375, 25.755751029974547 ], [ -80.376508797351491, 25.7557523764454 ], [ -80.376510764964934, 25.755691153425161 ], [ -80.376476955363202, 25.755678282967605 ], [ -80.376478299883672, 25.755670798398182 ], [ -80.37644449029456, 25.755657927929096 ], [ -80.376445834817488, 25.755650443359645 ], [ -80.376416780190027, 25.755661373065596 ], [ -80.376407368506193, 25.755713765043303 ], [ -80.37641615703815, 25.755715111522239 ], [ -80.376413467985017, 25.755730080657152 ], [ -80.376404679451596, 25.755728734178057 ], [ -80.376403334923964, 25.755736218745128 ], [ -80.37641212345811, 25.755737565224312 ], [ -80.376409434403612, 25.755752534358049 ], [ -80.376400645868003, 25.755751187878705 ], [ -80.376395267753324, 25.755781126143528 ], [ -80.376404056291847, 25.755782472623199 ], [ -80.3763986781764, 25.755812410885241 ], [ -80.376373657084301, 25.75580088687795 ], [ -80.376372312552917, 25.755808371442932 ], [ -80.376388545104817, 25.755818548970172 ], [ -80.376387200574413, 25.755826033534905 ], [ -80.376413566203894, 25.755830072973172 ] ] ] } },
{ "type": "Feature", "properties": { "hotspot_id": "fiu_hs_100", "area_m2": 199.81971462059843, "depth_max_m": 0.27895855903625488, "depth_mean_m": 0.20062687522486636, "building_frac": 0.0, "lots": "Lot 33", "roads": null }, "geometry": { "type": "Polygon", "coordinates": [ [ [ -80.371511894436082, 25.756824742758965 ], [ -80.371513239397544, 25.756817258281515 ], [ -80.371557182237041, 25.756823992735058 ], [ -80.371558527194637, 25.756816508257021 ], [ -80.371611258606578, 25.756824589575814 ], [ -80.371612603559569, 25.756817105097063 ], [ -80.371630180697593, 25.756819798863784 ], [ -80.371631525648866, 25.756812314384682 ], [ -80.371666679925227, 25.756817701908705 ], [ -80.371665334976839, 25.756825186388124 ], [ -80.371674123547336, 25.756826533267343 ], [ -80.371675468494985, 25.756819048787818 ], [ -80.371693045635325, 25.756821742543789 ], [ -80.371697080472543, 25.756799289103579 ], [ -80.371672059716474, 25.756787763989006 ], [ -80.371658517428983, 25.756762616787867 ], [ -80.371608475954474, 25.756739566530843 ], [ -80.371594933692649, 25.756714419317511 ], [ -80.371504358203637, 25.756715919379118 ], [ -80.371492879723817, 25.756729541444024 ], [ -80.37147530260809, 25.756726847653102 ], [ -80.371469922753462, 25.756756785568253 ], [ -80.371494943474161, 25.756768310733086 ], [ -80.37149359851189, 25.756775795211443 ], [ -80.371476021386869, 25.756773101421018 ], [ -80.371469296564769, 25.756810523809058 ], [ -80.371511894436082, 25.756824742758965 ] ] ] } },
{ "type": "Feature", "properties": { "hotspot_id": "fiu_hs_101", "area_m2": 190.05408947011426, "depth_max_m": 0.27802717685699463, "depth_mean_m": 0.19283930963207138, "building_frac": 0.0, "lots": "Lot 33", "roads": null }, "geometry": { "type": "Polygon", "coordinates": [ [ [ -80.371509738044026, 25.756685981458297 ], [ -80.371521216515546, 25.756672359389629 ], [ -80.371547582175282, 25.756676400063828 ], [ -80.371546237218908, 25.756683884545051 ], [ -80.371555025773418, 25.756685231435025 ], [ -80.371556370729067, 25.75667774695372 ], [ -80.371591524946894, 25.7566831345057 ], [ -80.371592869899402, 25.75667565002388 ], [ -80.371610447008479, 25.756678343795173 ], [ -80.371611791959282, 25.75667085931298 ], [ -80.371638157622741, 25.756674899964001 ], [ -80.371640847519316, 25.756659930998534 ], [ -80.371658424626716, 25.756662624761759 ], [ -80.371662459465469, 25.756640171311624 ], [ -80.371671248017392, 25.756641518191842 ], [ -80.371673937907289, 25.756626549223945 ], [ -80.371665149356829, 25.756625202343894 ], [ -80.371666494302175, 25.756617717859719 ], [ -80.371622551557564, 25.756610983448457 ], [ -80.371623896506307, 25.756603498964541 ], [ -80.371581298724237, 25.75658928005107 ], [ -80.37157995377207, 25.756596764534798 ], [ -80.371525877543135, 25.756596167677145 ], [ -80.371524532586136, 25.756603652160003 ], [ -80.371515744040266, 25.756602305267069 ], [ -80.371518433955487, 25.756587336301394 ], [ -80.37150085686747, 25.756584642513605 ], [ -80.371498166949323, 25.756599611478958 ], [ -80.371479244898595, 25.75660440217003 ], [ -80.371477899937489, 25.756611886652063 ], [ -80.371452879263629, 25.756600361477417 ], [ -80.371451534300348, 25.756607845959184 ], [ -80.371423823699928, 25.756611289740842 ], [ -80.371419788801447, 25.756633743183659 ], [ -80.371428577348993, 25.756635090084647 ], [ -80.371427232383098, 25.756642574565305 ], [ -80.371418443834827, 25.756641227664222 ], [ -80.371417098867965, 25.756648712144589 ], [ -80.371443464515806, 25.75665275284576 ], [ -80.371442119550906, 25.756660237326169 ], [ -80.37148471734487, 25.756674456294071 ], [ -80.371483372383153, 25.75668194077452 ], [ -80.371509738044026, 25.756685981458297 ] ] ] } },
{ "type": "Feature", "properties": { "hotspot_id": "fiu_hs_102", "area_m2": 244.89183069766261, "depth_max_m": 0.27785241603851318, "depth_mean_m": 0.20376497982469804, "building_frac": 0.0, "lots": null, "roads": "Southwest 112th Avenue" }, "geometry": { "type": "Polygon", "coordinates": [ [ [ -80.375951095301858, 25.759158429309604 ], [ -80.375952439920496, 25.759150944829276 ], [ -80.375961228789677, 25.75915229133247 ], [ -80.375962573407364, 25.759144806851861 ], [ -80.375953784538908, 25.759143460348767 ], [ -80.375976019571539, 25.759069962035174 ], [ -80.375967230710359, 25.7590686155329 ], [ -80.375969919941909, 25.759053646567381 ], [ -80.375978708801611, 25.759054993069498 ], [ -80.375984087259027, 25.759025055135805 ], [ -80.375975298402238, 25.759023708634018 ], [ -80.375976643016742, 25.759016224150233 ], [ -80.375985431872806, 25.759017570651896 ], [ -80.375986776486357, 25.759010086167805 ], [ -80.375970543390721, 25.758999908679712 ], [ -80.3759732326196, 25.758984939710878 ], [ -80.375982021472481, 25.758986286212981 ], [ -80.37598605531187, 25.75896383275802 ], [ -80.375977266461177, 25.758962486256156 ], [ -80.375981300300708, 25.758940032799696 ], [ -80.375972511452474, 25.758938686297334 ], [ -80.375979234517402, 25.758901263866417 ], [ -80.375970445673062, 25.758899917363706 ], [ -80.375975824123799, 25.758869979415802 ], [ -80.37596703528267, 25.758868632912673 ], [ -80.375971069120482, 25.758846179449947 ], [ -80.375962280281797, 25.75884483294632 ], [ -80.375970347955644, 25.758799926016113 ], [ -80.375961559121592, 25.758798579512231 ], [ -80.375966937569146, 25.758768641555228 ], [ -80.375958148738292, 25.758767295050902 ], [ -80.37596218257373, 25.758744841581365 ], [ -80.375953393745334, 25.758743495076544 ], [ -80.375958772192305, 25.758713557114742 ], [ -80.375949983367093, 25.758712210609492 ], [ -80.375954017202091, 25.758689757136345 ], [ -80.375930339961187, 25.758670748634248 ], [ -80.375928995348019, 25.758678233125611 ], [ -80.375920206526814, 25.758676886617678 ], [ -80.375914828068943, 25.758706824580905 ], [ -80.375923616893076, 25.758708171089193 ], [ -80.375912859972161, 25.758768047006999 ], [ -80.37592164880239, 25.758769393515191 ], [ -80.375917614955455, 25.758791846981399 ], [ -80.375926403788142, 25.758793193489076 ], [ -80.375915646858715, 25.758853069391112 ], [ -80.375924435697499, 25.758854415898703 ], [ -80.37591771261279, 25.758891838331582 ], [ -80.375926501455496, 25.758893184838826 ], [ -80.375915121031824, 25.759006798617246 ], [ -80.375923909886012, 25.759008145124238 ], [ -80.375919876028675, 25.759030598573613 ], [ -80.375928664885308, 25.759031945080089 ], [ -80.375921941788803, 25.75906936749227 ], [ -80.375930730649358, 25.759070713998408 ], [ -80.375928041410617, 25.75908568296208 ], [ -80.375936830272877, 25.759087029467612 ], [ -80.375931451795552, 25.75911696739297 ], [ -80.375922662930364, 25.759115620887105 ], [ -80.375919973688866, 25.759130589848446 ], [ -80.375936206802791, 25.759140767340309 ], [ -80.375933517562828, 25.75915573630083 ], [ -80.375951095301858, 25.759158429309604 ] ] ] } },
{ "type": "Feature", "properties": { "hotspot_id": "fiu_hs_103", "area_m2": 51.832933492001338, "depth_max_m": 0.27566635608673096, "depth_mean_m": 0.20233918618464816, "building_frac": 0.0, "lots": null, "roads": null }, "geometry": { "type": "Polygon", "coordinates": [ [ [ -80.382937973118899, 25.753491775663555 ], [ -80.382939317054877, 25.753484290958088 ], [ -80.382958237807259, 25.753479498112604 ], [ -80.382964957475309, 25.753442074580501 ], [ -80.383008899503324, 25.753448804215616 ], [ -80.383010243432594, 25.753441319508202 ], [ -80.383081894608836, 25.753444602176113 ], [ -80.383083238531839, 25.753437117467637 ], [ -80.382996698412896, 25.753416173533662 ], [ -80.382995354482844, 25.753423658241502 ], [ -80.382958856937591, 25.753425759237189 ], [ -80.382957513004172, 25.753433243944293 ], [ -80.382912227050582, 25.753433998993401 ], [ -80.382906851299097, 25.753463937817472 ], [ -80.382924428112091, 25.753466629683526 ], [ -80.38292174023789, 25.753481599094734 ], [ -80.382937973118899, 25.753491775663555 ] ] ] } },
{ "type": "Feature", "properties": { "hotspot_id": "fiu_hs_104", "area_m2": 51.081731556168549, "depth_max_m": 0.27217483520507812, "depth_mean_m": 0.19488758199355183, "building_frac": 0.0, "lots": null, "roads": null }, "geometry": { "type": "Polygon", "coordinates": [ [ [ -80.379699499454503, 25.754026290782992 ], [ -80.379700843674854, 25.754018806132454 ], [ -80.379719764719283, 25.754014013890519 ], [ -80.379722453155921, 25.753999044588127 ], [ -80.379741374194921, 25.753994252341897 ], [ -80.379737962650964, 25.753962967531422 ], [ -80.379692676396374, 25.753963721162371 ], [ -80.379689987955743, 25.753978690465669 ], [ -80.37966496695428, 25.753967167191952 ], [ -80.379662278508803, 25.753982136494347 ], [ -80.379688643735079, 25.753986175117006 ], [ -80.379677166882587, 25.753999798212156 ], [ -80.379650801652758, 25.753995759586733 ], [ -80.379644701692641, 25.753979444075469 ], [ -80.379627124877544, 25.753976751653557 ], [ -80.379621747972209, 25.754006690254688 ], [ -80.379630536382535, 25.754008036466352 ], [ -80.379629192156358, 25.754015521116237 ], [ -80.379637980567679, 25.754016867327227 ], [ -80.379639324793132, 25.754009382677264 ], [ -80.379648113203999, 25.754010728887415 ], [ -80.379646768979285, 25.75401821353746 ], [ -80.379699499454503, 25.754026290782992 ] ] ] } },
{ "type": "Feature", "properties": { "hotspot_id": "fiu_hs_105", "area_m2": 129.20673276184235, "depth_max_m": 0.27000391483306885, "depth_mean_m": 0.211655106655387, "building_frac": 0.0, "lots": null, "roads": null }, "geometry": { "type": "Polygon", "coordinates": [ [ [ -80.376226219755267, 25.755716773567865 ], [ -80.376232942465194, 25.755679350739797 ], [ -80.37626065258263, 25.755675905653025 ], [ -80.376261997121517, 25.755668421086369 ], [ -80.376304595214904, 25.75568263810359 ], [ -80.376310694672455, 25.755698953725112 ], [ -80.37632692719697, 25.755709131265593 ], [ -80.376328271730713, 25.755701646698864 ], [ -80.376337060260241, 25.755702993184588 ], [ -80.376341093857903, 25.755680539483031 ], [ -80.37633230533055, 25.755679192997537 ], [ -80.376334994395961, 25.75566422386235 ], [ -80.37635391597891, 25.755659432264181 ], [ -80.376356605040044, 25.755644463127496 ], [ -80.376347816516059, 25.755643116643164 ], [ -80.376349161047003, 25.755635632074622 ], [ -80.376322795478913, 25.755631592617377 ], [ -80.376321450945781, 25.755639077185666 ], [ -80.37630387390027, 25.755636384210224 ], [ -80.376302529365447, 25.755643868778193 ], [ -80.376249798231015, 25.755635789833192 ], [ -80.376238320629014, 25.75564941247384 ], [ -80.376220743584, 25.755646719484275 ], [ -80.376219399041915, 25.755654204050895 ], [ -80.376176800976125, 25.755639986997135 ], [ -80.376175456430417, 25.755647471563336 ], [ -80.376157879387705, 25.755644778563024 ], [ -80.376156534840305, 25.755652263128869 ], [ -80.376112592234591, 25.75564553061443 ], [ -80.37611124768334, 25.755653015179668 ], [ -80.376076093600702, 25.755647629154179 ], [ -80.376074749046282, 25.755655113718859 ], [ -80.376065960525565, 25.755653767210532 ], [ -80.376061926858753, 25.755676220903208 ], [ -80.376079503904819, 25.755678913919645 ], [ -80.376080848459196, 25.755671429355452 ], [ -80.376177522223827, 25.755686240890864 ], [ -80.376176177677465, 25.755693725455966 ], [ -80.376193754730537, 25.755696418452743 ], [ -80.376192410185411, 25.755703903017825 ], [ -80.376226219755267, 25.755716773567865 ] ] ] } },
{ "type": "Feature", "properties": { "hotspot_id": "fiu_hs_106", "area_m2": 139.72355984555142, "depth_max_m": 0.26879119873046875, "depth_mean_m": 0.19226562335927, "building_frac": 0.0, "lots": null, "roads": "Southwest 109th Avenue" }, "geometry": { "type": "Polygon", "coordinates": [ [ [ -80.372285872773205, 25.760457934207377 ], [ -80.372305421313854, 25.760399405798157 ], [ -80.372314210252114, 25.760400752607495 ], [ -80.372316900147567, 25.760385783800391 ], [ -80.372308111210771, 25.76038443699122 ], [ -80.372309456158888, 25.760376952587471 ], [ -80.372318245094945, 25.76037829939656 ], [ -80.372320934989034, 25.760363330588277 ], [ -80.372312146054426, 25.760361983779344 ], [ -80.372313491001862, 25.760354499375005 ], [ -80.37232227993573, 25.760355846183845 ], [ -80.37232631477444, 25.7603333929694 ], [ -80.372335103706405, 25.760334739777246 ], [ -80.372336448651467, 25.760327255371958 ], [ -80.372327659720227, 25.760325908564216 ], [ -80.372329004665772, 25.76031842415879 ], [ -80.372337793596287, 25.760319770966468 ], [ -80.372340483485232, 25.760304802154913 ], [ -80.372331694556195, 25.760303455347422 ], [ -80.372337074334254, 25.760273517722336 ], [ -80.372312052503602, 25.760261992889763 ], [ -80.372314742395176, 25.760247024076168 ], [ -80.372323531318315, 25.760248370885353 ], [ -80.372324876263022, 25.760240886478169 ], [ -80.37230864336442, 25.760230708452017 ], [ -80.372302544335938, 25.760214392826644 ], [ -80.372277522526673, 25.760202867983537 ], [ -80.372273487681483, 25.760225321205315 ], [ -80.372254564891321, 25.760230111984125 ], [ -80.372249185087767, 25.760260049609013 ], [ -80.372257974011205, 25.760261396423758 ], [ -80.372255284109499, 25.760276365235207 ], [ -80.372264073034671, 25.760277712049348 ], [ -80.37226479225825, 25.760323965293381 ], [ -80.372273581188324, 25.760325312106517 ], [ -80.372261476626633, 25.76039267174011 ], [ -80.372270265563543, 25.760394018553232 ], [ -80.372266230707694, 25.760416471761189 ], [ -80.372275019647063, 25.760417818573803 ], [ -80.372268294886382, 25.760455240583582 ], [ -80.372285872773205, 25.760457934207377 ] ] ] } },
{ "type": "Feature", "properties": { "hotspot_id": "fiu_hs_107", "area_m2": 261.41827326236506, "depth_max_m": 0.26684439182281494, "depth_mean_m": 0.19968366074836116, "building_frac": 0.0, "lots": null, "roads": null }, "geometry": { "type": "Polygon", "coordinates": [ [ [ -80.369726587049286, 25.758919824109107 ], [ -80.369727932195104, 25.758912339704494 ], [ -80.369780664697771, 25.758920421907884 ], [ -80.369782009839, 25.758912937502558 ], [ -80.369817164843255, 25.758918325622684 ], [ -80.369818509981343, 25.758910841216846 ], [ -80.369871242491428, 25.758918923373855 ], [ -80.369872587624926, 25.758911438967314 ], [ -80.369907742634126, 25.758916827056513 ], [ -80.369909087764469, 25.758909342649474 ], [ -80.369971954160874, 25.758911287368047 ], [ -80.369973299285647, 25.758903802960027 ], [ -80.370017243051748, 25.758910538026807 ], [ -80.370018588172641, 25.758903053618162 ], [ -80.370081454566972, 25.758904998269884 ], [ -80.370099659118878, 25.758853954403623 ], [ -80.370048271744153, 25.758838387951471 ], [ -80.370045581509174, 25.758853356772367 ], [ -80.370010426516913, 25.758847968729182 ], [ -80.369988813655098, 25.758867727931442 ], [ -80.369936081164937, 25.75885964583339 ], [ -80.369934736037663, 25.758867130241953 ], [ -80.369918503670362, 25.758856951794648 ], [ -80.369917158541654, 25.758864436203059 ], [ -80.369882003552831, 25.758859048116175 ], [ -80.369870524540872, 25.758872669907976 ], [ -80.369826580804997, 25.758865934777756 ], [ -80.369825235668301, 25.758873419184763 ], [ -80.369763714444304, 25.758863989970099 ], [ -80.369765059586101, 25.758856505563667 ], [ -80.369713672269242, 25.758840938944559 ], [ -80.369707573819767, 25.758824623093844 ], [ -80.369681207599371, 25.758820581975616 ], [ -80.369679862450965, 25.758828066381788 ], [ -80.369671073710649, 25.758826719340778 ], [ -80.369665693111813, 25.758856656963196 ], [ -80.369674481855043, 25.758858004004537 ], [ -80.369669101255454, 25.75888794162417 ], [ -80.369677890001881, 25.758889288665078 ], [ -80.369675199702172, 25.758904257473905 ], [ -80.369683988450305, 25.758905604514229 ], [ -80.369682643300834, 25.758913088918415 ], [ -80.369726587049286, 25.758919824109107 ] ] ] } },
{ "type": "Feature", "properties": { "hotspot_id": "fiu_hs_108", "area_m2": 159.25481014718983, "depth_max_m": 0.26429665088653564, "depth_mean_m": 0.19492088173920252, "building_frac": 0.0, "lots": null, "roads": "Southwest 112th Avenue" }, "geometry": { "type": "Polygon", "coordinates": [ [ [ -80.376389096350664, 25.759133246788515 ], [ -80.376392408703197, 25.759064539935782 ], [ -80.376383619836176, 25.759063193469046 ], [ -80.376391687314481, 25.759018286536786 ], [ -80.376382898452107, 25.759016940069802 ], [ -80.376393655082836, 25.75895706414989 ], [ -80.376384866226573, 25.758955717682813 ], [ -80.376388899961484, 25.758933264209897 ], [ -80.376380111107679, 25.758931917742313 ], [ -80.376386833998282, 25.758894495283972 ], [ -80.376378045148371, 25.758893148816043 ], [ -80.376384768036885, 25.75885572635325 ], [ -80.376375979190897, 25.758854379884987 ], [ -80.376384046653911, 25.758809472923737 ], [ -80.376375257812569, 25.758808126455207 ], [ -80.376381980695754, 25.758770703982556 ], [ -80.376373191858335, 25.758769357513689 ], [ -80.376381259314968, 25.758724450540591 ], [ -80.376372470482181, 25.758723104071468 ], [ -80.376377848784927, 25.758693166085852 ], [ -80.376360271126003, 25.758690473146011 ], [ -80.376356237394901, 25.75871292663501 ], [ -80.376365026226424, 25.758714273105557 ], [ -80.376362337072663, 25.758729242097424 ], [ -80.376353548239692, 25.758727895626709 ], [ -80.376352203661753, 25.758735380122264 ], [ -80.376360992495449, 25.758736726593064 ], [ -80.376344857550947, 25.758826540525593 ], [ -80.376353646393667, 25.758827886996624 ], [ -80.376340200588629, 25.758902731919857 ], [ -80.376348989438924, 25.75890407839097 ], [ -80.376336888201351, 25.758971438806022 ], [ -80.376345677058453, 25.758972785277127 ], [ -80.376338954144302, 25.759010207723534 ], [ -80.376347743005326, 25.759011554194299 ], [ -80.376342364672794, 25.759041492148249 ], [ -80.376351153537001, 25.759042838618591 ], [ -80.376345775203717, 25.759072776569788 ], [ -80.376354564071121, 25.759074123039696 ], [ -80.376351874904557, 25.759089092014285 ], [ -80.376382996639848, 25.759116931348494 ], [ -80.376380307476822, 25.759131900321801 ], [ -80.376389096350664, 25.759133246788515 ] ] ] } },
{ "type": "Feature", "properties": { "hotspot_id": "fiu_hs_109", "area_m2": 65.354568313494013, "depth_max_m": 0.26227843761444092, "depth_mean_m": 0.18827971096696525, "building_frac": 0.0, "lots": null, "roads": null }, "geometry": { "type": "Polygon", "coordinates": [ [ [ -80.370863345643087, 25.7572175458901 ], [ -80.370877514327461, 25.757188954995879 ], [ -80.370886302922287, 25.757190301940806 ], [ -80.370888992962875, 25.757175333019354 ], [ -80.370907915168942, 25.757170542445447 ], [ -80.370915985275118, 25.757125635674264 ], [ -80.370907196686318, 25.757124288731578 ], [ -80.370913921772129, 25.757086866417321 ], [ -80.370897689620563, 25.757076688067276 ], [ -80.37090172467299, 25.757054234676311 ], [ -80.370882802491664, 25.757059025250832 ], [ -80.370878767434178, 25.757081478640718 ], [ -80.370859845245747, 25.757086269210635 ], [ -80.370858500224429, 25.757093753673178 ], [ -80.370867288809436, 25.757095100620148 ], [ -80.370864598767596, 25.757110069544797 ], [ -80.370873387354308, 25.757111416491178 ], [ -80.370868007270786, 25.757141354338536 ], [ -80.370859218681133, 25.757140007391829 ], [ -80.370848458497235, 25.757199883076538 ], [ -80.370857247092701, 25.75720123002392 ], [ -80.370854557045888, 25.757216198943318 ], [ -80.370863345643087, 25.7572175458901 ] ] ] } },
{ "type": "Feature", "properties": { "hotspot_id": "fiu_hs_110", "area_m2": 69.110577988959577, "depth_max_m": 0.26146388053894043, "depth_mean_m": 0.19047079915585724, "building_frac": 0.0, "lots": null, "roads": null }, "geometry": { "type": "Polygon", "coordinates": [ [ [ -80.382986339555032, 25.752568627853066 ], [ -80.382987683472763, 25.752561143125142 ], [ -80.383031625061477, 25.752567872769266 ], [ -80.383034312888952, 25.752552903312012 ], [ -80.383059333929594, 25.752564425817884 ], [ -80.38306067784103, 25.752556941088912 ], [ -80.383069466158943, 25.752558287013041 ], [ -80.383072153979668, 25.752543317554331 ], [ -80.383098518930609, 25.752547355321667 ], [ -80.383099862838449, 25.752539870591761 ], [ -80.38310865115524, 25.752541216512629 ], [ -80.383112682875179, 25.752518762321539 ], [ -80.383093762338362, 25.752523555209986 ], [ -80.383092418430266, 25.752531039940163 ], [ -80.38307484179947, 25.752528348094867 ], [ -80.383073497889683, 25.752535832824684 ], [ -80.383029556313801, 25.752529103197762 ], [ -80.38303090022724, 25.752521618468336 ], [ -80.383013323600238, 25.752518926612449 ], [ -80.383011979685335, 25.752526411341705 ], [ -80.382913964324928, 25.752519090807418 ], [ -80.382912620401555, 25.752526575535377 ], [ -80.382903832089227, 25.752525229597719 ], [ -80.382902488164902, 25.752532714325394 ], [ -80.382920064791264, 25.752535406200117 ], [ -80.382918720868176, 25.752542890927753 ], [ -80.382936297497068, 25.752545582799616 ], [ -80.382942397969416, 25.752561898189615 ], [ -80.382986339555032, 25.752568627853066 ] ] ] } },
{ "type": "Feature", "properties": { "hotspot_id": "fiu_hs_111", "area_m2": 243.38942683159701, "depth_max_m": 0.26119637489318848, "depth_mean_m": 0.18078706293930241, "building_frac": 0.076199152833265893, "lots": "W2 Parking Lot", "roads": null }, "geometry": { "type": "Polygon", "coordinates": [ [ [ -80.382677008870914, 25.753436427986852 ], [ -80.382678352828293, 25.75342894328347 ], [ -80.382731083228478, 25.753437018990546 ], [ -80.382732427181253, 25.753429534286479 ], [ -80.382783813638341, 25.75344509467039 ], [ -80.382785157586753, 25.753437609965822 ], [ -80.382802734390737, 25.753440301852891 ], [ -80.382804078337472, 25.753432817147957 ], [ -80.382839231945766, 25.75343820091269 ], [ -80.382840575889375, 25.753430716207241 ], [ -80.382858152693657, 25.753433408084891 ], [ -80.382856808751541, 25.753440892790501 ], [ -80.382891962366301, 25.753446276537076 ], [ -80.382893306305519, 25.753438791831137 ], [ -80.382902094709152, 25.7534401377658 ], [ -80.382904782585442, 25.753425168353139 ], [ -80.382913570987881, 25.753426514286897 ], [ -80.382914914924953, 25.753419029580193 ], [ -80.382906126523224, 25.753417683646529 ], [ -80.382908814398135, 25.753402714232706 ], [ -80.3829176027984, 25.753404060166215 ], [ -80.382920290670938, 25.753389090751455 ], [ -80.38292907907001, 25.753390436684036 ], [ -80.38293176694016, 25.753375467268334 ], [ -80.382922978542553, 25.75337412133592 ], [ -80.382924322478019, 25.75336663662787 ], [ -80.382933110874902, 25.753367982560214 ], [ -80.382935798743674, 25.753353013143322 ], [ -80.382927010348268, 25.753351667211156 ], [ -80.38292969821758, 25.753336697793667 ], [ -80.382850602683959, 25.753324584371693 ], [ -80.382839126408783, 25.753338207847968 ], [ -80.382821549624126, 25.753335515966231 ], [ -80.382820205680375, 25.753343000673691 ], [ -80.382795184449165, 25.753331478137987 ], [ -80.382793840503226, 25.753338962845209 ], [ -80.382785052111373, 25.753337616900861 ], [ -80.382782364217363, 25.75335258631452 ], [ -80.382773575824316, 25.753351240369245 ], [ -80.382769543979379, 25.753373694488033 ], [ -80.382778332374613, 25.753375040433554 ], [ -80.382776988426556, 25.753382525139489 ], [ -80.382759411634922, 25.753379833247536 ], [ -80.382747935338372, 25.753393456711272 ], [ -80.382730358545444, 25.753390764814455 ], [ -80.382729014593068, 25.7533982495194 ], [ -80.38271143779977, 25.753395557619378 ], [ -80.382712781753597, 25.753388072914596 ], [ -80.382668839778702, 25.753381343151737 ], [ -80.382667495821224, 25.75338882785611 ], [ -80.382649919031692, 25.753386135945501 ], [ -80.382648575072523, 25.753393620649515 ], [ -80.382630998282607, 25.753390928735737 ], [ -80.382629654321761, 25.753398413439385 ], [ -80.382620865926484, 25.753397067481259 ], [ -80.382618178002645, 25.753412036887827 ], [ -80.382609389606159, 25.753410690928785 ], [ -80.382608045643167, 25.753418175631687 ], [ -80.382669564429222, 25.753427597329651 ], [ -80.382668220471089, 25.753435082032954 ], [ -80.382677008870914, 25.753436427986852 ] ] ] } },
{ "type": "Feature", "properties": { "hotspot_id": "fiu_hs_112", "area_m2": 54.837741230717718, "depth_max_m": 0.2605736255645752, "depth_mean_m": 0.18194398488083932, "building_frac": 0.0, "lots": null, "roads": null }, "geometry": { "type": "Polygon", "coordinates": [ [ [ -80.3761714048117, 25.759792038532662 ], [ -80.376175438639677, 25.75976958512739 ], [ -80.376184227574242, 25.759770931608877 ], [ -80.376192295219639, 25.759726024792542 ], [ -80.376183506289436, 25.759724678311542 ], [ -80.376186195504204, 25.759709709371368 ], [ -80.376177406575735, 25.759708362889782 ], [ -80.376178751183502, 25.759700878419501 ], [ -80.376136151160054, 25.759686661530505 ], [ -80.376134806548876, 25.75969414600058 ], [ -80.376126017622767, 25.759692799514536 ], [ -80.376119294559786, 25.759730221861545 ], [ -80.376128083489562, 25.759731568348002 ], [ -80.376125394264207, 25.759746537285618 ], [ -80.376141627515906, 25.759756714725302 ], [ -80.376138938292115, 25.759771683662091 ], [ -80.376155171550025, 25.759781861098812 ], [ -80.376153826939003, 25.759789345566876 ], [ -80.3761714048117, 25.759792038532662 ] ] ] } },
{ "type": "Feature", "properties": { "hotspot_id": "fiu_hs_113", "area_m2": 117.93870374161065, "depth_max_m": 0.25739991664886475, "depth_mean_m": 0.18214716577226189, "building_frac": 0.0, "lots": null, "roads": null }, "geometry": { "type": "Polygon", "coordinates": [ [ [ -80.371184819041503, 25.75618243909102 ], [ -80.371186164021026, 25.756174954602699 ], [ -80.371194952519048, 25.756176301525574 ], [ -80.371200332431883, 25.756146363569929 ], [ -80.371176656906798, 25.756127353821494 ], [ -80.37117934686529, 25.756112384842236 ], [ -80.371163114863165, 25.756102206502732 ], [ -80.37115701633455, 25.756085890596868 ], [ -80.371139439358046, 25.756083196743106 ], [ -80.371133340835144, 25.756066880834872 ], [ -80.371080609922487, 25.756058799251832 ], [ -80.371079264935744, 25.756066283741561 ], [ -80.37106168796555, 25.756063589874326 ], [ -80.371047519522875, 25.756092180895461 ], [ -80.371063751509752, 25.756102359253521 ], [ -80.371059716542533, 25.756124812718301 ], [ -80.37107594853687, 25.756134991073385 ], [ -80.37107460354855, 25.756142475561234 ], [ -80.371109757522419, 25.756147863286891 ], [ -80.371115856046544, 25.756164179192368 ], [ -80.371124644542419, 25.756165526121311 ], [ -80.371125989526803, 25.756158041633341 ], [ -80.37115235501382, 25.756162082415372 ], [ -80.371158453546869, 25.756178398317569 ], [ -80.371184819041503, 25.75618243909102 ] ] ] } },
{ "type": "Feature", "properties": { "hotspot_id": "fiu_hs_114", "area_m2": 153.99639660613505, "depth_max_m": 0.25666892528533936, "depth_mean_m": 0.18641861706245236, "building_frac": 0.0, "lots": "East of PAC Parking Lot", "roads": null }, "geometry": { "type": "Polygon", "coordinates": [ [ [ -80.370258209031903, 25.752594999208988 ], [ -80.370259554035457, 25.752587514647999 ], [ -80.370383932797196, 25.752598888258706 ], [ -80.370385277790106, 25.752591403696147 ], [ -80.370402854044158, 25.752594097708442 ], [ -80.370404199035363, 25.752586613145542 ], [ -80.370458272786266, 25.752587210600154 ], [ -80.370459617772639, 25.75257972603637 ], [ -80.370468405899501, 25.752581073036595 ], [ -80.370471095870116, 25.752566103908244 ], [ -80.370479883995799, 25.752567450907556 ], [ -80.370482573964026, 25.75255248177826 ], [ -80.370456209592177, 25.752548440778593 ], [ -80.370450111441897, 25.752532124647786 ], [ -80.370388594595767, 25.752522695617934 ], [ -80.370387249604207, 25.752530180182152 ], [ -80.370343309004269, 25.752523445137733 ], [ -80.370331830892539, 25.752537067253428 ], [ -80.3702966784127, 25.752531679200587 ], [ -80.370295333413168, 25.752539163763384 ], [ -80.370277757173412, 25.752536469732256 ], [ -80.370276412172188, 25.752543954294708 ], [ -80.370258835932049, 25.752541260260376 ], [ -80.370237224679187, 25.7525610199082 ], [ -80.370219648436844, 25.75255832586733 ], [ -80.370215613416605, 25.752580779550264 ], [ -80.370258209031903, 25.752594999208988 ] ] ] } },
{ "type": "Feature", "properties": { "hotspot_id": "fiu_hs_115", "area_m2": 85.637020551300324, "depth_max_m": 0.25644958019256592, "depth_mean_m": 0.18385950724283853, "building_frac": 0.0, "lots": null, "roads": null }, "geometry": { "type": "Polygon", "coordinates": [ [ [ -80.368867443496995, 25.758172893293779 ], [ -80.368876142525778, 25.758074248823171 ], [ -80.368867353873284, 25.758072901710314 ], [ -80.368871389490977, 25.75805044846955 ], [ -80.368862600840927, 25.7580491013562 ], [ -80.368867981664224, 25.758019163699487 ], [ -80.368859193017357, 25.758017816585689 ], [ -80.368863228634595, 25.757995363341369 ], [ -80.368854439990216, 25.757994016227077 ], [ -80.368848341759346, 25.757977700281828 ], [ -80.368830764474808, 25.757975006049804 ], [ -80.368817312384763, 25.758049850191355 ], [ -80.368826101034159, 25.758051197308571 ], [ -80.368819374984184, 25.758088619372476 ], [ -80.368828163637517, 25.758089966489351 ], [ -80.368824128006949, 25.758112419725599 ], [ -80.36883291666274, 25.758113766841969 ], [ -80.368827535821694, 25.758143704487932 ], [ -80.368851211381909, 25.758162714655818 ], [ -80.368849866172795, 25.758170199066686 ], [ -80.368867443496995, 25.758172893293779 ] ] ] } },
{ "type": "Feature", "properties": { "hotspot_id": "fiu_hs_116", "area_m2": 99.90985730989361, "depth_max_m": 0.25626480579376221, "depth_mean_m": 0.18794930250124825, "building_frac": 0.0, "lots": "CSC Compound Parking Lot", "roads": null }, "geometry": { "type": "Polygon", "coordinates": [ [ [ -80.382092951504504, 25.754023744136152 ], [ -80.382094295520702, 25.754016259454271 ], [ -80.382111872419387, 25.754018951454416 ], [ -80.382113216433893, 25.754011466772191 ], [ -80.382132137345025, 25.754006674086572 ], [ -80.382133481357613, 25.753999189403793 ], [ -80.382152402264978, 25.753994396714265 ], [ -80.382155090286105, 25.753979427347375 ], [ -80.382163878732555, 25.753980773342811 ], [ -80.38216522274206, 25.753973288658973 ], [ -80.382141545428354, 25.75395428130302 ], [ -80.382142889439336, 25.753946796618859 ], [ -80.3820989472284, 25.753940066624516 ], [ -80.382097603213765, 25.753947551308244 ], [ -80.38207123788824, 25.753943513302325 ], [ -80.382069893871204, 25.753950997985591 ], [ -80.382052316987426, 25.753948305977705 ], [ -80.382050972968671, 25.753955790660612 ], [ -80.382024607642833, 25.753951752642834 ], [ -80.382021919600305, 25.753966722007611 ], [ -80.382002998691775, 25.753971514673598 ], [ -80.382000310644955, 25.753986484036851 ], [ -80.382009099089743, 25.753987830045457 ], [ -80.382007755066709, 25.753995314726883 ], [ -80.382041564831113, 25.754008183435648 ], [ -80.382040220810538, 25.754015668117024 ], [ -80.382092951504504, 25.754023744136152 ] ] ] } },
{ "type": "Feature", "properties": { "hotspot_id": "fiu_hs_117", "area_m2": 118.68990567578801, "depth_max_m": 0.25626289844512939, "depth_mean_m": 0.18344793440420418, "building_frac": 0.0, "lots": "Apartments Parking Lot", "roads": null }, "geometry": { "type": "Polygon", "coordinates": [ [ [ -80.370586786876046, 25.757851932291878 ], [ -80.370588131932152, 25.75784444785079 ], [ -80.370605709244472, 25.757847141783767 ], [ -80.370608399353074, 25.757832172900681 ], [ -80.370599610698235, 25.757830825934747 ], [ -80.370603645861593, 25.757808372608917 ], [ -80.370612434514257, 25.757809719574599 ], [ -80.37061377956752, 25.757802235132171 ], [ -80.370604990915595, 25.757800888166578 ], [ -80.370606335969356, 25.757793403724055 ], [ -80.370615124620556, 25.757794750689573 ], [ -80.370617814725932, 25.757779781803766 ], [ -80.370609026076195, 25.757778434838407 ], [ -80.370617096391229, 25.757733528176828 ], [ -80.370608307746139, 25.757732181211193 ], [ -80.370609652798564, 25.757724696767003 ], [ -80.370600864154468, 25.757723349800717 ], [ -80.370602209207405, 25.757715865356413 ], [ -80.37059342056429, 25.757714518389449 ], [ -80.370594765617724, 25.757707033945028 ], [ -80.370585976975619, 25.757705686977392 ], [ -80.37058732202955, 25.757698202532865 ], [ -80.370556202635925, 25.757670361321349 ], [ -80.370553512523387, 25.757685330210698 ], [ -80.370544723884095, 25.757683983239446 ], [ -80.370525893060403, 25.757788765442054 ], [ -80.37054212530056, 25.757798943827904 ], [ -80.370539435181698, 25.757813912710809 ], [ -80.370570554620897, 25.757841753914803 ], [ -80.370569209563342, 25.757849238355728 ], [ -80.370586786876046, 25.757851932291878 ] ] ] } },
{ "type": "Feature", "properties": { "hotspot_id": "fiu_hs_118", "area_m2": 62.349760576768034, "depth_max_m": 0.25603616237640381, "depth_mean_m": 0.19343272749199925, "building_frac": 0.0, "lots": null, "roads": null }, "geometry": { "type": "Polygon", "coordinates": [ [ [ -80.383164110910457, 25.758317567758315 ], [ -80.383165454901047, 25.758310083163916 ], [ -80.38318437668147, 25.758305290349835 ], [ -80.383187064658614, 25.758290321159702 ], [ -80.383205986433595, 25.758285528341361 ], [ -80.383208674406447, 25.758270559149743 ], [ -80.383227596175985, 25.758265766327138 ], [ -80.383230284144545, 25.758250797134007 ], [ -80.383239073035227, 25.758252143019444 ], [ -80.383244448966664, 25.758222204630552 ], [ -80.383174137872118, 25.758211437528477 ], [ -80.383171449895187, 25.758226406722002 ], [ -80.383162661008129, 25.758225060830664 ], [ -80.383151909085399, 25.758284937596265 ], [ -80.383160697978312, 25.758286283488268 ], [ -80.38315532201436, 25.758316221866746 ], [ -80.383164110910457, 25.758317567758315 ] ] ] } },
{ "type": "Feature", "properties": { "hotspot_id": "fiu_hs_119", "area_m2": 149.48918499846582, "depth_max_m": 0.25591361522674561, "depth_mean_m": 0.18978103561017981, "building_frac": 0.0, "lots": null, "roads": null }, "geometry": { "type": "Polygon", "coordinates": [ [ [ -80.37823548819604, 25.759462241371022 ], [ -80.378236832624523, 25.759454756868042 ], [ -80.378263199429298, 25.759458795786148 ], [ -80.378274677215188, 25.759445173083435 ], [ -80.378301044018841, 25.759449211991967 ], [ -80.378302388441512, 25.759441727487808 ], [ -80.378319966310514, 25.759444420089558 ], [ -80.378321310731494, 25.75943693558504 ], [ -80.378376733173113, 25.75943004436099 ], [ -80.378388210937615, 25.759416421644385 ], [ -80.378405788804173, 25.75941911423169 ], [ -80.378417266562735, 25.759405491511359 ], [ -80.378453766703515, 25.759403392166139 ], [ -80.378456455521174, 25.759388423151488 ], [ -80.378494300059259, 25.759378839284111 ], [ -80.378496988869273, 25.759363870267229 ], [ -80.378505777798821, 25.759365216552194 ], [ -80.378517255534817, 25.759351593818401 ], [ -80.378534833392351, 25.759354286384209 ], [ -80.378537522194691, 25.7593393173651 ], [ -80.378576711100209, 25.759322248955876 ], [ -80.37857939989442, 25.759307279934163 ], [ -80.378596977744991, 25.759309972489731 ], [ -80.378598322140277, 25.759302487978431 ], [ -80.378607111065236, 25.759303834254997 ], [ -80.378609799853706, 25.759288865231611 ], [ -80.378648988722631, 25.759271796792145 ], [ -80.378651677502972, 25.759256827766162 ], [ -80.378670599734008, 25.759252035796372 ], [ -80.378673288510058, 25.759237066768883 ], [ -80.378702344040306, 25.759226136549181 ], [ -80.378716510495053, 25.759197544757004 ], [ -80.378677321672413, 25.759214613226195 ], [ -80.378674632897742, 25.759229582254843 ], [ -80.378665843979192, 25.759228235983723 ], [ -80.378664499590769, 25.759235720497689 ], [ -80.378636788443714, 25.759239166193062 ], [ -80.378622621956268, 25.759267757970491 ], [ -80.378605044113371, 25.759265065418948 ], [ -80.37860235532483, 25.759280034443318 ], [ -80.378553033120596, 25.759303241095139 ], [ -80.378551688721416, 25.759310725605843 ], [ -80.378542899796628, 25.759309379324588 ], [ -80.378541555396481, 25.759316863834997 ], [ -80.378532766471224, 25.759315517552896 ], [ -80.378531422070139, 25.759323002063045 ], [ -80.378522633144414, 25.759321655780099 ], [ -80.378521288742363, 25.759329140289964 ], [ -80.378512499816182, 25.759327794006165 ], [ -80.378511155413179, 25.759335278515767 ], [ -80.378502366486543, 25.759333932231129 ], [ -80.378501022082574, 25.759341416740448 ], [ -80.37849223315547, 25.759340070454982 ], [ -80.378490888750548, 25.75934755496402 ], [ -80.378473310895714, 25.759344862390645 ], [ -80.378461833153779, 25.759358485119826 ], [ -80.378444255297651, 25.759355792541584 ], [ -80.378412510868287, 25.759381691698579 ], [ -80.378394933009034, 25.759378999112087 ], [ -80.378363188556733, 25.759404898251947 ], [ -80.378345610694339, 25.759402205657249 ], [ -80.378334132925076, 25.759415828369718 ], [ -80.378316555061375, 25.759413135770163 ], [ -80.378305077286186, 25.759426758478916 ], [ -80.378287499421191, 25.759424065874477 ], [ -80.378286154997511, 25.759431550378864 ], [ -80.378268577132133, 25.75942885777123 ], [ -80.378267232706762, 25.759436342275254 ], [ -80.378249654841014, 25.759433649664441 ], [ -80.378238177052751, 25.759447272364834 ], [ -80.37821181025258, 25.759443233440177 ], [ -80.37821046582215, 25.759450717943128 ], [ -80.378201676888565, 25.759449371633309 ], [ -80.378200332457183, 25.759456856135966 ], [ -80.37823548819604, 25.759462241371022 ] ] ] } },
{ "type": "Feature", "properties": { "hotspot_id": "fiu_hs_120", "area_m2": 132.96274243640786, "depth_max_m": 0.25353074073791504, "depth_mean_m": 0.18827809048237773, "building_frac": 0.0, "lots": null, "roads": null }, "geometry": { "type": "Polygon", "coordinates": [ [ [ -80.379020205268546, 25.758713422789342 ], [ -80.379025582667452, 25.758683484664438 ], [ -80.379034371536974, 25.758684830907143 ], [ -80.3790370602336, 25.758669861843362 ], [ -80.379028271365542, 25.758668515600824 ], [ -80.379036337454281, 25.758623608405323 ], [ -80.379045126317976, 25.758624954647356 ], [ -80.379069324521552, 25.758490233017366 ], [ -80.379060535670988, 25.758488886776814 ], [ -80.379065913042396, 25.75845894862859 ], [ -80.379057124195015, 25.758457602387608 ], [ -80.379066534591246, 25.758405210621316 ], [ -80.379057745749236, 25.758403864380181 ], [ -80.379057022961206, 25.758357610903442 ], [ -80.379033345137827, 25.758338603095339 ], [ -80.379047511341483, 25.758310011177528 ], [ -80.379031278020406, 25.758299834149764 ], [ -80.379033966705776, 25.758284865067871 ], [ -80.379010288907025, 25.758265857250109 ], [ -80.379007600218202, 25.758280826332289 ], [ -80.379016389047123, 25.758282172578227 ], [ -80.379011011669661, 25.758312110740579 ], [ -80.379019800501766, 25.758313456986109 ], [ -80.37901442312355, 25.758343395145662 ], [ -80.379023211958838, 25.758344741390765 ], [ -80.379016490234548, 25.758382164086246 ], [ -80.379025279073744, 25.758383510331008 ], [ -80.379021246038604, 25.758405963946238 ], [ -80.379030034880273, 25.758407310190499 ], [ -80.379024657499812, 25.758437248341711 ], [ -80.37903344634465, 25.758438594585538 ], [ -80.379025380271415, 25.758483501807053 ], [ -80.379034169120914, 25.758484848050621 ], [ -80.379022070002165, 25.758552208870501 ], [ -80.379030858858485, 25.758553555114062 ], [ -80.379012037980374, 25.758658338581544 ], [ -80.379020826847182, 25.75865968482551 ], [ -80.379011416396366, 25.758712076545539 ], [ -80.379020205268546, 25.758713422789342 ] ] ] } },
{ "type": "Feature", "properties": { "hotspot_id": "fiu_hs_121", "area_m2": 200.57091655424713, "depth_max_m": 0.25341415405273438, "depth_mean_m": 0.18265033393316948, "building_frac": 0.0, "lots": "Apartments Parking Lot", "roads": null }, "geometry": { "type": "Polygon", "coordinates": [ [ [ -80.370237851156048, 25.7584367716447 ], [ -80.370260808948345, 25.758409527939804 ], [ -80.370287175071937, 25.758413568914776 ], [ -80.370288520162191, 25.758406084490883 ], [ -80.370297308869866, 25.758407431480943 ], [ -80.37030134413709, 25.758384978207843 ], [ -80.370310132842846, 25.758386325196881 ], [ -80.370307442666387, 25.758401294045999 ], [ -80.370316231373863, 25.758402641034472 ], [ -80.370318921548872, 25.758387672185187 ], [ -80.370327710255168, 25.758389019172743 ], [ -80.370329055341585, 25.75838153474772 ], [ -80.370337844047427, 25.75838288173443 ], [ -80.370336498961734, 25.758390366159517 ], [ -80.370362865083052, 25.758394407115357 ], [ -80.370366900332911, 25.758371953838758 ], [ -80.370349322922792, 25.758369259869447 ], [ -80.37033578077029, 25.758344112619746 ], [ -80.370344569472493, 25.758345459606026 ], [ -80.370347259640909, 25.758330490753327 ], [ -80.370356048341904, 25.758331837738691 ], [ -80.370358738507946, 25.75831686888505 ], [ -80.370387794768959, 25.758305940981174 ], [ -80.370394520166812, 25.758268518840428 ], [ -80.370368154081845, 25.758264477891107 ], [ -80.370366809000558, 25.758271962319395 ], [ -80.370321520442204, 25.758272711816002 ], [ -80.370299907792102, 25.758292471119482 ], [ -80.370257309404749, 25.758278251733746 ], [ -80.370254619222592, 25.758293220586577 ], [ -80.370245830527011, 25.758291873592377 ], [ -80.370243140342481, 25.758306842444281 ], [ -80.370234351645706, 25.758305495449164 ], [ -80.370231661458817, 25.758320464300105 ], [ -80.370222872760849, 25.758319117304062 ], [ -80.370220182571572, 25.758334086154065 ], [ -80.370211393872424, 25.758332739157115 ], [ -80.370210048776713, 25.758340223581733 ], [ -80.370218837476585, 25.758341570578768 ], [ -80.370209421805271, 25.758393961546297 ], [ -80.370218210510515, 25.758395308543154 ], [ -80.370214175221548, 25.758417761812279 ], [ -80.370237851156048, 25.7584367716447 ] ] ] } },
{ "type": "Feature", "properties": { "hotspot_id": "fiu_hs_122", "area_m2": 89.393030224896933, "depth_max_m": 0.25169169902801514, "depth_mean_m": 0.18131236869747899, "building_frac": 0.0, "lots": null, "roads": null }, "geometry": { "type": "Polygon", "coordinates": [ [ [ -80.379960850354863, 25.756442696032273 ], [ -80.379962194589936, 25.756435211435406 ], [ -80.379979771907671, 25.75643790377919 ], [ -80.379985148839836, 25.756407965389108 ], [ -80.379939861325738, 25.756408719123048 ], [ -80.379941205562076, 25.756401234525644 ], [ -80.379932416907337, 25.756399888350693 ], [ -80.37993779385333, 25.756369949959506 ], [ -80.379867484648429, 25.756359180535231 ], [ -80.379866140406449, 25.756366665132656 ], [ -80.379841118701037, 25.75635514198866 ], [ -80.379839774456855, 25.75636262658584 ], [ -80.379822197158504, 25.756359934217492 ], [ -80.379810720016309, 25.756373557225452 ], [ -80.379801931366345, 25.756372211039242 ], [ -80.379795210125195, 25.756409634018588 ], [ -80.379803998778797, 25.756410980205221 ], [ -80.379802654530621, 25.756418464800589 ], [ -80.379830364741252, 25.756415018760627 ], [ -80.379834397477893, 25.75639256497259 ], [ -80.379887129396963, 25.756400642061426 ], [ -80.379890541088855, 25.75643192662622 ], [ -80.379908118403733, 25.756434618982265 ], [ -80.37991959553878, 25.756420995966081 ], [ -80.379935828615345, 25.756431172914056 ], [ -80.379934484378097, 25.756438657510664 ], [ -80.379960850354863, 25.756442696032273 ] ] ] } },
{ "type": "Feature", "properties": { "hotspot_id": "fiu_hs_123", "area_m2": 73.617789596575989, "depth_max_m": 0.25091743469238281, "depth_mean_m": 0.18333777602838011, "building_frac": 0.16804661870027843, "lots": null, "roads": null }, "geometry": { "type": "Polygon", "coordinates": [ [ [ -80.37342502029864, 25.753464879857603 ], [ -80.373427709792068, 25.753449910693742 ], [ -80.373446631056339, 25.753445119596677 ], [ -80.373449320545475, 25.753430150431328 ], [ -80.373466897061547, 25.753432843913131 ], [ -80.373468241804318, 25.753425359329981 ], [ -80.37347703006202, 25.753426706069657 ], [ -80.373479719545415, 25.753411736902642 ], [ -80.373488507801923, 25.753413083641391 ], [ -80.373495231502744, 25.753375660720032 ], [ -80.373486443249874, 25.753374313981691 ], [ -80.373489132730029, 25.753359344811962 ], [ -80.373445191476975, 25.753352611109737 ], [ -80.373442501989516, 25.753367580278635 ], [ -80.373403314744422, 25.753384647053508 ], [ -80.373400625248848, 25.753399616219788 ], [ -80.373391836995012, 25.75339826947349 ], [ -80.373389147497051, 25.753413238638846 ], [ -80.373412822769211, 25.753432248041097 ], [ -80.373407443777438, 25.753462186368935 ], [ -80.37342502029864, 25.753464879857603 ] ] ] } },
{ "type": "Feature", "properties": { "hotspot_id": "fiu_hs_124", "area_m2": 116.43629987168914, "depth_max_m": 0.24890518188476562, "depth_mean_m": 0.19888348733225175, "building_frac": 0.0, "lots": null, "roads": null }, "geometry": { "type": "Polygon", "coordinates": [ [ [ -80.375327225145739, 25.758509130878444 ], [ -80.375328569807635, 25.758501646390936 ], [ -80.375319781013317, 25.758500299830967 ], [ -80.375327848984242, 25.75845539290232 ], [ -80.375311616067634, 25.758445215292465 ], [ -80.375305516604953, 25.758428899753156 ], [ -80.375280494910413, 25.758417375575252 ], [ -80.375281839574896, 25.758409891086167 ], [ -80.375310895253648, 25.758398961795503 ], [ -80.375314929237746, 25.75837650832522 ], [ -80.375306140456175, 25.758375161763549 ], [ -80.375308829779215, 25.758360192782536 ], [ -80.375291252219782, 25.758357499657262 ], [ -80.375285152766992, 25.758341184112226 ], [ -80.375241208881761, 25.758334451282852 ], [ -80.375237174880724, 25.758356904753192 ], [ -80.37524596365941, 25.758358251320843 ], [ -80.375243274325697, 25.758373220300289 ], [ -80.375252063106117, 25.758374566867339 ], [ -80.375241305767915, 25.758434442777986 ], [ -80.375232516981669, 25.758433096210272 ], [ -80.375227138304155, 25.758463034160613 ], [ -80.375218349515251, 25.758461687591815 ], [ -80.375217004844572, 25.758469172078815 ], [ -80.375243371214253, 25.758473211783205 ], [ -80.375242026545521, 25.758480696270261 ], [ -80.375268392919821, 25.758484735968089 ], [ -80.375267048253065, 25.758492220455224 ], [ -80.375310992219269, 25.758498953270237 ], [ -80.375309647555909, 25.758506437757575 ], [ -80.375327225145739, 25.758509130878444 ] ] ] } },
{ "type": "Feature", "properties": { "hotspot_id": "fiu_hs_125", "area_m2": 232.8725997451948, "depth_max_m": 0.24792838096618652, "depth_mean_m": 0.18732821556829637, "building_frac": 0.0, "lots": null, "roads": "University Drive" }, "geometry": { "type": "Polygon", "coordinates": [ [ [ -80.374062258879619, 25.759668843283663 ], [ -80.374063603667167, 25.75966135884007 ], [ -80.374125125912073, 25.759670785460454 ], [ -80.374126470694293, 25.759663301016101 ], [ -80.374144048479522, 25.759665994329222 ], [ -80.374155526931901, 25.759652372094866 ], [ -80.37418189360821, 25.759656412056113 ], [ -80.374193372053469, 25.759642789817118 ], [ -80.374219738728641, 25.759646829768812 ], [ -80.374221083502405, 25.759639345322636 ], [ -80.37422987239394, 25.759640691971608 ], [ -80.374231217166766, 25.759633207525159 ], [ -80.374204850495161, 25.759629167576229 ], [ -80.374206195269934, 25.759621683129847 ], [ -80.374171039714483, 25.759616296521035 ], [ -80.374173729269188, 25.759601327628335 ], [ -80.374154806717314, 25.759606118765987 ], [ -80.374160185830704, 25.759576180979728 ], [ -80.374179108375827, 25.759571389840616 ], [ -80.374200720467471, 25.759551629802228 ], [ -80.374237220769857, 25.759549531953517 ], [ -80.374248699192549, 25.759535909703722 ], [ -80.374203410015113, 25.759536660905681 ], [ -80.374202065241406, 25.759544145354059 ], [ -80.374166909717275, 25.759538758742515 ], [ -80.374165564940427, 25.759546243190343 ], [ -80.37409525389927, 25.759535469930292 ], [ -80.374097943464434, 25.759520501035734 ], [ -80.37408915458694, 25.759519154374992 ], [ -80.3740851202367, 25.759541607716255 ], [ -80.374076331357315, 25.759540261054514 ], [ -80.374074986572708, 25.759547745501116 ], [ -80.374020908508456, 25.759547149960152 ], [ -80.374022253297653, 25.759539665514243 ], [ -80.374004675541471, 25.75953697217922 ], [ -80.37400333075081, 25.759544456624965 ], [ -80.373985752994258, 25.759541763286769 ], [ -80.373983063409312, 25.759556732177362 ], [ -80.373965485650913, 25.759554038835809 ], [ -80.373962796062145, 25.759569007725279 ], [ -80.373980373823471, 25.759571701067181 ], [ -80.373979029030195, 25.759579185511793 ], [ -80.374058128976031, 25.75959130551362 ], [ -80.374055439401928, 25.759606274403769 ], [ -80.37402638316712, 25.759617203298344 ], [ -80.37402503837707, 25.75962468774248 ], [ -80.374033827264142, 25.759626034408239 ], [ -80.374029792894802, 25.759648487739767 ], [ -80.374038581784319, 25.759649834405046 ], [ -80.374035892205086, 25.759664803291905 ], [ -80.374062258879619, 25.759668843283663 ] ] ] } },
{ "type": "Feature", "properties": { "hotspot_id": "fiu_hs_126", "area_m2": 112.68029019976424, "depth_max_m": 0.24379205703735352, "depth_mean_m": 0.1809821319580078, "building_frac": 0.094522818635800629, "lots": null, "roads": null }, "geometry": { "type": "Polygon", "coordinates": [ [ [ -80.38217653505717, 25.757028145126576 ], [ -80.382177879112248, 25.757020660514595 ], [ -80.382195456615221, 25.757023352474953 ], [ -80.382196800668623, 25.757015867862606 ], [ -80.382231955674854, 25.757021251773882 ], [ -80.382233299725101, 25.75701376716103 ], [ -80.382268454732753, 25.757019151059882 ], [ -80.382269798779845, 25.757011666446509 ], [ -80.382329976006488, 25.757028572853756 ], [ -80.382331320048493, 25.757021088239796 ], [ -80.382367819103948, 25.757018987490543 ], [ -80.382369163142556, 25.757011502875841 ], [ -80.382430684421777, 25.757020924609748 ], [ -80.382434716520962, 25.75699847076277 ], [ -80.38233804025505, 25.756983665167038 ], [ -80.38233938429569, 25.756976180551895 ], [ -80.382330595546577, 25.756974834584202 ], [ -80.382329251505226, 25.756982319199249 ], [ -80.382266386217296, 25.75698038201784 ], [ -80.382265042170374, 25.756987866631924 ], [ -80.382247464672389, 25.756985174683173 ], [ -80.38224612062379, 25.756992659296891 ], [ -80.382184599384203, 25.756983237451813 ], [ -80.382183255330276, 25.75699072206476 ], [ -80.382158233142718, 25.756979199506869 ], [ -80.382146756282182, 25.756992822748735 ], [ -80.382129178786826, 25.756990130779826 ], [ -80.382126490669066, 25.757005100003735 ], [ -80.382117701920336, 25.757003754017969 ], [ -80.382115013800203, 25.757018723240957 ], [ -80.38217653505717, 25.757028145126576 ] ] ] } },
{ "type": "Feature", "properties": { "hotspot_id": "fiu_hs_127", "area_m2": 63.100962511086678, "depth_max_m": 0.24376869201660156, "depth_mean_m": 0.18413786661057246, "building_frac": 0.0, "lots": null, "roads": null }, "geometry": { "type": "Polygon", "coordinates": [ [ [ -80.375309457196167, 25.753430632832629 ], [ -80.37531349095228, 25.753408179010258 ], [ -80.375295914384481, 25.753405485843651 ], [ -80.375298603556999, 25.753390516628109 ], [ -80.375274927887659, 25.753371507657221 ], [ -80.375277617062707, 25.753356538440606 ], [ -80.375261385095001, 25.753346360659023 ], [ -80.375247842310102, 25.753321213657049 ], [ -80.375212689214436, 25.753315827296959 ], [ -80.375210000029568, 25.753330796513783 ], [ -80.375218788304537, 25.753332143105101 ], [ -80.375214754527676, 25.753354596929157 ], [ -80.375223542805088, 25.753355943519981 ], [ -80.375218164435665, 25.753385881949676 ], [ -80.375243184687548, 25.753397406325757 ], [ -80.375240495505381, 25.753412375539558 ], [ -80.375309457196167, 25.753430632832629 ] ] ] } },
{ "type": "Feature", "properties": { "hotspot_id": "fiu_hs_128", "area_m2": 51.081731558635248, "depth_max_m": 0.2435840368270874, "depth_mean_m": 0.1950075766619514, "building_frac": 0.0, "lots": null, "roads": null }, "geometry": { "type": "Polygon", "coordinates": [ [ [ -80.369437605953934, 25.754045812498784 ], [ -80.369438951049702, 25.754038327982808 ], [ -80.369447739306949, 25.754039675063989 ], [ -80.369449084401765, 25.754032190547726 ], [ -80.369440296145243, 25.754030843466623 ], [ -80.369441641240556, 25.754023358950231 ], [ -80.369450429496354, 25.754024706031267 ], [ -80.369451774590701, 25.754017221514612 ], [ -80.369442986335642, 25.754015874433673 ], [ -80.369448366713669, 25.753985936365449 ], [ -80.369457154965815, 25.753987283446055 ], [ -80.369462535337277, 25.753957345374388 ], [ -80.369453747088031, 25.753955998294106 ], [ -80.369461817642687, 25.753911091181259 ], [ -80.369470605887557, 25.753912438261047 ], [ -80.369471950978465, 25.753904953741461 ], [ -80.369446931339724, 25.753893427980607 ], [ -80.369435452909713, 25.753907049937393 ], [ -80.369426664665923, 25.753905702854581 ], [ -80.369415903901228, 25.753965579000823 ], [ -80.36942469215083, 25.753966926084299 ], [ -80.369416621572057, 25.754011833186304 ], [ -80.369425409826306, 25.75401318026951 ], [ -80.369422719633008, 25.754028149302137 ], [ -80.36943150788899, 25.754029496384746 ], [ -80.369428817696217, 25.754044465416751 ], [ -80.369437605953934, 25.754045812498784 ] ] ] } },
{ "type": "Feature", "properties": { "hotspot_id": "fiu_hs_129", "area_m2": 93.149039897350661, "depth_max_m": 0.24344921112060547, "depth_mean_m": 0.17625141143798828, "building_frac": 0.0, "lots": null, "roads": null }, "geometry": { "type": "Polygon", "coordinates": [ [ [ -80.378971070973563, 25.759590297531354 ], [ -80.37898254866677, 25.759576674755351 ], [ -80.378973759708728, 25.75957532851201 ], [ -80.378980481542627, 25.759537905960229 ], [ -80.378989270497016, 25.759539252203158 ], [ -80.378991959227506, 25.759524283180902 ], [ -80.378983170274566, 25.759522936938136 ], [ -80.378987203370784, 25.759500483403588 ], [ -80.378970969836502, 25.759490306404555 ], [ -80.378964869620859, 25.759473991135934 ], [ -80.378947291726163, 25.759471298644609 ], [ -80.378948636094066, 25.759463814132534 ], [ -80.378903346994122, 25.759464567403029 ], [ -80.378891869303288, 25.759478190175013 ], [ -80.378900658250345, 25.759479536425776 ], [ -80.3788925920135, 25.759524443489337 ], [ -80.378901380965203, 25.759525789739829 ], [ -80.378896003472306, 25.759555727778654 ], [ -80.378904792427193, 25.759557074028717 ], [ -80.378903448054118, 25.759564558538017 ], [ -80.378929814922571, 25.759568597283934 ], [ -80.378931159293458, 25.759561112774389 ], [ -80.378939948249425, 25.759562459021431 ], [ -80.378938603879263, 25.759569943531062 ], [ -80.37895618179347, 25.759572636023055 ], [ -80.378962282014328, 25.759588951287075 ], [ -80.378971070973563, 25.759590297531354 ] ], [ [ -80.378942636989038, 25.759547490001573 ], [ -80.378933848034535, 25.759546143754697 ], [ -80.378935192404725, 25.759538659244583 ], [ -80.378943981358503, 25.759540005491356 ], [ -80.378942636989038, 25.759547490001573 ] ], [ [ -80.378943258621092, 25.759493752179672 ], [ -80.378934469671947, 25.759492405932619 ], [ -80.37893581404127, 25.759484921421212 ], [ -80.378944602989662, 25.75948626766818 ], [ -80.378943258621092, 25.759493752179672 ] ] ] } },
{ "type": "Feature", "properties": { "hotspot_id": "fiu_hs_130", "area_m2": 265.9254848701388, "depth_max_m": 0.24040734767913818, "depth_mean_m": 0.18216302300577109, "building_frac": 0.0, "lots": "GC/Bookstore Parking Lot", "roads": null }, "geometry": { "type": "Polygon", "coordinates": [ [ [ -80.370304796076312, 25.755501527439396 ], [ -80.370306141120452, 25.755494042946466 ], [ -80.370332506370247, 25.755498083947018 ], [ -80.370335196453439, 25.755483114960086 ], [ -80.370354118324869, 25.755478324462409 ], [ -80.370365596817805, 25.755464702470711 ], [ -80.370391962061532, 25.75546874345639 ], [ -80.37039734220491, 25.755438805475872 ], [ -80.370414919029585, 25.755441499461902 ], [ -80.37041760909699, 25.755426530470121 ], [ -80.370400032275228, 25.755423836484439 ], [ -80.370404067378985, 25.755401382995839 ], [ -80.37037904719125, 25.75538985751604 ], [ -80.370367568710193, 25.755403479512456 ], [ -80.370332415080071, 25.755398091520593 ], [ -80.370331070039654, 25.755405576016123 ], [ -80.37032228163207, 25.755404229016193 ], [ -80.370316901465188, 25.755434166996046 ], [ -80.370289191190835, 25.755437610484936 ], [ -80.370290536235316, 25.755430125990689 ], [ -80.370272959416738, 25.755427431983343 ], [ -80.370274304462441, 25.755419947489091 ], [ -80.370265516054289, 25.755418600484351 ], [ -80.37026686110049, 25.755411115989975 ], [ -80.370258072693346, 25.755409768984574 ], [ -80.370259417740044, 25.755402284490081 ], [ -80.370228299264525, 25.755374442977622 ], [ -80.370230989361701, 25.755359473987578 ], [ -80.370222200960271, 25.755358126978887 ], [ -80.37023905964773, 25.75531456701275 ], [ -80.370222827902197, 25.755304388499294 ], [ -80.370226863045801, 25.755281935009172 ], [ -80.370181576029182, 25.755282684451256 ], [ -80.370182921080456, 25.75527519995477 ], [ -80.370165344296225, 25.755272505927724 ], [ -80.370166689348736, 25.7552650214312 ], [ -80.37014166923106, 25.755253495888734 ], [ -80.37013897912189, 25.755268464881471 ], [ -80.370130190730976, 25.755267117864538 ], [ -80.370124810506979, 25.755297055847311 ], [ -80.370133598900807, 25.755298402864572 ], [ -80.370130908788894, 25.755313371854974 ], [ -80.370139697184442, 25.755314718871638 ], [ -80.370137007073069, 25.755329687861426 ], [ -80.370153238813316, 25.755339866387612 ], [ -80.370150548703492, 25.755354835376554 ], [ -80.370166780449964, 25.755365013899798 ], [ -80.37016409034166, 25.755379982887909 ], [ -80.370180322094356, 25.755390161408172 ], [ -80.370178977041093, 25.755397645901926 ], [ -80.370196553850818, 25.755400339925576 ], [ -80.370193863746508, 25.755415308912806 ], [ -80.370224982225594, 25.755443150432075 ], [ -80.370223637175329, 25.755450634925161 ], [ -80.370232425586039, 25.755451981933323 ], [ -80.370231080536286, 25.755459466426284 ], [ -80.370239868948005, 25.755460813433782 ], [ -80.370238523898735, 25.75546829792663 ], [ -80.370256100724433, 25.755470991939518 ], [ -80.370262199042827, 25.755487307930419 ], [ -80.370279775873072, 25.755490001939112 ], [ -80.370278430826744, 25.755497486431786 ], [ -80.370304796076312, 25.755501527439396 ] ] ] } },
{ "type": "Feature", "properties": { "hotspot_id": "fiu_hs_131", "area_m2": 132.21154050154399, "depth_max_m": 0.2382817268371582, "depth_mean_m": 0.18074831095608798, "building_frac": 0.0, "lots": null, "roads": "Southwest 112th Avenue" }, "geometry": { "type": "Polygon", "coordinates": [ [ [ -80.37635997664259, 25.758390498811451 ], [ -80.37636535492922, 25.758360560795062 ], [ -80.376356566133111, 25.758359214323011 ], [ -80.376365978130977, 25.758306822787436 ], [ -80.376357189340268, 25.758305476315233 ], [ -80.376367945901322, 25.758245600263571 ], [ -80.376359157116696, 25.758244253791286 ], [ -80.376361846256131, 25.758229284776583 ], [ -80.376370635039308, 25.758230631248704 ], [ -80.376374668744532, 25.758208177724956 ], [ -80.376365879963558, 25.758206831253066 ], [ -80.376369913668924, 25.758184377727819 ], [ -80.376361124890394, 25.75818303125542 ], [ -80.376367847731728, 25.758145608709871 ], [ -80.376359058957121, 25.758144262237138 ], [ -80.376365781796352, 25.758106839687148 ], [ -80.376356993025652, 25.758105493214074 ], [ -80.376366404996048, 25.758053101636495 ], [ -80.376357616230734, 25.758051755163244 ], [ -80.3763643390635, 25.758014332602421 ], [ -80.376355550302094, 25.758012986128829 ], [ -80.376359584001179, 25.757990532590245 ], [ -80.376350795242232, 25.757989186116145 ], [ -80.376358862638611, 25.757944279034245 ], [ -80.376350073884296, 25.757942932559899 ], [ -80.376356796711931, 25.757905509986703 ], [ -80.376348007961539, 25.757904163511995 ], [ -80.376333217725133, 25.757986493165699 ], [ -80.376342006483554, 25.757987839641306 ], [ -80.376340661915947, 25.757995324154194 ], [ -80.376331873156815, 25.757993977678495 ], [ -80.376327839450468, 25.758016431215736 ], [ -80.376336628211789, 25.758017777691695 ], [ -80.376335283643286, 25.758025262203795 ], [ -80.376326494881226, 25.758023915727787 ], [ -80.376323805742061, 25.758038884751247 ], [ -80.376332594505584, 25.75804023122744 ], [ -80.376327216227409, 25.758070169272404 ], [ -80.376336004994116, 25.758071515748163 ], [ -80.376334660424718, 25.758079000258988 ], [ -80.376325871657286, 25.758077653783147 ], [ -80.376320493374521, 25.758107591824199 ], [ -80.376329282144866, 25.758108938300385 ], [ -80.376327937574345, 25.758116422810229 ], [ -80.376319148803262, 25.758115076333969 ], [ -80.37631645966006, 25.758130045352953 ], [ -80.376325248432593, 25.758131391829384 ], [ -80.376322559289918, 25.75814636084775 ], [ -80.37633134806417, 25.758147707323591 ], [ -80.376329380270505, 25.758208929865681 ], [ -80.376338169051138, 25.758210276340666 ], [ -80.376335479908249, 25.75822524535565 ], [ -80.376344268690602, 25.758226591830041 ], [ -80.37634230090417, 25.758287814357132 ], [ -80.376351089692903, 25.758289160830689 ], [ -80.376343022260855, 25.75833406786311 ], [ -80.376351811054235, 25.758335414336404 ], [ -80.376345088191528, 25.758372836858499 ], [ -80.376353876988816, 25.758374183331444 ], [ -80.376351187843582, 25.758389152339095 ], [ -80.37635997664259, 25.758390498811451 ] ] ] } },
{ "type": "Feature", "properties": { "hotspot_id": "fiu_hs_132", "area_m2": 355.31851509593599, "depth_max_m": 0.23667573928833008, "depth_mean_m": 0.18670626876218122, "building_frac": 0.0, "lots": null, "roads": null }, "geometry": { "type": "Polygon", "coordinates": [ [ [ -80.38411475357394, 25.75538696897366 ], [ -80.384124160621681, 25.755334576237139 ], [ -80.384132949234029, 25.755335922058627 ], [ -80.384134293096338, 25.755328437381127 ], [ -80.384125504484729, 25.755327091559728 ], [ -80.384128192210127, 25.755312122204291 ], [ -80.384119403600238, 25.755310776382291 ], [ -80.384120747463314, 25.755303291704358 ], [ -80.384129536072493, 25.755304637526283 ], [ -80.384133567658196, 25.755282183491094 ], [ -80.384142356265428, 25.755283529311995 ], [ -80.384146387846883, 25.755261075274824 ], [ -80.384137599241825, 25.755259729454167 ], [ -80.384144318543306, 25.755222306055387 ], [ -80.384135529942156, 25.755220960234382 ], [ -80.384143593100731, 25.755176052149924 ], [ -80.384134804504228, 25.755174706328667 ], [ -80.384140179941625, 25.755144767602154 ], [ -80.384131391348291, 25.755143421780467 ], [ -80.384136041347247, 25.755067229129768 ], [ -80.384119808035933, 25.755057052800534 ], [ -80.384123839612755, 25.755034598748189 ], [ -80.384115051030719, 25.755033252924637 ], [ -80.384117738748913, 25.755018283555589 ], [ -80.384101505448768, 25.755008107221929 ], [ -80.38410553702802, 25.754985653166816 ], [ -80.384087959874577, 25.754982961515402 ], [ -80.384083928290963, 25.755005415570022 ], [ -80.384058906419895, 25.754993893402073 ], [ -80.384057562556265, 25.755001378086519 ], [ -80.384048773978577, 25.755000032257144 ], [ -80.384044742384148, 25.755022486309009 ], [ -80.384035953804528, 25.755021140478657 ], [ -80.38403192220585, 25.755043594528523 ], [ -80.384023133624325, 25.755042248697141 ], [ -80.384021789756915, 25.755049733379973 ], [ -80.384030578339164, 25.75505107921142 ], [ -80.384025202870134, 25.755081017941059 ], [ -80.384033991455581, 25.755082363772086 ], [ -80.384025928249514, 25.755127271861241 ], [ -80.384034716839608, 25.755128617691998 ], [ -80.384030685235672, 25.755151071734197 ], [ -80.384021896643404, 25.755149725903184 ], [ -80.384020552774231, 25.755157210583437 ], [ -80.384029341367238, 25.755158556414525 ], [ -80.384032754487365, 25.755189840964636 ], [ -80.384048987813145, 25.75520001730332 ], [ -80.384046300077671, 25.755214986661972 ], [ -80.38405508867686, 25.755216332490626 ], [ -80.384053744809492, 25.75522381716976 ], [ -80.384090243076258, 25.755221715797664 ], [ -80.384084867617133, 25.755251654514314 ], [ -80.38404226847274, 25.755237440698519 ], [ -80.384039580734964, 25.75525241005522 ], [ -80.384030792132407, 25.755251064225416 ], [ -80.384026760521849, 25.755273518258775 ], [ -80.384044337731595, 25.755276209918158 ], [ -80.384040306123339, 25.755298663950271 ], [ -80.384049094730798, 25.755300009779077 ], [ -80.384047750861669, 25.755307494456137 ], [ -80.384065328078862, 25.75531018611164 ], [ -80.38406398421094, 25.755317670788685 ], [ -80.384089006174975, 25.755329192943599 ], [ -80.384084974575728, 25.755351646973704 ], [ -80.384093763189185, 25.755352992798475 ], [ -80.384091075456652, 25.755367962151066 ], [ -80.384099864071842, 25.755369307975254 ], [ -80.38409717633985, 25.755384277327241 ], [ -80.38411475357394, 25.75538696897366 ] ] ] } },
{ "type": "Feature", "properties": { "hotspot_id": "fiu_hs_133", "area_m2": 67.608174119284428, "depth_max_m": 0.23666787147521973, "depth_mean_m": 0.18776435852050782, "building_frac": 0.0, "lots": null, "roads": null }, "geometry": { "type": "Polygon", "coordinates": [ [ [ -80.374343034900136, 25.753582483327914 ], [ -80.374344379570474, 25.753574998736859 ], [ -80.374361956143019, 25.753577692064535 ], [ -80.37436330081168, 25.753570207473125 ], [ -80.374418719859293, 25.753563318253114 ], [ -80.374430197470915, 25.753549695725681 ], [ -80.374465350612226, 25.75355508234912 ], [ -80.374470729248813, 25.753525143974777 ], [ -80.374381501766706, 25.753519161989868 ], [ -80.37438015710039, 25.753526646582714 ], [ -80.37434365930622, 25.753528744522029 ], [ -80.374322048729894, 25.753548504966115 ], [ -80.374303127491117, 25.753553296222577 ], [ -80.374300438143834, 25.753568265404439 ], [ -80.374343034900136, 25.753582483327914 ] ] ] } },
{ "type": "Feature", "properties": { "hotspot_id": "fiu_hs_134", "area_m2": 88.641828290493038, "depth_max_m": 0.23351204395294189, "depth_mean_m": 0.18810202711719579, "building_frac": 0.0, "lots": null, "roads": null }, "geometry": { "type": "Polygon", "coordinates": [ [ [ -80.381547257591848, 25.756408818546554 ], [ -80.381548601691108, 25.756401333928174 ], [ -80.381574967730941, 25.756405372036689 ], [ -80.381576311827786, 25.756397887417855 ], [ -80.381602677867861, 25.756401925519306 ], [ -80.381604021962289, 25.756394440900017 ], [ -80.381630388002606, 25.756398478994427 ], [ -80.381631732094604, 25.756390994374712 ], [ -80.381640520774525, 25.756392340404581 ], [ -80.381643208956405, 25.756377371164401 ], [ -80.381626975691816, 25.756367194484021 ], [ -80.381631007966604, 25.756344740622197 ], [ -80.381622219291586, 25.756343394591312 ], [ -80.38161611880183, 25.756327079317821 ], [ -80.381598541456071, 25.75632438725259 ], [ -80.381597197362268, 25.756331871873453 ], [ -80.381572175439487, 25.75632034914911 ], [ -80.381570831343481, 25.756327833769724 ], [ -80.381553253998973, 25.75632514169677 ], [ -80.381541777130053, 25.75633876489929 ], [ -80.381514067010698, 25.756342211400948 ], [ -80.381508690604107, 25.756372149877123 ], [ -80.381533712533326, 25.756383672615023 ], [ -80.381522235653705, 25.756397295812857 ], [ -80.381531024332574, 25.756398641852055 ], [ -80.38152968023185, 25.756406126470264 ], [ -80.381547257591848, 25.756408818546554 ] ] ] } },
{ "type": "Feature", "properties": { "hotspot_id": "fiu_hs_135", "area_m2": 108.17307859174386, "depth_max_m": 0.23349511623382568, "depth_mean_m": 0.18141587575276694, "building_frac": 0.0, "lots": null, "roads": null }, "geometry": { "type": "Polygon", "coordinates": [ [ [ -80.377085525830338, 25.760685742463892 ], [ -80.377086870375621, 25.760678258004827 ], [ -80.377139604616985, 25.760686336392308 ], [ -80.377140949157663, 25.760678851932543 ], [ -80.377184894362571, 25.760685583900898 ], [ -80.377186238899384, 25.760678099440529 ], [ -80.377238973149787, 25.760686177777096 ], [ -80.377240317681995, 25.760678693316017 ], [ -80.377293051937727, 25.760686771624872 ], [ -80.377294396465331, 25.760679287163111 ], [ -80.377329552638301, 25.760684672686882 ], [ -80.377330897162764, 25.760677188224616 ], [ -80.377420132123717, 25.760683167516941 ], [ -80.377421476640436, 25.760675683053432 ], [ -80.37743905472955, 25.760678375795159 ], [ -80.377440399244591, 25.760670891331298 ], [ -80.377475555423146, 25.760676276805338 ], [ -80.377476899935033, 25.76066879234094 ], [ -80.377485688979604, 25.760670138707471 ], [ -80.377488378001217, 25.760655169777948 ], [ -80.377479588958082, 25.76065382341158 ], [ -80.377478244446678, 25.760661307876379 ], [ -80.377443088273935, 25.760655922402986 ], [ -80.37744443278828, 25.760648437938535 ], [ -80.377435643746495, 25.76064709156838 ], [ -80.377434299231425, 25.760654576032753 ], [ -80.377416721147213, 25.760651883290009 ], [ -80.377415376630466, 25.76065936775402 ], [ -80.377353853339116, 25.76064994313003 ], [ -80.37735250881704, 25.760657427593259 ], [ -80.377334930734762, 25.760654734836571 ], [ -80.377333586210995, 25.760662219299437 ], [ -80.377289641006385, 25.760655487394086 ], [ -80.377278162909292, 25.760669109934909 ], [ -80.377260584826971, 25.760666417165634 ], [ -80.377261929357033, 25.760658932703809 ], [ -80.377226773198529, 25.760653547156505 ], [ -80.377225428665554, 25.760661031617989 ], [ -80.377181483469826, 25.760654299666417 ], [ -80.377180138932971, 25.76066178412729 ], [ -80.377144982778347, 25.760656398552083 ], [ -80.377143638238365, 25.760663883012416 ], [ -80.37710848208512, 25.760658497424796 ], [ -80.377107137541984, 25.760665981884621 ], [ -80.37706319235285, 25.760659249882639 ], [ -80.377061847805834, 25.760666734341861 ], [ -80.377044269730618, 25.760664041535588 ], [ -80.37705036967192, 25.760680356856785 ], [ -80.377085525830338, 25.760685742463892 ] ] ] } },
{ "type": "Feature", "properties": { "hotspot_id": "fiu_hs_136", "area_m2": 95.402645703774965, "depth_max_m": 0.23229527473449707, "depth_mean_m": 0.17937912527970443, "building_frac": 0.0, "lots": null, "roads": null }, "geometry": { "type": "Polygon", "coordinates": [ [ [ -80.370943328106222, 25.756722224192572 ], [ -80.370946018122766, 25.756707255247509 ], [ -80.370954806670397, 25.75670860218866 ], [ -80.370958841691291, 25.756686148769354 ], [ -80.370967630237018, 25.756687495709492 ], [ -80.370973010258751, 25.756657557814034 ], [ -80.370981798801836, 25.756658904753063 ], [ -80.370985833813521, 25.756636451329175 ], [ -80.370994622354686, 25.756637798267217 ], [ -80.370995967357402, 25.756630313792119 ], [ -80.370987178816961, 25.756628966854176 ], [ -80.370989868823159, 25.75661399790356 ], [ -80.370981080284452, 25.756612650965028 ], [ -80.370986460297004, 25.756582713061789 ], [ -80.370968883226226, 25.756580019183112 ], [ -80.370971573234058, 25.756565050230652 ], [ -80.370962784700524, 25.756563703290343 ], [ -80.370968164716317, 25.756533765383445 ], [ -80.370919468560885, 25.756503230296985 ], [ -80.370907990018083, 25.756516852305808 ], [ -80.370924222067316, 25.756527030672217 ], [ -80.370922877060067, 25.756534515148822 ], [ -80.370949242650838, 25.756538555978082 ], [ -80.370918933996478, 25.756656960637574 ], [ -80.370927722538653, 25.756658307581233 ], [ -80.37092234250143, 25.756688245474248 ], [ -80.370931131046817, 25.756689592417473 ], [ -80.370925751008841, 25.756719530307706 ], [ -80.370943328106222, 25.756722224192572 ] ] ] } },
{ "type": "Feature", "properties": { "hotspot_id": "fiu_hs_137", "area_m2": 90.1442321592518, "depth_max_m": 0.23099946975708008, "depth_mean_m": 0.18260237375895183, "building_frac": 0.0, "lots": null, "roads": null }, "geometry": { "type": "Polygon", "coordinates": [ [ [ -80.374377218498637, 25.759624816011417 ], [ -80.374378563258645, 25.759617331562673 ], [ -80.374432641368571, 25.759617926915574 ], [ -80.374433986123748, 25.759610442465931 ], [ -80.374486719479222, 25.759618522240022 ], [ -80.374485374728422, 25.759626006690173 ], [ -80.374554341144801, 25.7596442641312 ], [ -80.374565819530645, 25.759630641850123 ], [ -80.374549586485031, 25.759620464157852 ], [ -80.374550931230274, 25.759612979706745 ], [ -80.374559720124225, 25.759614326327661 ], [ -80.374553620720064, 25.759598010803963 ], [ -80.374562409612565, 25.759599357424701 ], [ -80.374563754356387, 25.759591872972948 ], [ -80.374590121033307, 25.759595912830374 ], [ -80.374611733038449, 25.759576152707201 ], [ -80.374529943537453, 25.759579002034144 ], [ -80.374528598790945, 25.759586486485759 ], [ -80.374475865450862, 25.759578406732292 ], [ -80.374474520699749, 25.759585891183242 ], [ -80.374449498784458, 25.759574366845371 ], [ -80.374438020387913, 25.759587989115889 ], [ -80.374420442609278, 25.7595852958523 ], [ -80.374408964206793, 25.759598918119107 ], [ -80.374382597537306, 25.759594878215292 ], [ -80.374371119127687, 25.759608500477452 ], [ -80.374343407694369, 25.759611945012669 ], [ -80.374342062931447, 25.759619429461093 ], [ -80.374377218498637, 25.759624816011417 ] ] ] } },
{ "type": "Feature", "properties": { "hotspot_id": "fiu_hs_138", "area_m2": 60.847356705736352, "depth_max_m": 0.23081779479980469, "depth_mean_m": 0.178985607476882, "building_frac": 0.0, "lots": null, "roads": "East Campus Circle" }, "geometry": { "type": "Polygon", "coordinates": [ [ [ -80.370843537771407, 25.757729779837724 ], [ -80.370844882803738, 25.757722295390398 ], [ -80.370853671451471, 25.757723642335854 ], [ -80.370859051575593, 25.757693704544277 ], [ -80.370867840220669, 25.757695051488636 ], [ -80.370874565367032, 25.757657629244367 ], [ -80.370883354008726, 25.757658976187564 ], [ -80.370898149302491, 25.757576647232185 ], [ -80.370879227008359, 25.757581437798162 ], [ -80.370876536953631, 25.757596406700166 ], [ -80.370858959683218, 25.757593712811317 ], [ -80.370854924595037, 25.757616166162382 ], [ -80.370846135958033, 25.757614819216577 ], [ -80.37084479092745, 25.757622303666455 ], [ -80.370853579565178, 25.757623650612352 ], [ -80.370852234535107, 25.757631135062113 ], [ -80.370833312226708, 25.757635925618825 ], [ -80.370829277130028, 25.757658378965878 ], [ -80.370820488489201, 25.757657032018081 ], [ -80.37081914345579, 25.757664516466608 ], [ -80.370827932097356, 25.757665863414513 ], [ -80.370822551964338, 25.757695801207102 ], [ -80.370838784221704, 25.757705979549122 ], [ -80.37083474912319, 25.75772843289143 ], [ -80.370843537771407, 25.757729779837724 ] ] ] } },
{ "type": "Feature", "properties": { "hotspot_id": "fiu_hs_139", "area_m2": 64.603366382207042, "depth_max_m": 0.2296067476272583, "depth_mean_m": 0.17360529788704807, "building_frac": 0.0, "lots": null, "roads": null }, "geometry": { "type": "Polygon", "coordinates": [ [ [ -80.369531863040706, 25.755129264924246 ], [ -80.369533208145043, 25.755121780432628 ], [ -80.369550784879692, 25.755124474568937 ], [ -80.369553475084757, 25.755109505584784 ], [ -80.369535898353021, 25.755106811448805 ], [ -80.369537243456662, 25.755099326956607 ], [ -80.369512223468888, 25.755087801255058 ], [ -80.369515541052365, 25.755019093746508 ], [ -80.369506752696012, 25.755017746675282 ], [ -80.369513478217556, 25.754980324203711 ], [ -80.369504689865096, 25.754978977132119 ], [ -80.369512760487765, 25.754934070160317 ], [ -80.369503972139952, 25.754932723088487 ], [ -80.369506662347121, 25.754917754096486 ], [ -80.369497874001041, 25.754916407024062 ], [ -80.369492493582868, 25.754946345006932 ], [ -80.369501281931861, 25.7549476920797 ], [ -80.369497246617996, 25.754970145565046 ], [ -80.369488458266815, 25.754968798492051 ], [ -80.369480387628514, 25.755013705457042 ], [ -80.369489175984071, 25.755015052530538 ], [ -80.369481105341904, 25.755059959489 ], [ -80.369489893702109, 25.755061306562254 ], [ -80.3694682816556, 25.755081065891375 ], [ -80.369484513272297, 25.75509124453102 ], [ -80.369481823056034, 25.755106213514214 ], [ -80.369499399785994, 25.755108907659444 ], [ -80.36949670957172, 25.755123876642216 ], [ -80.369531863040706, 25.755129264924246 ] ] ] } },
{ "type": "Feature", "properties": { "hotspot_id": "fiu_hs_140", "area_m2": 89.393030224791843, "depth_max_m": 0.22731614112854004, "depth_mean_m": 0.17363729396788011, "building_frac": 0.0, "lots": "107th Avenue Entrance Apartments Parking Lot", "roads": null }, "geometry": { "type": "Polygon", "coordinates": [ [ [ -80.368986807642571, 25.757860493190073 ], [ -80.368988152835257, 25.757853008770098 ], [ -80.369005730100199, 25.75785570297629 ], [ -80.369009765672473, 25.757833249714729 ], [ -80.369018554303167, 25.757834596816434 ], [ -80.369019899492741, 25.757827112395422 ], [ -80.369028688122967, 25.757828459496281 ], [ -80.369024652555723, 25.757850912758961 ], [ -80.369033441188407, 25.757852259859312 ], [ -80.369038821941345, 25.757822322175056 ], [ -80.369065187832248, 25.757826363470603 ], [ -80.369076666832342, 25.757812741723637 ], [ -80.369094244091926, 25.757815435915052 ], [ -80.36909693445736, 25.757800467069984 ], [ -80.369114511715097, 25.757803161258014 ], [ -80.369115856896016, 25.757795676835041 ], [ -80.369098279639715, 25.757792982647153 ], [ -80.369099624821857, 25.757785498224131 ], [ -80.369064470315436, 25.75778010983964 ], [ -80.369058372060394, 25.757763793895823 ], [ -80.369032006188604, 25.757759752597721 ], [ -80.369030661001091, 25.75776723702047 ], [ -80.368995506506224, 25.757761848612088 ], [ -80.36898402750019, 25.757775470352193 ], [ -80.368966450251989, 25.757772776141607 ], [ -80.368962414671401, 25.757795229405762 ], [ -80.368944837419917, 25.757792535191669 ], [ -80.368943492224474, 25.757800019612507 ], [ -80.368969858104279, 25.75780406093277 ], [ -80.368975956345679, 25.757820376879746 ], [ -80.369002322233101, 25.757824418191412 ], [ -80.368999631850798, 25.757839387032877 ], [ -80.368971920765333, 25.757842830140913 ], [ -80.368969230377274, 25.757857798980702 ], [ -80.368986807642571, 25.757860493190073 ] ] ] } },
{ "type": "Feature", "properties": { "hotspot_id": "fiu_hs_141", "area_m2": 84.88581861654157, "depth_max_m": 0.22695887088775635, "depth_mean_m": 0.18763601252463011, "building_frac": 0.0, "lots": null, "roads": null }, "geometry": { "type": "Polygon", "coordinates": [ [ [ -80.372272610261348, 25.760732759790837 ], [ -80.372273955217821, 25.760725275395771 ], [ -80.37228274418824, 25.760726622206398 ], [ -80.372285434099055, 25.760711653415523 ], [ -80.372303012037762, 25.760714347034213 ], [ -80.372315116611944, 25.760646987464092 ], [ -80.372306327649014, 25.76064564065587 ], [ -80.372307672601295, 25.760638156258295 ], [ -80.372281305716299, 25.760634115829369 ], [ -80.372283995624528, 25.760619147034152 ], [ -80.372275206664867, 25.760617800223155 ], [ -80.37227655161935, 25.760610315825339 ], [ -80.372242740743502, 25.760597444176454 ], [ -80.372240050828907, 25.760612412971636 ], [ -80.372231261870596, 25.760611066156844 ], [ -80.372225882035735, 25.76064100374451 ], [ -80.37223467099696, 25.76064235055961 ], [ -80.372231981079608, 25.760657319352454 ], [ -80.372240770042566, 25.760658666166972 ], [ -80.372232700289402, 25.760703572541331 ], [ -80.372248933266661, 25.760713750564282 ], [ -80.372247588308227, 25.760721234959302 ], [ -80.372272610261348, 25.760732759790837 ] ] ] } },
{ "type": "Feature", "properties": { "hotspot_id": "fiu_hs_142", "area_m2": 292.21755258467169, "depth_max_m": 0.22662794589996338, "depth_mean_m": 0.18119592347917335, "building_frac": 0.0, "lots": "W5&W6 Parking Lot", "roads": null }, "geometry": { "type": "Polygon", "coordinates": [ [ [ -80.382147471819962, 25.756385385988473 ], [ -80.38214881586768, 25.756377901361709 ], [ -80.382140027181421, 25.756376555375191 ], [ -80.382141371229622, 25.756369070748285 ], [ -80.382150159915156, 25.756370416734722 ], [ -80.38215284800944, 25.75635544748021 ], [ -80.382135270641555, 25.75635275550691 ], [ -80.382133926593085, 25.7563602401341 ], [ -80.382108904591746, 25.756348717541286 ], [ -80.382110248642192, 25.756341232914139 ], [ -80.382127826006993, 25.756343924891809 ], [ -80.382129170055762, 25.756336440264302 ], [ -80.3821555361028, 25.756340478224899 ], [ -80.382160912286778, 25.756310539711954 ], [ -80.382144678974512, 25.756300363111084 ], [ -80.382147367067589, 25.756285393853386 ], [ -80.382138578390609, 25.756284047866348 ], [ -80.382143954576918, 25.756254109348927 ], [ -80.382135165903122, 25.756252763361481 ], [ -80.382143230180063, 25.756207855580062 ], [ -80.382126996888843, 25.756197678973109 ], [ -80.382131029027903, 25.75617522507968 ], [ -80.382103318983326, 25.756178671741811 ], [ -80.382106007079713, 25.756163702479434 ], [ -80.382097218415566, 25.756162356488357 ], [ -80.382099906512508, 25.756147387225372 ], [ -80.382091117850067, 25.756146041233691 ], [ -80.382092461898921, 25.756138556602004 ], [ -80.382057307254811, 25.756133172628058 ], [ -80.382035697774015, 25.756152934529574 ], [ -80.382044486436271, 25.756154280525948 ], [ -80.382041798329681, 25.756169249787153 ], [ -80.382050586993671, 25.756170595782947 ], [ -80.382049242940766, 25.756178080413338 ], [ -80.382020188836492, 25.756189011683158 ], [ -80.382014088283469, 25.756172696425303 ], [ -80.381996510956441, 25.756170004426746 ], [ -80.381992478783204, 25.756192458315265 ], [ -80.382001267448771, 25.756193804315174 ], [ -80.381999923391291, 25.756201288944382 ], [ -80.38202763344708, 25.756197842310353 ], [ -80.382024945336269, 25.756212811569068 ], [ -80.381997235275648, 25.756216258202201 ], [ -80.382003335828571, 25.756232573458796 ], [ -80.381994547159081, 25.756231227459239 ], [ -80.381990514982533, 25.756253681343356 ], [ -80.382006748268282, 25.75626385797003 ], [ -80.382002716093353, 25.756286311852303 ], [ -80.382011504768471, 25.756287657850944 ], [ -80.38200881665216, 25.756302627104969 ], [ -80.382041283249777, 25.756322980346539 ], [ -80.382034562967277, 25.756360403477952 ], [ -80.382043351650296, 25.756361749473534 ], [ -80.382044695706526, 25.756354264847548 ], [ -80.382071061755056, 25.756358302829565 ], [ -80.382069717701, 25.756365787455788 ], [ -80.38211500517464, 25.756365032784444 ], [ -80.382121105759794, 25.756381348026402 ], [ -80.382147471819962, 25.756385385988473 ] ] ] } },
{ "type": "Feature", "properties": { "hotspot_id": "fiu_hs_143", "area_m2": 101.41226117978239, "depth_max_m": 0.22611629962921143, "depth_mean_m": 0.17717666625976564, "building_frac": 0.0, "lots": "CSC Compound Parking Lot", "roads": null }, "geometry": { "type": "Polygon", "coordinates": [ [ [ -80.382366013075341, 25.754011731028719 ], [ -80.382367357068077, 25.754004246342983 ], [ -80.382411299331721, 25.754010976221355 ], [ -80.382422775761285, 25.753997352821766 ], [ -80.382440352666251, 25.754000044765959 ], [ -80.382439008679825, 25.754007529452728 ], [ -80.382466718025739, 25.754004082676598 ], [ -80.38246806200975, 25.753996597989378 ], [ -80.3824869828983, 25.753991805238293 ], [ -80.382501147275207, 25.753963212452714 ], [ -80.382483570375754, 25.753960520518589 ], [ -80.382486258339355, 25.753945551141477 ], [ -80.382477469891484, 25.753944205173429 ], [ -80.382478813873661, 25.753936720484656 ], [ -80.382443660087802, 25.75393133660528 ], [ -80.382445004072679, 25.753923851916657 ], [ -80.382427427182805, 25.753921159972599 ], [ -80.382426083196492, 25.753928644661062 ], [ -80.382399717861546, 25.753924606739055 ], [ -80.382395685894608, 25.753947060802524 ], [ -80.382378109001621, 25.753944368850242 ], [ -80.382375421019603, 25.753959338224604 ], [ -80.382366632572058, 25.753957992247152 ], [ -80.38236528857999, 25.753965476933946 ], [ -80.382337579242261, 25.753968923683207 ], [ -80.382343679702245, 25.753985239035391 ], [ -80.382359912609374, 25.753995415679224 ], [ -80.382357224622695, 25.754010385050691 ], [ -80.382366013075341, 25.754011731028719 ] ] ] } },
{ "type": "Feature", "properties": { "hotspot_id": "fiu_hs_144", "area_m2": 124.69952115302708, "depth_max_m": 0.22480714321136475, "depth_mean_m": 0.17172503184123211, "building_frac": 0.0, "lots": null, "roads": null }, "geometry": { "type": "Polygon", "coordinates": [ [ [ -80.370621421048554, 25.758764728288746 ], [ -80.370629491447943, 25.758719821766 ], [ -80.370620702703889, 25.758718474805626 ], [ -80.370622047770368, 25.758710990384575 ], [ -80.370630836513698, 25.758712337344861 ], [ -80.370633526644539, 25.758697368501995 ], [ -80.370624737902673, 25.75869602154188 ], [ -80.370635498422644, 25.758636146163298 ], [ -80.370626709686874, 25.75863479920308 ], [ -80.370636125134922, 25.758582408237221 ], [ -80.37064491386559, 25.758583755196835 ], [ -80.370646258927948, 25.758576270772295 ], [ -80.370630026531927, 25.75856609242787 ], [ -80.37063540678399, 25.758536154727572 ], [ -80.370626618058225, 25.758534807766946 ], [ -80.370629308184348, 25.758519838915809 ], [ -80.370620519460331, 25.758518491954561 ], [ -80.37062455464995, 25.75849603867664 ], [ -80.370615765928378, 25.758494691714901 ], [ -80.370621146180923, 25.758464754008628 ], [ -80.370612357462534, 25.758463407046467 ], [ -80.370615047588885, 25.758448438192335 ], [ -80.370598815220134, 25.758438259838865 ], [ -80.370597470155843, 25.758445744266066 ], [ -80.370588681439727, 25.758444397301798 ], [ -80.370584646243287, 25.758466850581971 ], [ -80.370593434961592, 25.758468197546485 ], [ -80.370588054699382, 25.758498135250992 ], [ -80.370579265978179, 25.758496788286156 ], [ -80.37057657584424, 25.758511757137061 ], [ -80.370585364566907, 25.758513104102068 ], [ -80.370579984299198, 25.758543041801918 ], [ -80.370588773025062, 25.758544388766524 ], [ -80.37058070262097, 25.758589295310951 ], [ -80.370589491351481, 25.758590642275273 ], [ -80.370586801216405, 25.758605611122039 ], [ -80.37059558994865, 25.758606958085775 ], [ -80.370591554746511, 25.75862941135469 ], [ -80.370600343481186, 25.758630758317917 ], [ -80.37059227307509, 25.758675664851022 ], [ -80.370601061814412, 25.758677011814015 ], [ -80.370597026610454, 25.75869946507818 ], [ -80.370605815352235, 25.758700812040662 ], [ -80.370603843551976, 25.758762034366271 ], [ -80.370621421048554, 25.758764728288746 ] ] ] } },
{ "type": "Feature", "properties": { "hotspot_id": "fiu_hs_145", "area_m2": 102.91466504975634, "depth_max_m": 0.22305464744567871, "depth_mean_m": 0.19032682989635608, "building_frac": 0.0, "lots": null, "roads": null }, "geometry": { "type": "Polygon", "coordinates": [ [ [ -80.374191080572018, 25.755835620734423 ], [ -80.374192425289834, 25.755828136198598 ], [ -80.374210002308956, 25.755830829533068 ], [ -80.37421134702511, 25.75582334499688 ], [ -80.374240401980828, 25.755812415919227 ], [ -80.374243091407124, 25.755797446845001 ], [ -80.374262013133006, 25.755792655633496 ], [ -80.37426470255501, 25.755777686557785 ], [ -80.374283624275449, 25.755772895342016 ], [ -80.374285593441599, 25.755711672368314 ], [ -80.374250439447522, 25.755706285720127 ], [ -80.374249094736513, 25.75571377025959 ], [ -80.374231517739616, 25.755711076930798 ], [ -80.37423017302693, 25.755718561469902 ], [ -80.374213940743829, 25.755708383598989 ], [ -80.374211251315288, 25.755723352676661 ], [ -80.374202462816342, 25.755722006009446 ], [ -80.374190360370022, 25.755789366848603 ], [ -80.374172783359796, 25.755786673510428 ], [ -80.374164715043165, 25.755831580726802 ], [ -80.374191080572018, 25.755835620734423 ] ] ] } },
{ "type": "Feature", "properties": { "hotspot_id": "fiu_hs_146", "area_m2": 136.71875210833275, "depth_max_m": 0.22250831127166748, "depth_mean_m": 0.17483082446423207, "building_frac": 0.0, "lots": "East of PAC Parking Lot", "roads": null }, "geometry": { "type": "Polygon", "coordinates": [ [ [ -80.369402534814199, 25.752633036321285 ], [ -80.369414013082732, 25.752619414313383 ], [ -80.369422801197516, 25.752620761402742 ], [ -80.369421456122083, 25.752628245952017 ], [ -80.369465396703745, 25.752634981387871 ], [ -80.369466741775526, 25.752627496838169 ], [ -80.369493106125574, 25.752631538090348 ], [ -80.369494451194939, 25.752624053540242 ], [ -80.369538391780111, 25.752630788945002 ], [ -80.369549870027228, 25.752617166921837 ], [ -80.369576234378002, 25.752621208152849 ], [ -80.369587712618014, 25.752607586125055 ], [ -80.369659362610861, 25.752610878147848 ], [ -80.369660707665744, 25.752603393595056 ], [ -80.369669495782702, 25.752604740663426 ], [ -80.369672185890309, 25.752589771557087 ], [ -80.369637033429839, 25.752584383279782 ], [ -80.369635688373251, 25.752591867832709 ], [ -80.369601880973718, 25.75257899499039 ], [ -80.369600535914202, 25.752586479542991 ], [ -80.369467369160517, 25.752573757899924 ], [ -80.369466024089618, 25.752581242450891 ], [ -80.369448447866873, 25.752578548278468 ], [ -80.369447102794297, 25.752586032829072 ], [ -80.369411950349161, 25.752580644474811 ], [ -80.369410605273416, 25.752588129024907 ], [ -80.369393029051011, 25.75258543484308 ], [ -80.369391683973603, 25.752592919392796 ], [ -80.369374107750801, 25.752590225207769 ], [ -80.369362629479923, 25.752603847212484 ], [ -80.36932747703284, 25.752598458829688 ], [ -80.369333574979009, 25.752614775023613 ], [ -80.369359939319096, 25.752618816310065 ], [ -80.369358594238349, 25.752626300858562 ], [ -80.369395091776326, 25.752624204681439 ], [ -80.369393746698492, 25.752631689230263 ], [ -80.369402534814199, 25.752633036321285 ] ] ] } },
{ "type": "Feature", "properties": { "hotspot_id": "fiu_hs_147", "area_m2": 139.72355984740048, "depth_max_m": 0.22179484367370605, "depth_mean_m": 0.17978383136051956, "building_frac": 0.0, "lots": null, "roads": null }, "geometry": { "type": "Polygon", "coordinates": [ [ [ -80.374403489243875, 25.759528864797218 ], [ -80.374404834000174, 25.759521380345863 ], [ -80.374450123168003, 25.759520629055228 ], [ -80.374451467920181, 25.75951314460308 ], [ -80.374477834568296, 25.759517184490281 ], [ -80.374479179318058, 25.75950970003769 ], [ -80.37449675708335, 25.759512393291896 ], [ -80.374498101831449, 25.75950490883892 ], [ -80.374524468479223, 25.759508948714295 ], [ -80.374525813224892, 25.759501464260889 ], [ -80.37454339098997, 25.759504157507198 ], [ -80.374544735733949, 25.759496673053413 ], [ -80.374571102381395, 25.75950071291695 ], [ -80.374573791864307, 25.759485744008341 ], [ -80.374591369627709, 25.759488437246588 ], [ -80.374594059106784, 25.759473468336875 ], [ -80.374611636868337, 25.759476161571762 ], [ -80.374614326343604, 25.759461192660932 ], [ -80.374589304445507, 25.759449668352499 ], [ -80.374590649184739, 25.759442183896866 ], [ -80.374566972036149, 25.759423175126205 ], [ -80.374568316776902, 25.75941569067022 ], [ -80.374550739028763, 25.75941299742744 ], [ -80.374539260669039, 25.759426619716169 ], [ -80.374485182676295, 25.759426024418946 ], [ -80.374477114184941, 25.759470931143952 ], [ -80.374448058047435, 25.759481860162243 ], [ -80.374446713295427, 25.759489344615098 ], [ -80.374410213023097, 25.759491442538526 ], [ -80.374412902533152, 25.759476473633672 ], [ -80.37439666953378, 25.759466295912301 ], [ -80.374391290507802, 25.759496233721343 ], [ -80.374400079387613, 25.759497580356371 ], [ -80.374397389874702, 25.759512549259874 ], [ -80.374379812112437, 25.759509855988703 ], [ -80.374368333713505, 25.759523478254234 ], [ -80.374403489243875, 25.759528864797218 ] ] ] } },
{ "type": "Feature", "properties": { "hotspot_id": "fiu_hs_148", "area_m2": 65.354568315661837, "depth_max_m": 0.21889257431030273, "depth_mean_m": 0.17816315574207525, "building_frac": 0.47984612655323289, "lots": null, "roads": null }, "geometry": { "type": "Polygon", "coordinates": [ [ [ -80.372529745306878, 25.752366345368177 ], [ -80.372531090113213, 25.752358860772091 ], [ -80.372570277069912, 25.75234179427412 ], [ -80.372571621872424, 25.752334309676915 ], [ -80.372589198142109, 25.752337003317955 ], [ -80.372600675877308, 25.752323380941856 ], [ -80.372618252145699, 25.752326074578011 ], [ -80.372623631337035, 25.752296136184047 ], [ -80.372607399873189, 25.752285957949749 ], [ -80.372606055074471, 25.752293442548542 ], [ -80.372566868146322, 25.752310509062749 ], [ -80.372565523343781, 25.752317993660466 ], [ -80.372539158946466, 25.752313953191479 ], [ -80.372536469336296, 25.752328922385782 ], [ -80.372467509088011, 25.752310663170814 ], [ -80.372468853898809, 25.752303178574227 ], [ -80.372452622451632, 25.752293000315721 ], [ -80.37245531207499, 25.752278031121893 ], [ -80.372420159568549, 25.752272643790054 ], [ -80.372433701381468, 25.75229779124745 ], [ -80.372451277639598, 25.752300484912347 ], [ -80.372457376145789, 25.752316800936484 ], [ -80.372466164276986, 25.752318147767198 ], [ -80.372463474654239, 25.752333116959431 ], [ -80.372497282378774, 25.752345988871578 ], [ -80.372503380896674, 25.752362304890656 ], [ -80.372529745306878, 25.752366345368177 ] ] ] } },
{ "type": "Feature", "properties": { "hotspot_id": "fiu_hs_149", "area_m2": 74.368991531193487, "depth_max_m": 0.21887612342834473, "depth_mean_m": 0.17556015168777619, "building_frac": 0.0, "lots": null, "roads": null }, "geometry": { "type": "Polygon", "coordinates": [ [ [ -80.371070402812009, 25.756718627880559 ], [ -80.371071747809495, 25.756711143406385 ], [ -80.371090669905485, 25.756706352791866 ], [ -80.371093359896406, 25.756691383842181 ], [ -80.371102148444706, 25.756692730770812 ], [ -80.371106183427173, 25.756670277344604 ], [ -80.371082507781139, 25.756651267605957 ], [ -80.371083852776579, 25.75664378313002 ], [ -80.371075064233438, 25.756642436199634 ], [ -80.371077754225055, 25.75662746724737 ], [ -80.371068965683634, 25.756626120316394 ], [ -80.371079725646766, 25.756566244500181 ], [ -80.371070937111483, 25.756564897569117 ], [ -80.371068247120618, 25.756579866524163 ], [ -80.371049325050663, 25.756584657136489 ], [ -80.371046635055507, 25.756599626090043 ], [ -80.371037846517368, 25.756598279156297 ], [ -80.371025741521251, 25.756665639436907 ], [ -80.371034530065955, 25.756666986371407 ], [ -80.371030495065312, 25.756689439795032 ], [ -80.371039283612475, 25.756690786729035 ], [ -80.371036593612359, 25.756705755677316 ], [ -80.371045382161228, 25.756707102610708 ], [ -80.371044037161553, 25.756714587084641 ], [ -80.371070402812009, 25.756718627880559 ] ] ] } },
{ "type": "Feature", "properties": { "hotspot_id": "fiu_hs_150", "area_m2": 86.388222486640501, "depth_max_m": 0.21536934375762939, "depth_mean_m": 0.17650330584982168, "building_frac": 0.0, "lots": "Riccardo Silva Stadium Parking Lot", "roads": null }, "geometry": { "type": "Polygon", "coordinates": [ [ [ -80.378982074160888, 25.75309350118933 ], [ -80.378983418428135, 25.753086016526108 ], [ -80.379000995045104, 25.753088709065537 ], [ -80.379002339310645, 25.753081224401967 ], [ -80.379037492544896, 25.753086609471438 ], [ -80.379048969377251, 25.753072986408345 ], [ -80.3790753343022, 25.75307702519974 ], [ -80.379086811127465, 25.753063402132018 ], [ -80.379104387743055, 25.753066094653978 ], [ -80.379115864562351, 25.753052471582553 ], [ -80.379142229484231, 25.753056510357055 ], [ -80.379143573737238, 25.753049025690871 ], [ -80.379180071217121, 25.753046926045926 ], [ -80.379184103965372, 25.753024472044643 ], [ -80.379167871606057, 25.753014294868628 ], [ -80.379169215856251, 25.753006810201104 ], [ -80.379160427553259, 25.753005463945783 ], [ -80.3791631160544, 25.752990494610348 ], [ -80.379154327753128, 25.752989148354434 ], [ -80.379150294998894, 25.753011602357066 ], [ -80.379123930090145, 25.753007563584038 ], [ -80.379112453277969, 25.753021186658305 ], [ -80.379094876671118, 25.753018494137333 ], [ -80.379083399853002, 25.753032117207884 ], [ -80.379058379201012, 25.753020593752243 ], [ -80.379055690681085, 25.753035563083532 ], [ -80.379046902376956, 25.75303421681863 ], [ -80.379044213854655, 25.753049186149003 ], [ -80.379035425549318, 25.75304783988317 ], [ -80.379034081287116, 25.753055324547972 ], [ -80.379016504675832, 25.753052632013894 ], [ -80.379005027841075, 25.753066255074248 ], [ -80.378987451228483, 25.75306356253531 ], [ -80.378975974387785, 25.753077185591923 ], [ -80.378967186080715, 25.753075839320402 ], [ -80.378973285852084, 25.753092154918402 ], [ -80.378982074160888, 25.75309350118933 ] ] ] } },
{ "type": "Feature", "properties": { "hotspot_id": "fiu_hs_151", "area_m2": 63.100962512725687, "depth_max_m": 0.2152714729309082, "depth_mean_m": 0.16736630031040736, "building_frac": 0.0, "lots": "PAC Loading Area Parking Lot", "roads": null }, "geometry": { "type": "Polygon", "coordinates": [ [ [ -80.372132149753611, 25.752920666578841 ], [ -80.372141563689993, 25.752868274530211 ], [ -80.372132775508689, 25.752866927674098 ], [ -80.372134120356563, 25.752859443095033 ], [ -80.372142908537128, 25.75286078995105 ], [ -80.37214559823073, 25.752845820792171 ], [ -80.372154386410116, 25.752847167647264 ], [ -80.372157076101317, 25.752832198487436 ], [ -80.372148287923395, 25.752830851632499 ], [ -80.372155012151055, 25.752793428729909 ], [ -80.37214622397704, 25.752792081874635 ], [ -80.372148913667957, 25.752777112712398 ], [ -80.372140125495676, 25.752775765856537 ], [ -80.372144160032505, 25.752753312111995 ], [ -80.372126583693117, 25.752750618398476 ], [ -80.372123893999202, 25.752765587561374 ], [ -80.372096184638281, 25.752769031565855 ], [ -80.372094839788573, 25.752776516146575 ], [ -80.372111071283669, 25.752786694445955 ], [ -80.372104347037805, 25.752824117346464 ], [ -80.372113135214377, 25.752825464205181 ], [ -80.372110445515872, 25.752840433364188 ], [ -80.372101657337851, 25.752839086505318 ], [ -80.372098967636973, 25.752854055663363 ], [ -80.372107755816458, 25.752855402522417 ], [ -80.372105066116134, 25.752870371679887 ], [ -80.372113854297339, 25.75287171853833 ], [ -80.372111164597555, 25.75288668769517 ], [ -80.372119952780508, 25.752888034553035 ], [ -80.372114573381083, 25.752917972864712 ], [ -80.372132149753611, 25.752920666578841 ] ] ] } },
{ "type": "Feature", "properties": { "hotspot_id": "fiu_hs_152", "area_m2": 62.349760576981637, "depth_max_m": 0.21330094337463379, "depth_mean_m": 0.17300864300095892, "building_frac": 0.0, "lots": null, "roads": null }, "geometry": { "type": "Polygon", "coordinates": [ [ [ -80.374534360090294, 25.752919642588353 ], [ -80.374535704734171, 25.752912157979132 ], [ -80.374598566937294, 25.752914099908118 ], [ -80.374620177295157, 25.752894339366385 ], [ -80.374611389073223, 25.752892992722078 ], [ -80.374612733710123, 25.75288550811122 ], [ -80.374577580827946, 25.752880121526744 ], [ -80.374576236188133, 25.752887606137257 ], [ -80.374505930430914, 25.752876832931349 ], [ -80.374504585785047, 25.752884317541007 ], [ -80.374432935387318, 25.752881028894809 ], [ -80.374421457863576, 25.752894651451296 ], [ -80.374403881425977, 25.752891958127975 ], [ -80.374402536771186, 25.752899442735959 ], [ -80.374534360090294, 25.752919642588353 ] ] ] } },
{ "type": "Feature", "properties": { "hotspot_id": "fiu_hs_153", "area_m2": 149.48918499771082, "depth_max_m": 0.2117079496383667, "depth_mean_m": 0.17470404850178628, "building_frac": 0.0, "lots": "East of PAC Parking Lot", "roads": null }, "geometry": { "type": "Polygon", "coordinates": [ [ [ -80.371283290153116, 25.753021289611901 ], [ -80.371284635075796, 25.753013805047598 ], [ -80.371319787809384, 25.753019192754717 ], [ -80.371321132728923, 25.753011708189874 ], [ -80.371410359486489, 25.753017692838061 ], [ -80.371411704398284, 25.753010208271991 ], [ -80.371429280767714, 25.753012902105407 ], [ -80.371430625677817, 25.75300541753899 ], [ -80.371511064250384, 25.753010055183751 ], [ -80.371516443861324, 25.752980116912319 ], [ -80.371463714767913, 25.752972035446849 ], [ -80.371462369861149, 25.75297952001452 ], [ -80.371436005315914, 25.752975479271317 ], [ -80.371437350224852, 25.752967994703923 ], [ -80.371421118774336, 25.752957816304082 ], [ -80.371423808594002, 25.75294284716864 ], [ -80.371406232238755, 25.752940153333704 ], [ -80.371403542416189, 25.752955122468816 ], [ -80.371385966059108, 25.752952428630522 ], [ -80.371384621146007, 25.752959913197618 ], [ -80.371331892076896, 25.752951831664078 ], [ -80.371330547159204, 25.752959316230477 ], [ -80.371312970803515, 25.752956622379767 ], [ -80.371311625884132, 25.752964106945793 ], [ -80.371275128250588, 25.752966203800465 ], [ -80.371253517121914, 25.752985963635215 ], [ -80.371227152584339, 25.752981922838586 ], [ -80.371223117802387, 25.753004376530971 ], [ -80.371240694164868, 25.753007070396652 ], [ -80.37123934923855, 25.753014554960551 ], [ -80.371283290153116, 25.753021289611901 ] ] ] } },
{ "type": "Feature", "properties": { "hotspot_id": "fiu_hs_154", "area_m2": 98.407453441663634, "depth_max_m": 0.21081423759460449, "depth_mean_m": 0.16987924357406967, "building_frac": 0.0, "lots": "W5&W6 Parking Lot", "roads": null }, "geometry": { "type": "Polygon", "coordinates": [ [ [ -80.381886499466376, 25.756330036812592 ], [ -80.38188784353548, 25.756322552187932 ], [ -80.381905420889737, 25.756325244203747 ], [ -80.381927030442313, 25.756305482340359 ], [ -80.381944607794338, 25.756308174349609 ], [ -80.381945951858171, 25.756300689723659 ], [ -80.381964873271968, 25.756295897103413 ], [ -80.381971593579237, 25.756258473968945 ], [ -80.381962804907658, 25.756257127966776 ], [ -80.381956704360562, 25.756240812709024 ], [ -80.381928994288415, 25.756244259323505 ], [ -80.381915449145893, 25.75621911342914 ], [ -80.381887739078991, 25.756222560032736 ], [ -80.381876262275398, 25.756236183276972 ], [ -80.381867473607514, 25.756234837266579 ], [ -80.381864785468252, 25.756249806519349 ], [ -80.38185599679916, 25.756248460508026 ], [ -80.38185330865754, 25.756263429759858 ], [ -80.381862097328067, 25.756264775771342 ], [ -80.381860753257641, 25.756272260397051 ], [ -80.38185196458636, 25.756270914385485 ], [ -80.381846588299439, 25.756300852886032 ], [ -80.381871610252674, 25.756312375544379 ], [ -80.381868922111749, 25.75632734479359 ], [ -80.381886499466376, 25.756330036812592 ] ] ] } },
{ "type": "Feature", "properties": { "hotspot_id": "fiu_hs_155", "area_m2": 70.612981858703648, "depth_max_m": 0.2101672887802124, "depth_mean_m": 0.17357276348357506, "building_frac": 0.0, "lots": null, "roads": null }, "geometry": { "type": "Polygon", "coordinates": [ [ [ -80.369617762287433, 25.753696582931401 ], [ -80.369629240661624, 25.753682960945238 ], [ -80.369734699374533, 25.753699125692727 ], [ -80.369737389504536, 25.753684156636403 ], [ -80.369728601278439, 25.753682809578443 ], [ -80.369722503184619, 25.753666493462966 ], [ -80.369704926736674, 25.753663799343581 ], [ -80.369706271803793, 25.75365631481505 ], [ -80.369688695358406, 25.75365362069282 ], [ -80.369690040426747, 25.753646136164303 ], [ -80.369654887542097, 25.753640747911081 ], [ -80.369652197399347, 25.753655716967302 ], [ -80.369634620955722, 25.753653022835813 ], [ -80.369648789464904, 25.753624431789053 ], [ -80.369629867954671, 25.753629222185069 ], [ -80.369627177807999, 25.753644191241154 ], [ -80.369618389587586, 25.753642844173619 ], [ -80.369617044513191, 25.753650328701308 ], [ -80.369555526972775, 25.753640899206708 ], [ -80.369561625033782, 25.753657215333405 ], [ -80.369579201476, 25.753659909477328 ], [ -80.369592742688965, 25.753685057198428 ], [ -80.369617762287433, 25.753696582931401 ] ] ] } },
{ "type": "Feature", "properties": { "hotspot_id": "fiu_hs_156", "area_m2": 68.359376053796893, "depth_max_m": 0.20550906658172607, "depth_mean_m": 0.16766305022187286, "building_frac": 0.0, "lots": "East of PAC Parking Lot", "roads": null }, "geometry": { "type": "Polygon", "coordinates": [ [ [ -80.369511490422141, 25.752780479918997 ], [ -80.369512835492216, 25.752772995372148 ], [ -80.369574352419704, 25.752782424918095 ], [ -80.369585830681089, 25.75276880289746 ], [ -80.369620983212272, 25.752774191189097 ], [ -80.369623673333322, 25.752759222092038 ], [ -80.36964869267193, 25.752770747851205 ], [ -80.369650037730153, 25.752763263302338 ], [ -80.369695323451324, 25.752762514088218 ], [ -80.369696668505441, 25.75275502953852 ], [ -80.369687880373007, 25.752753682473141 ], [ -80.369689225427621, 25.752746197923344 ], [ -80.369636496643011, 25.752738115515594 ], [ -80.369635151584021, 25.752745600064877 ], [ -80.36961757532319, 25.752742905922752 ], [ -80.369616230262494, 25.752750390471693 ], [ -80.369556058418752, 25.75273347640146 ], [ -80.369554713352969, 25.752740960949815 ], [ -80.369528348967208, 25.752736919714824 ], [ -80.369527003899023, 25.752744404262728 ], [ -80.369509427641745, 25.752741710102114 ], [ -80.369508082571841, 25.752749194649663 ], [ -80.369480373113461, 25.752752637949921 ], [ -80.369477682968167, 25.752767607043541 ], [ -80.369486471098782, 25.752768954126829 ], [ -80.369485126026518, 25.752776438673415 ], [ -80.369511490422141, 25.752780479918997 ] ] ] } },
{ "type": "Feature", "properties": { "hotspot_id": "fiu_hs_157", "area_m2": 54.086539296435248, "depth_max_m": 0.20388698577880859, "depth_mean_m": 0.17295112874772814, "building_frac": 0.0, "lots": null, "roads": null }, "geometry": { "type": "Polygon", "coordinates": [ [ [ -80.375078185060573, 25.754717982389359 ], [ -80.375079529685621, 25.754710497815548 ], [ -80.375098451131493, 25.7547057064338 ], [ -80.375107863488608, 25.754653314409079 ], [ -80.375099075083043, 25.754651967813906 ], [ -80.375104453570671, 25.754622029510099 ], [ -80.375113241973324, 25.754623376104973 ], [ -80.37511593121431, 25.754608406951725 ], [ -80.375098354412202, 25.754605713761595 ], [ -80.375101043655192, 25.754590744607931 ], [ -80.375092255256007, 25.754589398011895 ], [ -80.375088221389007, 25.75461185174186 ], [ -80.375069299962803, 25.754616643123132 ], [ -80.375066610713617, 25.754631612274768 ], [ -80.375075399116625, 25.754632958872811 ], [ -80.375074054492416, 25.754640443448395 ], [ -80.375065266088669, 25.754639096850276 ], [ -80.375059887586616, 25.75466903515041 ], [ -80.375051099180212, 25.754667688551194 ], [ -80.375043031415871, 25.754712595995052 ], [ -80.375078185060573, 25.754717982389359 ] ] ] } },
{ "type": "Feature", "properties": { "hotspot_id": "fiu_hs_158", "area_m2": 64.60336638086693, "depth_max_m": 0.20353305339813232, "depth_mean_m": 0.16979469254959462, "building_frac": 0.0, "lots": null, "roads": null }, "geometry": { "type": "Polygon", "coordinates": [ [ [ -80.3746779164331, 25.760916745147213 ], [ -80.374679261187268, 25.760909260725054 ], [ -80.374696839239022, 25.760911953933181 ], [ -80.374699528743747, 25.760896985087946 ], [ -80.374717106793682, 25.760899678292716 ], [ -80.374718451544226, 25.76089219386964 ], [ -80.37475764188595, 25.760875126998389 ], [ -80.374771809892096, 25.760846535898065 ], [ -80.37473665381124, 25.760841149503282 ], [ -80.37471504152272, 25.760860909573829 ], [ -80.374688674459975, 25.760856869764524 ], [ -80.374690019212309, 25.760849385340794 ], [ -80.374663652154197, 25.760845345524931 ], [ -80.374664996908464, 25.760837861101276 ], [ -80.374656207890368, 25.760836514494567 ], [ -80.374654863135348, 25.760843998918133 ], [ -80.374609573286335, 25.760844750295753 ], [ -80.374606883767868, 25.760859719141102 ], [ -80.374633250827699, 25.760863758971329 ], [ -80.37463190607032, 25.760871243393957 ], [ -80.374674506425094, 25.760885460852464 ], [ -80.374669127406904, 25.760915398541936 ], [ -80.3746779164331, 25.760916745147213 ] ], [ [ -80.37473127481698, 25.760871087200172 ], [ -80.374722485794535, 25.760869740599265 ], [ -80.37472383054417, 25.760862256175415 ], [ -80.37473261956589, 25.760863602776258 ], [ -80.37473127481698, 25.760871087200172 ] ] ] } },
{ "type": "Feature", "properties": { "hotspot_id": "fiu_hs_159", "area_m2": 54.086539295801344, "depth_max_m": 0.20306861400604248, "depth_mean_m": 0.17109967602623832, "building_frac": 0.0, "lots": null, "roads": null }, "geometry": { "type": "Polygon", "coordinates": [ [ [ -80.371047850738861, 25.758653198950277 ], [ -80.371049195767924, 25.758645714522086 ], [ -80.371066773254896, 25.758648408369485 ], [ -80.371070808336327, 25.758625955083279 ], [ -80.371053230853732, 25.758623261236384 ], [ -80.371054575881871, 25.75861577680741 ], [ -80.371038343431195, 25.758605598528654 ], [ -80.371041033489249, 25.758590629670095 ], [ -80.371032244751817, 25.758589282744342 ], [ -80.37103493481041, 25.758574313885163 ], [ -80.371026146074698, 25.758572966958798 ], [ -80.371020047399853, 25.758556651172078 ], [ -80.37097744876759, 25.758542432096316 ], [ -80.370973413666121, 25.758564885384779 ], [ -80.370982202400199, 25.75856623231568 ], [ -80.370979512332866, 25.758581201173865 ], [ -80.370988301068692, 25.758582548104158 ], [ -80.370984265968133, 25.758605001390197 ], [ -80.371001843444944, 25.758607695249054 ], [ -80.370999153379685, 25.758622664105776 ], [ -80.371024174570522, 25.758634189317178 ], [ -80.371021484508248, 25.758649158173242 ], [ -80.371047850738861, 25.758653198950277 ] ] ] } },
{ "type": "Feature", "properties": { "hotspot_id": "fiu_hs_160", "area_m2": 66.856972185458417, "depth_max_m": 0.20261549949645996, "depth_mean_m": 0.17073172665713879, "building_frac": 0.0, "lots": "East of PAC Parking Lot", "roads": null }, "geometry": { "type": "Polygon", "coordinates": [ [ [ -80.3695812586042, 25.752944988675697 ], [ -80.36958260367085, 25.752937504131825 ], [ -80.369608968119351, 25.752941545350382 ], [ -80.369620446396155, 25.752927923332685 ], [ -80.369665732202535, 25.752927174132001 ], [ -80.369667077261695, 25.752919689586605 ], [ -80.369675865410443, 25.752921036653063 ], [ -80.369678555526633, 25.752906067561501 ], [ -80.369634614792901, 25.752899332222444 ], [ -80.369635959854307, 25.752891847676786 ], [ -80.369618383564159, 25.752889153536042 ], [ -80.369617038501303, 25.752896638081527 ], [ -80.369608250355896, 25.752895291009935 ], [ -80.36960959541949, 25.752887806464514 ], [ -80.369600807275091, 25.752886459392258 ], [ -80.369599462210772, 25.752893943937597 ], [ -80.369581885921335, 25.752891249790622 ], [ -80.369580540855324, 25.752898734335581 ], [ -80.369564309632949, 25.752888555640627 ], [ -80.369552831352564, 25.752902177653723 ], [ -80.369525121847644, 25.752905620964377 ], [ -80.369522431705292, 25.752920590051932 ], [ -80.36950485541287, 25.752917895892033 ], [ -80.369502165266695, 25.752932864978479 ], [ -80.369519741562016, 25.752935559138702 ], [ -80.369521086633767, 25.752928074595431 ], [ -80.369529874781122, 25.752929421674331 ], [ -80.369528529710095, 25.752936906217691 ], [ -80.3695812586042, 25.752944988675697 ] ] ] } },
{ "type": "Feature", "properties": { "hotspot_id": "fiu_hs_161", "area_m2": 105.16827085385523, "depth_max_m": 0.19749331474304199, "depth_mean_m": 0.16688526698521206, "building_frac": 0.0, "lots": null, "roads": null }, "geometry": { "type": "Polygon", "coordinates": [ [ [ -80.378769292882026, 25.757244560468372 ], [ -80.378771981579732, 25.757229591343464 ], [ -80.378780770299755, 25.757230937614008 ], [ -80.378786147689524, 25.757200999361547 ], [ -80.378777358972414, 25.75719965309132 ], [ -80.37878739111126, 25.757093522914531 ], [ -80.378771158045353, 25.757083345806663 ], [ -80.37877519108369, 25.757060892107511 ], [ -80.378783979786874, 25.757062238378516 ], [ -80.378785324131812, 25.757054753811659 ], [ -80.378776535429353, 25.757053407540756 ], [ -80.378779224119967, 25.757038438406635 ], [ -80.378770435419241, 25.757037092135135 ], [ -80.378771779764932, 25.757029607567851 ], [ -80.378780568464933, 25.757030953839287 ], [ -80.378784601498467, 25.757008500136056 ], [ -80.378775812800654, 25.757007153864887 ], [ -80.378779845834302, 25.75698470016015 ], [ -80.378771057138948, 25.75698335388849 ], [ -80.378773745828369, 25.756968384751204 ], [ -80.37876495713472, 25.75696703847894 ], [ -80.378767645824681, 25.756952069341033 ], [ -80.37875885713278, 25.756950723068204 ], [ -80.378749446708838, 25.757003115046878 ], [ -80.37875823540584, 25.757004461320292 ], [ -80.378740758883907, 25.757101760685075 ], [ -80.378749547590644, 25.757103106958834 ], [ -80.378745514543795, 25.757125560653982 ], [ -80.378754303253004, 25.757126906927226 ], [ -80.378751614555426, 25.757141876056515 ], [ -80.378732692783771, 25.75714666807313 ], [ -80.378728659730626, 25.757169121764527 ], [ -80.378753681522028, 25.757180645149415 ], [ -80.378725349278625, 25.75723782910347 ], [ -80.378742926719184, 25.757240521651713 ], [ -80.378744271070332, 25.757233037089595 ], [ -80.378769292882026, 25.757244560468372 ] ] ] } },
{ "type": "Feature", "properties": { "hotspot_id": "fiu_hs_162", "area_m2": 54.08653929643522, "depth_max_m": 0.19661092758178711, "depth_mean_m": 0.16623278458913168, "building_frac": 0.0, "lots": null, "roads": null }, "geometry": { "type": "Polygon", "coordinates": [ [ [ -80.369764486592516, 25.75524182748838 ], [ -80.369765831678748, 25.755234342996381 ], [ -80.369784753527625, 25.755229552599641 ], [ -80.369787443696012, 25.755214583614336 ], [ -80.369796232076396, 25.755215930660768 ], [ -80.36979892224241, 25.755200961674518 ], [ -80.369790133863475, 25.755199614628246 ], [ -80.36979416911295, 25.755177161147675 ], [ -80.369785380736488, 25.755175814100898 ], [ -80.369789415986091, 25.755153360618824 ], [ -80.369780627612073, 25.755152013571539 ], [ -80.369781972695534, 25.755144529077196 ], [ -80.369808337816224, 25.755148570216512 ], [ -80.369811027978102, 25.755133601226767 ], [ -80.369819816350727, 25.755134948271522 ], [ -80.369821161430593, 25.755127463776276 ], [ -80.369777219573749, 25.755120728545343 ], [ -80.36976574103447, 25.755134350486205 ], [ -80.369739375920034, 25.755130309335801 ], [ -80.369736685746034, 25.755145278323827 ], [ -80.369745474118702, 25.755146625374877 ], [ -80.369741438858171, 25.755169078855719 ], [ -80.369765113813884, 25.755188088991854 ], [ -80.369763768728305, 25.755195573484929 ], [ -80.36975498035045, 25.755194226435655 ], [ -80.369748254915493, 25.755231648897727 ], [ -80.369764486592516, 25.75524182748838 ] ] ] } },
{ "type": "Feature", "properties": { "hotspot_id": "fiu_hs_163", "area_m2": 68.359376054200823, "depth_max_m": 0.19465208053588867, "depth_mean_m": 0.1674719485607776, "building_frac": 0.0, "lots": "East of PAC Parking Lot", "roads": null }, "geometry": { "type": "Polygon", "coordinates": [ [ [ -80.371374929321973, 25.752712325436505 ], [ -80.371376274232105, 25.752704840863682 ], [ -80.371395195447732, 25.752700050132542 ], [ -80.371397885263917, 25.7526850809856 ], [ -80.371406673415734, 25.75268642790525 ], [ -80.371410708136111, 25.752663974183108 ], [ -80.371393131837124, 25.752661280343567 ], [ -80.371394476744911, 25.752653795769309 ], [ -80.371322826651948, 25.752650504955131 ], [ -80.371311348675633, 25.752664127174629 ], [ -80.371274851166817, 25.752666224031191 ], [ -80.371272161330225, 25.752681193175814 ], [ -80.371263373180994, 25.752679846244654 ], [ -80.371262028261626, 25.752687330816585 ], [ -80.371279604561806, 25.752690024678291 ], [ -80.371278259643674, 25.752697509250211 ], [ -80.371295835946384, 25.752700203109065 ], [ -80.371297180863067, 25.752692718536998 ], [ -80.371305969014102, 25.752694065465207 ], [ -80.371304624098144, 25.752701550037361 ], [ -80.371374929321973, 25.752712325436505 ] ] ] } },
{ "type": "Feature", "properties": { "hotspot_id": "fiu_hs_164", "area_m2": 120.94351148125978, "depth_max_m": 0.19412457942962646, "depth_mean_m": 0.17105787289068566, "building_frac": 0.0, "lots": "North of OE Parking Lot", "roads": null }, "geometry": { "type": "Polygon", "coordinates": [ [ [ -80.372742644415283, 25.75882063440071 ], [ -80.372736545404109, 25.758804318728451 ], [ -80.372718967834658, 25.758801625167585 ], [ -80.372720312723473, 25.758794140721072 ], [ -80.372676368808229, 25.758787406806078 ], [ -80.372681748375783, 25.758757469019734 ], [ -80.372697981045164, 25.758767647034379 ], [ -80.372700670825097, 25.758752678140091 ], [ -80.37269188204597, 25.758751331356756 ], [ -80.37268578304905, 25.758735015677924 ], [ -80.372668205495032, 25.75873232210779 ], [ -80.372669550387116, 25.75872483766031 ], [ -80.372644528954368, 25.75871331285223 ], [ -80.372645873848171, 25.758705828404612 ], [ -80.372654662622054, 25.758707175192072 ], [ -80.372660042192095, 25.758677237399279 ], [ -80.372651253421139, 25.75867589061215 ], [ -80.372653943206231, 25.758660921714739 ], [ -80.372636365668043, 25.758658228138543 ], [ -80.372633675880024, 25.758673197035623 ], [ -80.372591076929766, 25.75865897863304 ], [ -80.372583007539717, 25.758703885318241 ], [ -80.372599240187711, 25.758714063350187 ], [ -80.372596550391663, 25.75872903224364 ], [ -80.372587761616487, 25.758727685451301 ], [ -80.372582382018706, 25.758757623235553 ], [ -80.372591170796781, 25.758758970028229 ], [ -80.372587136098232, 25.758781423364624 ], [ -80.372692601482512, 25.758797584820599 ], [ -80.372691256591281, 25.758805069266682 ], [ -80.372717622945615, 25.758809109613903 ], [ -80.37271627805633, 25.758816594060022 ], [ -80.372742644415283, 25.75882063440071 ] ] ] } },
{ "type": "Feature", "properties": { "hotspot_id": "fiu_hs_165", "area_m2": 60.096154772669152, "depth_max_m": 0.19345510005950928, "depth_mean_m": 0.16444542407989501, "building_frac": 0.0, "lots": "East of PAC Parking Lot", "roads": null }, "geometry": { "type": "Polygon", "coordinates": [ [ [ -80.370365821033332, 25.752749926477108 ], [ -80.370367166030078, 25.752742441918357 ], [ -80.370384742313831, 25.752745135932461 ], [ -80.370386087308916, 25.752737651373355 ], [ -80.370431373010561, 25.752736901835252 ], [ -80.370452984263011, 25.752717142157621 ], [ -80.370435407982768, 25.752714448154951 ], [ -80.370436752973049, 25.752706963594463 ], [ -80.370409043564422, 25.752710407145255 ], [ -80.370410388556877, 25.752702922585012 ], [ -80.370357659731866, 25.752694840545701 ], [ -80.370356314735034, 25.752702325105435 ], [ -80.370321162187494, 25.752696937063778 ], [ -80.370318472187307, 25.752711906182018 ], [ -80.370309684049644, 25.75271055916954 ], [ -80.370308339048478, 25.752718043728276 ], [ -80.370290762772498, 25.752715349700889 ], [ -80.370288072766556, 25.752730318817477 ], [ -80.3703144371853, 25.752734359857914 ], [ -80.37031309218419, 25.752741844416153 ], [ -80.370339456607539, 25.752745885450029 ], [ -80.370340801606474, 25.752738400891538 ], [ -80.370349589747406, 25.752739747901234 ], [ -80.370348244749195, 25.752747232459814 ], [ -80.370365821033332, 25.752749926477108 ] ] ] } },
{ "type": "Feature", "properties": { "hotspot_id": "fiu_hs_166", "area_m2": 114.93389600285805, "depth_max_m": 0.18524062633514404, "depth_mean_m": 0.16358359343086193, "building_frac": 0.0, "lots": "W7 Parking Lot", "roads": null }, "geometry": { "type": "Polygon", "coordinates": [ [ [ -80.382599002606469, 25.756385322669001 ], [ -80.382601690624654, 25.756370353403454 ], [ -80.38265307878045, 25.756385913708183 ], [ -80.382659798801157, 25.756348490539388 ], [ -80.382633432728497, 25.756344452708106 ], [ -80.382647597437398, 25.756315860114739 ], [ -80.382638808749704, 25.756314514170544 ], [ -80.382645528771036, 25.756277090994253 ], [ -80.382636740087236, 25.756275745049734 ], [ -80.382639428095629, 25.756260775778031 ], [ -80.382664450141519, 25.75627229824503 ], [ -80.382667138145095, 25.756257328972431 ], [ -80.382596828695512, 25.756246561409128 ], [ -80.382595484688025, 25.756254046044877 ], [ -80.382567774636797, 25.756257492831192 ], [ -80.382565086616282, 25.756272462101187 ], [ -80.382556297934187, 25.75627111614979 ], [ -80.382549577875267, 25.756308539320969 ], [ -80.382558366561, 25.756309885272788 ], [ -80.382555678537287, 25.756324854540065 ], [ -80.382573255912476, 25.756327546441799 ], [ -80.38256787986812, 25.756357484974671 ], [ -80.382576668559039, 25.756358830924736 ], [ -80.382572636525552, 25.756381284822609 ], [ -80.382599002606469, 25.756385322669001 ] ], [ [ -80.382611823325405, 25.756364214717411 ], [ -80.382586801260203, 25.756352692240949 ], [ -80.382588145269949, 25.756345207607666 ], [ -80.382615855348078, 25.756341760816806 ], [ -80.382611823325405, 25.756364214717411 ] ] ] } }
]
}
